EmployeeKey,EmployeeID,Age,Gender,MaritalStatus,Department,JobRole,DistanceFromHome,Education,EducationField,BusinessTravel,Attrition,MonthlyIncome,PercentSalaryHike,StockOptionLevel,PerformanceRating,JobSatisfaction,EnvironmentSatisfaction,WorkLifeBalance,JobInvolvement,RelationshipSatisfaction,OverTime,JobLevel,YearsAtCompany,YearsInCurrentRole,YearsSinceLastPromotion,YearsWithCurrManager,ManagerChangesLast2Yrs,NumCompaniesWorked,TotalWorkingYears,TrainingTimesLastYear,MonthlyIncome_was_missing,YearsSinceLastPromotion_was_missing,ManagerChangesLast2Yrs_was_missing
100000,E100000,56,Female,Married,Research & Development,Research Scientist,24,3,Other,Travel_Rarely,Yes,11577.0,13.0,0.0,3.0,3.0,4.0,1.0,3.0,4.0,No,3,4,3,0.0,2,1.0,1,7,3,0,0,0
100001,E100001,46,Female,Divorced,Sales,Sales Representative,13,3,Medical,Travel_Rarely,No,11202.0,20.0,1.0,3.0,4.0,1.0,1.0,2.0,4.0,No,2,1,0,0.0,0,0.0,0,13,5,0,0,0
100002,E100002,32,Female,Married,Research & Development,Healthcare Representative,26,3,Life Sciences,Travel_Rarely,No,6823.0,15.0,2.0,4.0,2.0,3.0,4.0,3.0,3.0,No,1,8,3,2.0,4,0.0,6,11,2,0,0,0
100003,E100003,60,Female,Married,Research & Development,Manager,29,1,Human Resources,Travel_Frequently,No,17324.0,23.0,1.0,3.0,4.0,1.0,1.0,4.0,4.0,No,5,0,0,0.0,0,0.0,0,12,4,0,0,0
100004,E100004,25,Female,Married,Research & Development,Manufacturing Director,19,4,Life Sciences,Travel_Rarely,No,14529.0,23.0,2.0,3.0,3.0,4.0,2.0,4.0,1.0,Yes,3,5,3,0.0,2,0.0,2,8,6,0,0,0
100005,E100005,38,Female,Single,Sales,Manager,17,2,Medical,Travel_Rarely,No,12553.0,17.0,0.0,3.0,1.0,4.0,2.0,2.0,3.0,Yes,3,0,0,0.0,0,0.0,3,2,0,0,0,0
100006,E100006,56,Female,Married,Sales,Sales Representative,11,3,Human Resources,Travel_Rarely,No,9702.0,18.0,1.0,3.0,1.0,1.0,1.0,3.0,2.0,No,2,4,2,0.0,2,0.0,1,11,1,0,0,0
100007,E100007,36,Female,Married,Research & Development,Healthcare Representative,28,3,Human Resources,Travel_Rarely,Yes,15956.0,17.0,0.0,3.0,1.0,4.0,4.0,2.0,1.0,No,4,9,8,1.0,4,0.0,6,12,1,0,0,0
100008,E100008,40,Unknown,Single,Research & Development,Healthcare Representative,28,1,Other,Non-Travel,No,18910.0,17.0,3.0,3.0,4.0,1.0,3.0,3.0,2.0,No,5,7,3,0.0,1,0.0,4,14,5,0,0,0
100009,E100009,28,Female,Married,Sales,Sales Representative,8,2,Life Sciences,Travel_Frequently,No,16753.0,21.0,1.0,3.0,2.0,1.0,3.0,1.0,4.0,No,4,6,4,1.0,2,1.0,0,14,3,0,0,0
100010,E100010,28,Female,Married,Sales,Sales Representative,23,4,Other,Travel_Rarely,Yes,11850.0,25.0,2.0,4.0,1.0,2.0,1.0,2.0,3.0,Yes,3,3,2,0.0,1,0.0,7,3,3,0,0,0
100011,E100011,41,Male,Divorced,Research & Development,Laboratory Technician,29,5,Technical Degree,Travel_Frequently,No,18563.0,12.0,3.0,3.0,1.0,4.0,3.0,2.0,1.0,No,4,11,6,1.0,5,2.0,9,25,2,0,0,0
100012,E100012,53,Female,Divorced,Research & Development,Research Scientist,5,1,Life Sciences,Travel_Rarely,No,7076.0,16.0,2.0,4.0,1.0,4.0,4.0,3.0,3.0,No,1,4,3,2.0,3,0.0,6,7,3,0,0,0
100013,E100013,57,Female,Single,Human Resources,Human Resources,10,4,Life Sciences,Travel_Rarely,No,21615.0,15.0,3.0,4.0,1.0,2.0,2.0,2.0,1.0,No,5,12,5,3.0,3,0.0,3,17,4,0,0,0
100014,E100014,41,Male,Married,Research & Development,Healthcare Representative,7,5,Technical Degree,Travel_Rarely,Yes,15482.0,21.0,2.0,3.0,3.0,2.0,2.0,1.0,1.0,No,4,3,1,0.0,0,2.0,1,10,1,0,0,0
100015,E100015,20,Female,Married,Research & Development,Healthcare Representative,10,3,Medical,Travel_Rarely,No,7685.0,25.0,2.0,3.0,3.0,2.0,4.0,3.0,1.0,No,1,3,2,1.0,1,0.0,6,16,2,0,0,0
100016,E100016,39,Male,Divorced,Sales,Manager,4,3,Medical,Travel_Rarely,Yes,13611.0,,,,,,,,,,2,1,0,0.0,0,1.0,1,6,6,1,0,0
100017,E100017,19,Male,Single,Research & Development,Laboratory Technician,9,2,Human Resources,Travel_Frequently,Yes,14780.0,22.0,3.0,3.0,3.0,4.0,1.0,3.0,1.0,No,4,3,2,0.0,1,1.0,5,14,3,0,0,0
100018,E100018,41,Female,Married,Research & Development,Laboratory Technician,27,5,Unknown,Travel_Frequently,No,16683.0,20.0,0.0,3.0,3.0,1.0,2.0,1.0,1.0,Yes,5,0,0,0.0,0,0.0,0,5,0,0,0,0
100019,E100019,47,Male,Married,Research & Development,Manager,26,3,Other,Non-Travel,No,8114.0,21.0,0.0,3.0,3.0,1.0,3.0,1.0,3.0,No,1,10,5,5.0,3,0.0,6,19,1,0,0,0
100020,E100020,55,Female,Single,Research & Development,Laboratory Technician,14,3,Marketing,Non-Travel,No,16938.0,14.0,0.0,3.0,4.0,1.0,3.0,2.0,2.0,Yes,4,5,2,2.0,3,0.0,6,8,2,0,0,0
100021,E100021,19,Female,Single,Sales,Manager,2,2,Human Resources,Travel_Rarely,No,11746.0,22.0,0.0,3.0,3.0,4.0,2.0,3.0,4.0,Yes,2,25,6,11.0,20,0.0,3,33,1,0,0,0
100022,E100022,38,Male,Married,Sales,Manager,25,4,Marketing,Travel_Rarely,No,17198.0,17.0,2.0,4.0,4.0,3.0,2.0,1.0,3.0,Yes,4,0,0,0.0,0,1.0,3,6,4,0,0,0
100023,E100023,50,Male,Married,Research & Development,Manufacturing Director,9,3,Unknown,Travel_Rarely,Yes,7703.0,21.0,0.0,4.0,4.0,4.0,1.0,4.0,3.0,Yes,1,1,0,0.0,0,1.0,9,14,5,0,0,0
100024,E100024,29,Male,Single,Sales,Manager,21,1,Life Sciences,Non-Travel,No,19947.0,18.0,0.0,3.0,3.0,4.0,4.0,2.0,1.0,No,4,10,4,4.0,4,0.0,4,20,3,0,0,0
100025,E100025,39,Female,Married,Sales,Sales Executive,27,1,Technical Degree,Travel_Rarely,No,17419.0,24.0,0.0,4.0,4.0,4.0,3.0,1.0,3.0,No,5,2,0,0.0,1,0.0,1,7,5,0,0,0
100026,E100026,42,Female,Married,Human Resources,Manager,1,4,Technical Degree,Travel_Rarely,No,13399.0,16.0,2.0,3.0,1.0,4.0,1.0,1.0,3.0,No,3,3,1,0.0,0,0.0,8,3,6,0,0,0
100027,E100027,44,Female,Married,Research & Development,Manufacturing Director,23,5,Human Resources,Travel_Frequently,No,6038.0,13.0,3.0,3.0,2.0,4.0,2.0,1.0,4.0,No,1,9,8,0.0,6,1.0,9,10,3,0,0,0
100028,E100028,59,Male,Single,Research & Development,Laboratory Technician,10,2,Human Resources,Travel_Rarely,No,7524.0,21.0,2.0,3.0,3.0,3.0,4.0,2.0,3.0,Yes,1,3,2,1.0,1,0.0,3,14,3,0,0,0
100029,E100029,45,Female,Divorced,Research & Development,Manufacturing Director,10,1,Human Resources,Non-Travel,No,6519.0,15.0,2.0,3.0,3.0,2.0,4.0,1.0,1.0,No,1,1,0,0.0,0,0.0,8,6,6,0,0,0
100030,E100030,33,Male,Single,Human Resources,Manager,20,1,Life Sciences,Travel_Frequently,Yes,7944.0,11.0,2.0,3.0,2.0,1.0,3.0,1.0,4.0,Yes,1,11,9,6.0,9,0.0,2,21,0,0,0,0
100031,E100031,32,Female,Married,Research & Development,Manager,25,4,Marketing,Travel_Rarely,No,18735.0,24.0,3.0,3.0,3.0,4.0,4.0,4.0,3.0,Yes,4,0,0,0.0,0,1.0,8,14,4,0,0,0
100032,E100032,20,Male,Single,Research & Development,Laboratory Technician,22,5,Other,Travel_Rarely,No,16872.0,23.0,0.0,3.0,3.0,4.0,2.0,4.0,1.0,Yes,5,11,10,4.0,10,1.0,0,11,0,0,0,0
100033,E100033,54,Female,Single,Research & Development,Manufacturing Director,29,5,Human Resources,Travel_Rarely,No,10644.0,18.0,0.0,3.0,2.0,4.0,2.0,4.0,4.0,No,2,0,0,0.0,0,0.0,6,14,6,0,0,0
100034,E100034,24,Male,Married,Research & Development,Healthcare Representative,3,4,Human Resources,Travel_Frequently,No,19016.0,22.0,3.0,4.0,4.0,1.0,2.0,1.0,3.0,Yes,5,5,2,0.0,3,0.0,3,19,4,0,0,0
100035,E100035,38,Female,Single,Research & Development,Laboratory Technician,6,1,Life Sciences,Travel_Rarely,Yes,7404.0,22.0,3.0,4.0,1.0,3.0,1.0,4.0,1.0,No,1,0,0,0.0,0,1.0,6,10,4,0,0,0
100036,E100036,26,Male,Divorced,Research & Development,Laboratory Technician,29,2,Other,Non-Travel,No,14238.0,22.0,1.0,3.0,4.0,1.0,2.0,3.0,4.0,No,4,6,2,1.0,5,0.0,9,10,6,0,0,0
100037,E100037,56,Female,Single,Research & Development,Healthcare Representative,26,1,Life Sciences,Travel_Frequently,No,16821.0,21.0,0.0,3.0,1.0,3.0,1.0,4.0,1.0,No,4,0,0,0.0,0,0.0,5,0,4,0,0,0
100038,E100038,35,Female,Married,Research & Development,Laboratory Technician,6,5,Other,Travel_Rarely,No,9053.0,12.0,2.0,3.0,2.0,2.0,2.0,4.0,4.0,No,1,9,7,2.0,2,0.0,3,21,3,0,0,0
100039,E100039,21,Male,Married,Sales,Manager,21,1,Life Sciences,Travel_Frequently,No,17487.0,23.0,2.0,3.0,4.0,4.0,2.0,1.0,3.0,No,4,3,2,0.0,1,0.0,3,5,6,0,0,0
100040,E100040,42,Female,Single,Research & Development,Laboratory Technician,2,2,Marketing,Travel_Rarely,No,6288.0,20.0,0.0,3.0,4.0,3.0,4.0,3.0,2.0,No,1,0,0,0.0,0,0.0,7,11,3,0,0,0
100041,E100041,31,Female,Single,Sales,Manager,26,3,Human Resources,Travel_Frequently,Yes,21343.0,17.0,3.0,3.0,1.0,1.0,3.0,4.0,4.0,Yes,5,6,2,2.0,5,0.0,6,17,3,0,0,0
100042,E100042,26,Male,Married,Research & Development,Healthcare Representative,26,1,Medical,Travel_Rarely,Yes,11772.0,19.0,1.0,4.0,1.0,3.0,2.0,1.0,3.0,No,3,3,1,0.0,2,0.0,3,14,0,0,0,0
100043,E100043,43,Male,Married,Research & Development,Research Scientist,18,4,Medical,Travel_Frequently,Yes,17824.0,11.0,2.0,3.0,1.0,3.0,4.0,3.0,4.0,Yes,4,1,0,0.0,0,0.0,5,7,2,0,0,0
100044,E100044,19,Female,Married,Research & Development,Healthcare Representative,23,3,Human Resources,Travel_Frequently,No,6593.0,23.0,1.0,3.0,1.0,2.0,4.0,4.0,2.0,No,1,0,0,0.0,0,0.0,5,4,5,0,0,0
100045,E100045,37,Male,Married,Research & Development,Manufacturing Director,2,4,Human Resources,Travel_Frequently,No,7691.0,14.0,2.0,3.0,3.0,4.0,3.0,1.0,1.0,No,1,2,1,0.0,1,1.0,0,16,6,0,0,0
100046,E100046,45,Male,Married,Research & Development,Manager,12,4,Human Resources,Travel_Rarely,No,17769.0,17.0,2.0,3.0,2.0,4.0,4.0,3.0,2.0,No,4,0,0,0.0,0,1.0,1,11,6,0,0,0
100047,E100047,24,Male,Single,Research & Development,Healthcare Representative,22,4,Human Resources,Travel_Frequently,Yes,9292.0,24.0,0.0,3.0,1.0,1.0,4.0,4.0,2.0,No,2,0,0,0.0,0,1.0,3,14,6,0,0,0
100048,E100048,25,Female,Married,Research & Development,Manager,5,1,Other,Travel_Rarely,No,6959.0,19.0,2.0,3.0,4.0,1.0,3.0,3.0,1.0,Yes,1,1,0,0.0,0,1.0,5,10,4,0,0,0
100049,E100049,52,Male,Divorced,Research & Development,Manager,20,5,Marketing,Non-Travel,No,14791.0,12.0,1.0,3.0,4.0,2.0,1.0,3.0,2.0,No,4,4,2,2.0,2,0.0,5,4,6,0,0,0
100050,E100050,31,Female,Married,Sales,Manager,7,3,Medical,Travel_Frequently,Yes,6919.0,12.0,1.0,3.0,4.0,3.0,3.0,1.0,3.0,No,1,3,2,0.0,2,1.0,0,3,6,0,0,0
100051,E100051,34,Female,Married,Sales,Manager,24,2,Technical Degree,Travel_Rarely,No,11713.0,16.0,0.0,3.0,1.0,3.0,3.0,2.0,4.0,No,2,0,0,0.0,0,1.0,7,14,0,0,0,0
100052,E100052,53,Female,Single,Sales,Manager,16,5,Medical,Travel_Rarely,No,16028.0,13.0,2.0,3.0,2.0,1.0,2.0,3.0,2.0,Yes,3,17,15,4.0,6,0.0,1,24,3,0,0,0
100053,E100053,57,Female,Married,Research & Development,Research Scientist,20,1,Medical,Travel_Rarely,No,12770.0,14.0,1.0,3.0,3.0,4.0,2.0,3.0,4.0,No,2,10,7,2.0,7,0.0,4,20,5,0,0,0
100054,E100054,21,Male,Married,Research & Development,Laboratory Technician,1,4,Life Sciences,Travel_Rarely,No,19252.0,13.0,3.0,3.0,1.0,3.0,1.0,3.0,4.0,No,5,1,0,0.0,0,1.0,3,14,3,0,0,0
100055,E100055,19,Female,Married,Research & Development,Healthcare Representative,1,2,Human Resources,Travel_Rarely,No,18753.0,23.0,0.0,4.0,1.0,2.0,3.0,3.0,1.0,No,4,0,0,0.0,0,1.0,4,12,2,0,0,0
100056,E100056,23,Male,Divorced,Sales,Manager,17,3,Human Resources,Travel_Rarely,No,10934.0,11.0,3.0,3.0,3.0,1.0,3.0,3.0,2.0,No,2,14,6,6.0,9,1.0,4,22,3,0,0,0
100057,E100057,59,Male,Single,Sales,Sales Representative,27,5,Human Resources,Travel_Rarely,No,14100.0,24.0,1.0,3.0,2.0,3.0,1.0,2.0,1.0,No,3,3,1,0.0,1,0.0,9,9,4,0,0,0
100058,E100058,21,Male,Single,Human Resources,Manager,1,5,Life Sciences,Travel_Rarely,No,7774.0,24.0,3.0,3.0,1.0,4.0,2.0,1.0,1.0,No,1,1,0,0.0,0,0.0,7,13,1,0,1,0
100059,E100059,46,Male,Married,Sales,Manager,21,2,Marketing,Travel_Frequently,No,13602.0,16.0,0.0,3.0,4.0,4.0,3.0,2.0,4.0,No,4,3,1,0.0,2,0.0,9,5,6,0,0,0
100060,E100060,35,Female,Divorced,Research & Development,Manager,20,1,Marketing,Travel_Rarely,No,10598.0,21.0,3.0,3.0,4.0,2.0,1.0,1.0,3.0,No,2,7,4,2.0,5,0.0,6,18,5,0,0,0
100061,E100061,43,Female,Single,Research & Development,Laboratory Technician,13,3,Technical Degree,Travel_Rarely,Yes,10869.0,21.0,1.0,3.0,1.0,2.0,2.0,2.0,4.0,No,3,0,0,0.0,0,0.0,8,5,6,0,0,0
100062,E100062,51,Male,Single,Research & Development,Research Scientist,9,2,Marketing,Travel_Rarely,No,11468.0,23.0,3.0,3.0,2.0,1.0,4.0,1.0,1.0,No,2,7,5,2.0,1,0.0,0,9,3,0,0,0
100063,E100063,27,Male,Single,Sales,Sales Representative,15,4,Marketing,Non-Travel,No,17999.0,12.0,3.0,3.0,4.0,1.0,1.0,4.0,2.0,Yes,5,6,3,0.0,2,0.0,5,15,2,0,0,0
100064,E100064,53,Female,Single,Sales,Sales Executive,3,3,Human Resources,Travel_Rarely,No,16225.0,12.0,3.0,3.0,4.0,4.0,1.0,3.0,3.0,No,4,3,1,0.0,2,0.0,5,6,5,0,0,1
100065,E100065,31,Male,Married,Sales,Sales Representative,14,5,Other,Non-Travel,No,8936.0,17.0,2.0,3.0,3.0,4.0,3.0,1.0,3.0,No,1,10,2,3.0,9,0.0,1,21,1,0,0,0
100066,E100066,48,Male,Married,Research & Development,Manufacturing Director,23,2,Medical,Travel_Rarely,No,11343.0,15.0,1.0,3.0,2.0,3.0,4.0,1.0,2.0,No,3,0,0,0.0,0,0.0,7,3,5,0,0,0
100067,E100067,32,Male,Married,Research & Development,Healthcare Representative,11,5,Marketing,Travel_Rarely,Yes,9576.0,18.0,3.0,3.0,1.0,3.0,2.0,3.0,2.0,Yes,2,4,1,0.0,3,0.0,5,6,6,0,0,1
100068,E100068,25,Female,Married,Sales,Sales Representative,24,5,Marketing,Travel_Rarely,Yes,17155.0,24.0,1.0,3.0,3.0,3.0,4.0,4.0,3.0,No,4,2,1,0.0,1,2.0,9,11,6,0,0,0
100069,E100069,31,Female,Single,Research & Development,Research Scientist,22,5,Life Sciences,Travel_Rarely,Yes,13611.0,,,,,,,,,,2,2,1,0.0,0,0.0,8,7,4,1,0,0
100070,E100070,40,Male,Single,Research & Development,Laboratory Technician,12,1,Technical Degree,Travel_Frequently,No,17228.0,23.0,0.0,3.0,3.0,2.0,3.0,1.0,3.0,No,4,1,0,0.0,0,2.0,9,5,4,0,0,0
100071,E100071,57,Male,Married,Sales,Manager,13,5,Other,Non-Travel,No,18739.0,20.0,0.0,3.0,2.0,3.0,2.0,1.0,3.0,Yes,5,2,0,0.0,1,1.0,4,12,4,0,0,0
100072,E100072,38,Unknown,Divorced,Research & Development,Healthcare Representative,26,4,Life Sciences,Travel_Rarely,No,9005.0,18.0,0.0,3.0,2.0,4.0,2.0,3.0,3.0,Yes,2,0,0,0.0,0,0.0,6,8,2,0,0,0
100073,E100073,33,Female,Divorced,Research & Development,Healthcare Representative,13,4,Human Resources,Travel_Frequently,No,19922.0,17.0,3.0,3.0,2.0,1.0,2.0,2.0,1.0,No,5,1,0,0.0,0,0.0,5,9,1,0,0,0
100074,E100074,35,Male,Single,Sales,Manager,1,3,Medical,Travel_Frequently,Yes,13611.0,23.0,1.0,3.0,1.0,2.0,3.0,3.0,2.0,No,3,1,0,0.0,0,0.0,4,3,4,1,0,0
100075,E100075,41,Female,Divorced,Research & Development,Research Scientist,24,5,Technical Degree,Travel_Rarely,No,23264.0,20.0,0.0,3.0,2.0,2.0,2.0,1.0,2.0,No,5,6,4,1.0,1,0.0,5,18,6,0,0,0
100076,E100076,43,Male,Divorced,Research & Development,Healthcare Representative,10,5,Life Sciences,Travel_Rarely,No,18113.0,24.0,2.0,3.0,3.0,3.0,2.0,1.0,2.0,No,4,0,0,0.0,0,0.0,3,8,3,0,0,0
100077,E100077,42,Male,Divorced,Research & Development,Research Scientist,3,2,Marketing,Non-Travel,No,14069.0,18.0,0.0,3.0,4.0,1.0,2.0,1.0,1.0,No,3,5,3,2.0,3,0.0,2,17,1,0,0,0
100078,E100078,58,Female,Married,Research & Development,Laboratory Technician,24,1,Marketing,Travel_Rarely,No,9903.0,21.0,0.0,3.0,1.0,2.0,1.0,4.0,1.0,No,2,1,0,0.0,0,0.0,0,12,4,0,0,0
100079,E100079,46,Male,Married,Research & Development,Research Scientist,28,3,Technical Degree,Travel_Rarely,No,8661.0,13.0,2.0,4.0,1.0,1.0,2.0,3.0,2.0,Yes,2,0,0,0.0,0,0.0,0,2,1,0,0,0
100080,E100080,32,Female,Single,Research & Development,Research Scientist,4,5,Marketing,Non-Travel,No,14679.0,18.0,0.0,4.0,1.0,2.0,3.0,4.0,4.0,Yes,4,1,0,0.0,0,0.0,5,4,5,0,0,0
100081,E100081,18,Male,Single,Research & Development,Healthcare Representative,16,2,Life Sciences,Travel_Frequently,Yes,5897.0,25.0,3.0,3.0,3.0,1.0,1.0,3.0,4.0,No,1,1,0,0.0,0,0.0,8,1,3,0,0,0
100082,E100082,42,Male,Single,Research & Development,Manager,8,1,Life Sciences,Travel_Rarely,No,7269.0,16.0,3.0,3.0,2.0,1.0,3.0,4.0,2.0,No,1,4,2,1.0,3,0.0,7,8,0,0,0,0
100083,E100083,24,Female,Single,Research & Development,Manager,16,3,Marketing,Non-Travel,No,9866.0,12.0,0.0,3.0,3.0,2.0,4.0,2.0,4.0,No,2,2,1,0.0,0,2.0,1,13,4,0,0,0
100084,E100084,26,Male,Married,Sales,Manager,27,3,Marketing,Travel_Rarely,No,13611.0,16.0,1.0,3.0,4.0,1.0,1.0,1.0,4.0,No,4,16,9,8.0,14,0.0,8,24,3,1,0,0
100085,E100085,41,Female,Married,Research & Development,Manufacturing Director,17,5,Human Resources,Travel_Rarely,No,13611.0,,,,,,,,,,1,16,7,5.0,7,1.0,7,30,2,1,0,0
100086,E100086,18,Male,Married,Research & Development,Manager,19,3,Medical,Non-Travel,Yes,16421.0,13.0,0.0,3.0,4.0,2.0,1.0,3.0,2.0,No,5,2,1,0.0,1,1.0,8,3,5,0,0,0
100087,E100087,25,Male,Single,Research & Development,Laboratory Technician,22,2,Technical Degree,Travel_Rarely,Yes,10709.0,11.0,2.0,3.0,1.0,2.0,3.0,1.0,1.0,No,2,7,2,3.0,6,2.0,3,10,4,0,0,0
100088,E100088,41,Male,Divorced,Human Resources,Manager,15,3,Life Sciences,Travel_Frequently,No,19687.0,17.0,3.0,3.0,1.0,4.0,1.0,4.0,4.0,Yes,5,0,0,0.0,0,0.0,8,9,0,0,0,0
100089,E100089,28,Female,Divorced,Sales,Sales Representative,16,4,Technical Degree,Travel_Frequently,No,15762.0,12.0,3.0,3.0,3.0,1.0,4.0,2.0,4.0,No,4,3,0,0.0,1,0.0,1,4,5,0,0,1
100090,E100090,34,Male,Divorced,Research & Development,Laboratory Technician,15,2,Human Resources,Travel_Rarely,No,19535.0,11.0,3.0,3.0,2.0,4.0,2.0,4.0,2.0,No,5,6,3,1.0,0,0.0,0,19,3,0,0,0
100091,E100091,25,Female,Divorced,Sales,Sales Executive,25,1,Life Sciences,Travel_Frequently,No,13611.0,11.0,0.0,3.0,1.0,2.0,2.0,4.0,3.0,No,1,1,0,0.0,0,1.0,8,8,5,1,0,0
100092,E100092,52,Male,Married,Research & Development,Manufacturing Director,2,1,Human Resources,Travel_Rarely,No,5841.0,17.0,3.0,3.0,3.0,4.0,4.0,3.0,2.0,No,1,0,0,0.0,0,0.0,9,8,3,0,0,0
100093,E100093,52,Female,Divorced,Research & Development,Laboratory Technician,11,5,Human Resources,Travel_Rarely,Yes,13709.0,22.0,0.0,4.0,4.0,1.0,3.0,1.0,1.0,No,3,0,0,0.0,0,1.0,7,2,1,0,0,0
100094,E100094,50,Male,Single,Research & Development,Manufacturing Director,1,5,Other,Travel_Rarely,No,10188.0,11.0,0.0,3.0,3.0,4.0,1.0,4.0,3.0,No,2,2,1,0.0,0,1.0,6,14,4,0,0,0
100095,E100095,22,Female,Married,Research & Development,Research Scientist,15,4,Marketing,Travel_Rarely,No,19320.0,19.0,1.0,3.0,2.0,2.0,3.0,3.0,3.0,No,4,3,2,1.0,2,0.0,7,17,0,0,0,0
100096,E100096,59,Female,Single,Research & Development,Healthcare Representative,26,1,Other,Travel_Rarely,No,10793.0,16.0,2.0,3.0,2.0,1.0,3.0,4.0,3.0,Yes,2,2,1,0.0,1,2.0,0,10,2,0,0,0
100097,E100097,56,Female,Single,Research & Development,Manager,19,1,Technical Degree,Travel_Rarely,No,17043.0,14.0,2.0,4.0,2.0,2.0,3.0,4.0,1.0,No,5,2,0,0.0,1,1.0,8,7,1,0,0,0
100098,E100098,58,Female,Single,Research & Development,Healthcare Representative,4,1,Technical Degree,Travel_Frequently,No,17877.0,22.0,2.0,3.0,1.0,2.0,2.0,4.0,4.0,Yes,4,3,2,1.0,1,0.0,9,8,4,0,0,0
100099,E100099,45,Female,Married,Research & Development,Manager,11,1,Marketing,Travel_Rarely,No,17781.0,14.0,3.0,3.0,3.0,3.0,1.0,3.0,2.0,No,4,7,5,2.0,3,0.0,8,13,0,0,0,0
100100,E100100,24,Female,Divorced,Human Resources,Manager,5,3,Other,Travel_Rarely,Yes,6035.0,25.0,1.0,4.0,4.0,2.0,2.0,2.0,1.0,No,1,0,0,0.0,0,0.0,8,11,1,0,0,0
100101,E100101,26,Male,Married,Sales,Sales Executive,3,2,Technical Degree,Travel_Rarely,No,17641.0,23.0,1.0,3.0,2.0,2.0,2.0,4.0,1.0,No,5,7,5,0.0,0,0.0,5,11,0,0,0,0
100102,E100102,25,Male,Single,Sales,Sales Executive,13,2,Other,Travel_Rarely,No,7180.0,22.0,0.0,3.0,3.0,1.0,2.0,4.0,3.0,Yes,1,5,1,0.0,3,2.0,3,10,5,0,0,0
100103,E100103,29,Female,Divorced,Research & Development,Manager,10,4,Marketing,Travel_Rarely,Yes,7991.0,24.0,1.0,3.0,1.0,1.0,1.0,3.0,3.0,No,1,6,3,2.0,0,0.0,1,16,0,0,0,0
100104,E100104,51,Female,Married,Human Resources,Manager,11,3,Life Sciences,Travel_Frequently,No,13768.0,15.0,0.0,3.0,4.0,1.0,4.0,1.0,1.0,No,3,6,3,1.0,2,0.0,3,6,1,0,0,0
100105,E100105,50,Female,Married,Research & Development,Healthcare Representative,18,1,Human Resources,Travel_Rarely,No,6716.0,12.0,1.0,3.0,4.0,4.0,2.0,2.0,4.0,Yes,1,3,0,0.0,0,0.0,6,5,1,0,0,1
100106,E100106,40,Male,Married,Sales,Sales Executive,2,1,Human Resources,Non-Travel,No,10834.0,15.0,0.0,3.0,4.0,4.0,2.0,3.0,3.0,No,2,1,0,0.0,0,0.0,0,12,4,0,0,0
100107,E100107,41,Male,Single,Research & Development,Healthcare Representative,7,5,Other,Travel_Rarely,No,17947.0,12.0,3.0,3.0,1.0,1.0,2.0,1.0,1.0,No,4,3,1,0.0,1,0.0,8,11,1,0,0,1
100108,E100108,54,Male,Married,Research & Development,Healthcare Representative,9,5,Technical Degree,Travel_Rarely,No,9018.0,22.0,1.0,4.0,2.0,4.0,1.0,3.0,3.0,No,1,15,6,4.0,3,0.0,2,26,6,0,0,0
100109,E100109,52,Female,Divorced,Sales,Manager,10,4,Other,Travel_Rarely,No,9152.0,14.0,2.0,3.0,1.0,3.0,1.0,3.0,2.0,No,2,4,2,1.0,1,0.0,3,8,6,0,0,0
100110,E100110,57,Male,Single,Research & Development,Research Scientist,18,1,Other,Travel_Rarely,No,21328.0,20.0,0.0,3.0,4.0,4.0,3.0,2.0,2.0,No,5,0,0,0.0,0,1.0,4,4,5,0,0,0
100111,E100111,39,Male,Married,Human Resources,Human Resources,23,4,Medical,Travel_Rarely,No,13807.0,21.0,1.0,3.0,3.0,3.0,2.0,2.0,2.0,Yes,4,0,0,0.0,0,0.0,2,7,6,0,0,0
100112,E100112,44,Male,Divorced,Research & Development,Healthcare Representative,7,3,Human Resources,Non-Travel,No,21676.0,24.0,1.0,3.0,4.0,1.0,2.0,2.0,3.0,No,5,24,17,5.0,12,0.0,3,34,4,0,0,0
100113,E100113,52,Unknown,Married,Research & Development,Laboratory Technician,27,2,Marketing,Non-Travel,No,10793.0,15.0,0.0,3.0,3.0,1.0,1.0,2.0,3.0,No,2,0,0,0.0,0,0.0,4,10,0,0,0,0
100114,E100114,18,Unknown,Single,Research & Development,Healthcare Representative,7,1,Other,Travel_Rarely,Yes,19504.0,16.0,1.0,3.0,1.0,4.0,1.0,1.0,4.0,No,5,0,0,0.0,0,0.0,0,12,1,0,0,1
100115,E100115,52,Unknown,Single,Sales,Manager,3,3,Medical,Travel_Rarely,Yes,16171.0,16.0,2.0,3.0,1.0,1.0,2.0,4.0,2.0,No,5,2,1,0.0,0,1.0,8,3,4,0,0,0
100116,E100116,54,Female,Single,Research & Development,Manager,12,1,Medical,Travel_Rarely,No,19118.0,19.0,0.0,4.0,1.0,1.0,4.0,3.0,4.0,No,5,17,5,3.0,2,1.0,9,29,4,0,0,0
100117,E100117,31,Male,Married,Research & Development,Manufacturing Director,7,5,Human Resources,Travel_Rarely,Yes,6831.0,14.0,0.0,3.0,3.0,2.0,3.0,2.0,1.0,No,1,1,0,0.0,0,0.0,9,7,2,0,0,0
100118,E100118,20,Male,Married,Research & Development,Laboratory Technician,17,4,Human Resources,Travel_Frequently,Yes,7862.0,23.0,0.0,3.0,1.0,1.0,3.0,4.0,1.0,No,1,2,1,0.0,1,1.0,3,10,4,0,0,0
100119,E100119,18,Male,Single,Research & Development,Healthcare Representative,26,5,Human Resources,Travel_Rarely,Yes,7129.0,24.0,0.0,3.0,2.0,2.0,2.0,1.0,2.0,No,1,5,3,0.0,1,1.0,8,11,4,0,0,0
100120,E100120,22,Male,Divorced,Research & Development,Research Scientist,1,2,Marketing,Travel_Frequently,No,16653.0,15.0,0.0,3.0,4.0,1.0,3.0,2.0,4.0,No,4,0,0,0.0,0,1.0,3,11,2,0,0,0
100121,E100121,43,Male,Married,Research & Development,Healthcare Representative,5,5,Medical,Travel_Frequently,Yes,10116.0,16.0,2.0,3.0,2.0,3.0,3.0,3.0,3.0,No,2,11,9,1.0,5,0.0,0,15,3,0,0,0
100122,E100122,31,Male,Single,Sales,Sales Representative,16,1,Technical Degree,Travel_Frequently,Yes,6952.0,14.0,0.0,3.0,3.0,3.0,2.0,4.0,4.0,Yes,1,3,0,0.0,2,4.0,4,15,5,0,0,0
100123,E100123,56,Female,Married,Research & Development,Research Scientist,15,5,Marketing,Travel_Frequently,Yes,16663.0,16.0,2.0,3.0,1.0,1.0,3.0,2.0,1.0,No,5,3,1,0.0,2,1.0,8,8,1,0,0,0
100124,E100124,44,Male,Married,Human Resources,Human Resources,2,1,Life Sciences,Travel_Rarely,Yes,18581.0,12.0,2.0,3.0,4.0,3.0,1.0,3.0,4.0,Yes,5,9,2,2.0,6,0.0,2,12,2,0,0,0
100125,E100125,26,Female,Single,Research & Development,Manager,9,2,Other,Travel_Rarely,No,21526.0,22.0,2.0,3.0,1.0,3.0,2.0,4.0,1.0,No,5,15,11,0.0,9,0.0,4,28,6,0,0,0
100126,E100126,32,Female,Single,Human Resources,Human Resources,7,5,Human Resources,Travel_Rarely,No,18242.0,23.0,0.0,3.0,1.0,3.0,1.0,3.0,1.0,No,5,2,1,1.0,1,1.0,2,13,4,0,0,0
100127,E100127,32,Female,Divorced,Sales,Manager,4,4,Medical,Travel_Rarely,No,11232.0,17.0,2.0,3.0,4.0,4.0,2.0,1.0,4.0,Yes,3,0,0,0.0,0,1.0,2,6,4,0,0,0
100128,E100128,43,Male,Married,Research & Development,Healthcare Representative,20,4,Other,Travel_Rarely,No,17322.0,13.0,0.0,3.0,4.0,3.0,1.0,2.0,3.0,No,4,8,4,3.0,4,1.0,0,8,1,0,0,0
100129,E100129,59,Male,Married,Research & Development,Manufacturing Director,18,4,Marketing,Travel_Rarely,No,10624.0,24.0,2.0,3.0,2.0,2.0,3.0,2.0,1.0,No,2,2,1,0.0,1,0.0,1,5,5,0,0,0
100130,E100130,30,Male,Married,Research & Development,Laboratory Technician,21,5,Life Sciences,Travel_Rarely,No,12102.0,20.0,0.0,3.0,2.0,4.0,4.0,3.0,4.0,No,2,13,8,3.0,6,1.0,1,15,6,0,0,0
100131,E100131,49,Male,Single,Research & Development,Manager,4,5,Marketing,Travel_Rarely,No,9132.0,14.0,1.0,3.0,2.0,2.0,1.0,4.0,1.0,No,1,14,12,1.0,6,0.0,8,26,0,0,0,0
100132,E100132,56,Unknown,Single,Research & Development,Manufacturing Director,28,5,Marketing,Travel_Frequently,Yes,10788.0,19.0,1.0,3.0,2.0,2.0,1.0,2.0,2.0,Yes,3,0,0,0.0,0,0.0,6,3,2,0,0,0
100133,E100133,49,Male,Married,Sales,Sales Executive,13,1,Technical Degree,Travel_Frequently,No,11473.0,25.0,2.0,3.0,2.0,2.0,4.0,3.0,3.0,No,2,15,10,1.0,5,0.0,7,15,3,0,0,0
100134,E100134,21,Unknown,Single,Research & Development,Healthcare Representative,1,2,Other,Travel_Rarely,No,14887.0,25.0,3.0,3.0,3.0,4.0,4.0,1.0,2.0,No,4,2,1,0.0,1,0.0,1,13,1,0,0,0
100135,E100135,47,Female,Single,Sales,Manager,28,4,Technical Degree,Non-Travel,No,21585.0,22.0,3.0,3.0,3.0,1.0,1.0,2.0,1.0,No,5,5,3,1.0,2,1.0,8,17,1,0,0,0
100136,E100136,54,Female,Divorced,Research & Development,Manager,24,1,Marketing,Travel_Rarely,No,6307.0,25.0,1.0,3.0,1.0,3.0,1.0,3.0,3.0,No,1,0,0,0.0,0,1.0,2,1,2,0,0,0
100137,E100137,40,Male,Divorced,Sales,Manager,3,4,Life Sciences,Travel_Rarely,No,19027.0,23.0,2.0,3.0,1.0,3.0,1.0,4.0,4.0,No,4,10,2,5.0,5,2.0,9,21,4,0,0,0
100138,E100138,56,Male,Divorced,Sales,Sales Executive,16,1,Medical,Travel_Frequently,No,12150.0,15.0,2.0,3.0,2.0,1.0,2.0,2.0,4.0,Yes,2,5,1,0.0,3,0.0,1,15,4,0,0,0
100139,E100139,32,Male,Divorced,Research & Development,Manufacturing Director,22,5,Medical,Travel_Rarely,No,15150.0,19.0,2.0,3.0,1.0,1.0,1.0,2.0,3.0,No,3,5,2,1.0,2,0.0,0,17,3,0,0,0
100140,E100140,60,Male,Single,Research & Development,Laboratory Technician,4,4,Other,Travel_Rarely,No,8442.0,20.0,3.0,3.0,3.0,2.0,1.0,1.0,2.0,No,1,11,7,1.0,7,2.0,8,19,2,0,0,0
100141,E100141,46,Male,Divorced,Research & Development,Healthcare Representative,25,5,Human Resources,Travel_Rarely,No,10158.0,23.0,1.0,3.0,3.0,4.0,4.0,3.0,2.0,No,2,3,0,0.0,1,0.0,7,17,1,0,0,0
100142,E100142,53,Male,Single,Research & Development,Manager,23,4,Human Resources,Travel_Rarely,No,7508.0,20.0,2.0,3.0,1.0,2.0,4.0,4.0,3.0,Yes,1,2,0,0.0,0,0.0,3,8,6,0,0,0
100143,E100143,30,Male,Divorced,Research & Development,Research Scientist,25,3,Medical,Travel_Rarely,No,10430.0,20.0,1.0,3.0,2.0,3.0,2.0,1.0,4.0,No,2,10,4,3.0,8,0.0,6,22,2,0,0,0
100144,E100144,49,Male,Divorced,Research & Development,Healthcare Representative,16,1,Marketing,Travel_Rarely,No,22227.0,22.0,1.0,3.0,3.0,1.0,2.0,1.0,3.0,No,5,6,3,1.0,1,0.0,2,11,0,0,0,0
100145,E100145,24,Male,Married,Research & Development,Manufacturing Director,26,3,Marketing,Travel_Frequently,No,13118.0,20.0,0.0,3.0,4.0,3.0,3.0,1.0,2.0,No,3,14,5,2.0,7,0.0,2,15,1,0,0,0
100146,E100146,39,Male,Divorced,Sales,Sales Representative,19,1,Technical Degree,Non-Travel,No,17941.0,16.0,3.0,3.0,4.0,1.0,1.0,3.0,1.0,No,5,14,3,6.0,3,0.0,3,14,3,0,0,0
100147,E100147,45,Male,Married,Research & Development,Laboratory Technician,1,2,Other,Travel_Rarely,Yes,10167.0,18.0,1.0,4.0,1.0,4.0,1.0,3.0,4.0,No,2,2,0,0.0,1,1.0,1,3,3,0,0,0
100148,E100148,19,Female,Single,Human Resources,Human Resources,5,4,Technical Degree,Travel_Rarely,No,13833.0,15.0,0.0,3.0,2.0,2.0,4.0,2.0,3.0,No,4,2,0,0.0,0,1.0,9,8,1,0,0,0
100149,E100149,59,Female,Married,Research & Development,Healthcare Representative,19,2,Human Resources,Travel_Rarely,No,20607.0,15.0,3.0,3.0,1.0,3.0,3.0,3.0,1.0,No,5,1,0,0.0,0,4.0,3,2,4,0,0,0
100150,E100150,23,Male,Married,Sales,Sales Representative,22,2,Medical,Travel_Frequently,No,14989.0,13.0,2.0,3.0,2.0,4.0,1.0,1.0,2.0,No,4,5,2,0.0,1,1.0,9,7,1,0,0,0
100151,E100151,45,Male,Single,Sales,Manager,24,1,Marketing,Travel_Rarely,No,11131.0,17.0,2.0,3.0,2.0,3.0,3.0,3.0,4.0,No,2,2,1,0.0,0,1.0,2,9,1,0,0,0
100152,E100152,45,Male,Married,Sales,Sales Executive,11,3,Medical,Travel_Frequently,Yes,14444.0,12.0,0.0,3.0,4.0,1.0,2.0,4.0,3.0,No,3,7,4,3.0,6,1.0,7,13,0,0,0,0
100153,E100153,37,Female,Divorced,Research & Development,Manager,13,5,Life Sciences,Travel_Frequently,No,17448.0,21.0,2.0,3.0,3.0,3.0,1.0,2.0,2.0,No,4,0,0,0.0,0,0.0,1,11,1,0,0,0
100154,E100154,47,Female,Single,Research & Development,Healthcare Representative,20,1,Medical,Travel_Frequently,Yes,9691.0,22.0,0.0,4.0,3.0,4.0,1.0,1.0,3.0,Yes,2,0,0,0.0,0,2.0,8,10,5,0,0,0
100155,E100155,28,Male,Divorced,Sales,Manager,5,5,Life Sciences,Travel_Rarely,Yes,14423.0,13.0,0.0,3.0,1.0,4.0,2.0,2.0,3.0,Yes,4,1,0,0.0,0,0.0,2,11,6,0,0,0
100156,E100156,45,Female,Divorced,Human Resources,Human Resources,21,2,Technical Degree,Travel_Rarely,No,22046.0,25.0,2.0,3.0,1.0,2.0,1.0,3.0,4.0,No,5,0,0,0.0,0,0.0,3,13,5,0,0,0
100157,E100157,42,Male,Divorced,Research & Development,Healthcare Representative,4,5,Unknown,Travel_Rarely,No,9535.0,12.0,3.0,3.0,2.0,3.0,2.0,2.0,2.0,No,2,4,1,1.0,2,0.0,9,14,2,0,0,0
100158,E100158,56,Male,Divorced,Research & Development,Laboratory Technician,4,3,Human Resources,Travel_Rarely,No,18714.0,25.0,0.0,3.0,3.0,1.0,2.0,2.0,2.0,Yes,5,0,0,0.0,0,0.0,9,8,2,0,0,0
100159,E100159,50,Female,Married,Research & Development,Manufacturing Director,4,1,Medical,Travel_Rarely,No,7231.0,23.0,3.0,3.0,2.0,3.0,3.0,3.0,1.0,No,1,0,0,0.0,0,0.0,2,11,6,0,0,0
100160,E100160,18,Female,Divorced,Sales,Sales Representative,4,3,Medical,Travel_Rarely,No,9210.0,18.0,3.0,3.0,4.0,2.0,4.0,2.0,2.0,No,2,0,0,0.0,0,1.0,2,3,3,0,0,0
100161,E100161,44,Female,Married,Research & Development,Manager,20,3,Life Sciences,Travel_Rarely,No,15335.0,14.0,0.0,3.0,4.0,1.0,4.0,3.0,2.0,No,4,7,6,1.0,2,0.0,7,13,4,0,0,0
100162,E100162,30,Female,Single,Research & Development,Research Scientist,21,1,Technical Degree,Travel_Frequently,No,5941.0,20.0,3.0,3.0,2.0,1.0,2.0,1.0,4.0,No,1,8,5,4.0,3,3.0,7,8,3,0,0,0
100163,E100163,58,Male,Married,Research & Development,Manager,18,3,Life Sciences,Travel_Rarely,No,17473.0,18.0,0.0,3.0,2.0,2.0,3.0,2.0,1.0,No,5,0,0,0.0,0,1.0,5,10,0,0,0,0
100164,E100164,20,Female,Married,Research & Development,Manager,18,4,Unknown,Non-Travel,No,22643.0,18.0,2.0,3.0,2.0,1.0,2.0,4.0,4.0,Yes,5,6,1,0.0,4,1.0,3,16,1,0,0,0
100165,E100165,56,Male,Single,Sales,Sales Executive,16,4,Life Sciences,Non-Travel,No,13459.0,18.0,2.0,3.0,2.0,4.0,3.0,4.0,2.0,No,4,2,0,0.0,1,0.0,0,3,6,0,0,0
100166,E100166,23,Female,Married,Human Resources,Manager,9,4,Technical Degree,Travel_Rarely,No,7475.0,18.0,2.0,3.0,2.0,4.0,3.0,1.0,1.0,No,1,1,0,0.0,0,0.0,3,7,3,0,0,0
100167,E100167,25,Male,Married,Sales,Sales Executive,18,5,Life Sciences,Non-Travel,No,12970.0,18.0,2.0,3.0,4.0,1.0,4.0,3.0,4.0,No,3,4,3,0.0,1,0.0,7,18,1,0,0,0
100168,E100168,44,Female,Single,Research & Development,Research Scientist,22,3,Technical Degree,Travel_Rarely,No,13617.0,22.0,2.0,3.0,4.0,3.0,4.0,3.0,1.0,No,4,0,0,0.0,0,1.0,5,1,3,0,0,0
100169,E100169,26,Male,Married,Human Resources,Human Resources,2,1,Other,Travel_Rarely,No,20400.0,19.0,3.0,3.0,4.0,1.0,3.0,2.0,2.0,Yes,5,7,6,3.0,6,1.0,1,12,1,0,0,0
100170,E100170,54,Female,Married,Sales,Sales Executive,21,1,Life Sciences,Travel_Rarely,No,9037.0,12.0,3.0,3.0,1.0,3.0,4.0,2.0,1.0,No,2,0,0,0.0,0,0.0,2,12,3,0,0,0
100171,E100171,50,Male,Married,Research & Development,Manufacturing Director,4,5,Medical,Travel_Rarely,Yes,8843.0,19.0,3.0,3.0,4.0,2.0,3.0,4.0,1.0,No,1,15,5,5.0,6,3.0,6,24,5,0,0,0
100172,E100172,59,Female,Single,Sales,Sales Representative,12,1,Human Resources,Non-Travel,No,14831.0,18.0,1.0,3.0,3.0,4.0,1.0,4.0,1.0,No,3,0,0,0.0,0,0.0,3,11,5,0,0,0
100173,E100173,41,Male,Single,Research & Development,Healthcare Representative,7,4,Other,Travel_Rarely,No,8937.0,21.0,1.0,3.0,3.0,4.0,2.0,3.0,2.0,Yes,2,4,3,1.0,1,0.0,3,12,5,0,0,0
100174,E100174,32,Male,Married,Research & Development,Manager,15,3,Other,Travel_Rarely,No,8959.0,20.0,0.0,3.0,2.0,2.0,4.0,4.0,2.0,No,1,11,9,2.0,7,0.0,4,21,6,0,0,0
100175,E100175,49,Male,Divorced,Research & Development,Laboratory Technician,7,1,Life Sciences,Travel_Rarely,Yes,15280.0,11.0,1.0,3.0,4.0,2.0,2.0,3.0,1.0,Yes,4,0,0,0.0,0,0.0,7,4,2,0,0,0
100176,E100176,49,Male,Single,Human Resources,Human Resources,29,1,Human Resources,Travel_Rarely,No,15029.0,24.0,2.0,3.0,2.0,4.0,4.0,1.0,4.0,No,4,3,1,1.0,1,1.0,6,12,6,0,0,0
100177,E100177,41,Female,Married,Research & Development,Research Scientist,22,2,Medical,Travel_Frequently,No,6012.0,15.0,2.0,3.0,2.0,2.0,2.0,1.0,4.0,No,1,2,1,0.0,1,0.0,8,8,6,0,0,0
100178,E100178,58,Male,Single,Research & Development,Healthcare Representative,26,2,Other,Travel_Frequently,Yes,15781.0,21.0,2.0,3.0,3.0,1.0,2.0,4.0,2.0,No,3,4,1,2.0,2,0.0,4,16,0,0,0,0
100179,E100179,29,Female,Married,Research & Development,Laboratory Technician,21,2,Medical,Travel_Rarely,No,5140.0,12.0,0.0,3.0,3.0,1.0,4.0,2.0,3.0,No,1,1,0,0.0,0,0.0,0,1,3,0,0,1
100180,E100180,56,Male,Divorced,Human Resources,Manager,17,3,Technical Degree,Travel_Rarely,No,10811.0,20.0,0.0,3.0,2.0,3.0,4.0,4.0,4.0,No,2,0,0,0.0,0,0.0,3,7,2,0,0,0
100181,E100181,19,Male,Married,Sales,Sales Representative,16,4,Human Resources,Travel_Rarely,No,10477.0,15.0,0.0,4.0,3.0,3.0,4.0,4.0,1.0,Yes,2,4,2,0.0,2,0.0,5,12,6,0,0,0
100182,E100182,20,Female,Single,Human Resources,Human Resources,28,4,Marketing,Travel_Frequently,No,14838.0,23.0,0.0,4.0,2.0,3.0,4.0,4.0,3.0,No,4,2,0,0.0,1,0.0,5,16,6,0,0,0
100183,E100183,54,Female,Married,Sales,Sales Executive,19,4,Technical Degree,Travel_Rarely,No,13611.0,25.0,3.0,3.0,2.0,1.0,3.0,2.0,2.0,No,1,4,2,1.0,1,3.0,8,16,4,1,0,0
100184,E100184,34,Male,Single,Research & Development,Manager,9,3,Human Resources,Non-Travel,No,17414.0,18.0,0.0,3.0,2.0,4.0,4.0,4.0,4.0,No,4,1,0,0.0,0,0.0,9,5,3,0,0,0
100185,E100185,19,Male,Married,Sales,Manager,14,3,Life Sciences,Travel_Frequently,Yes,13818.0,19.0,0.0,4.0,1.0,3.0,4.0,2.0,3.0,Yes,3,2,1,0.0,1,3.0,4,7,1,0,0,0
100186,E100186,19,Female,Married,Sales,Manager,17,2,Life Sciences,Travel_Rarely,Yes,10783.0,19.0,1.0,3.0,3.0,1.0,4.0,4.0,2.0,No,2,4,3,2.0,2,0.0,4,16,0,0,0,0
100187,E100187,45,Male,Single,Research & Development,Manager,5,1,Medical,Travel_Rarely,No,22359.0,11.0,3.0,4.0,3.0,4.0,1.0,2.0,2.0,No,5,4,2,0.0,1,2.0,5,14,2,0,0,0
100188,E100188,40,Female,Single,Research & Development,Laboratory Technician,2,5,Other,Travel_Rarely,Yes,17350.0,17.0,2.0,3.0,4.0,2.0,2.0,2.0,1.0,No,5,2,1,0.0,1,0.0,5,9,2,0,0,0
100189,E100189,54,Female,Married,Research & Development,Manufacturing Director,20,5,Marketing,Non-Travel,No,6940.0,22.0,1.0,3.0,3.0,1.0,4.0,2.0,4.0,No,1,1,0,0.0,0,0.0,2,4,0,0,0,0
100190,E100190,49,Unknown,Divorced,Sales,Manager,16,1,Life Sciences,Travel_Frequently,No,6557.0,21.0,0.0,4.0,4.0,2.0,4.0,2.0,3.0,No,1,1,0,0.0,0,0.0,5,2,3,0,0,0
100191,E100191,50,Male,Divorced,Research & Development,Manager,14,2,Human Resources,Travel_Rarely,No,21440.0,18.0,2.0,3.0,2.0,3.0,2.0,2.0,1.0,No,5,0,0,0.0,0,0.0,7,14,1,0,0,0
100192,E100192,18,Female,Single,Human Resources,Human Resources,14,1,Other,Travel_Rarely,Yes,7558.0,20.0,2.0,3.0,1.0,4.0,2.0,1.0,4.0,Yes,1,1,0,0.0,0,0.0,5,10,4,0,0,0
100193,E100193,36,Male,Married,Research & Development,Laboratory Technician,27,1,Other,Travel_Rarely,No,9989.0,13.0,2.0,3.0,2.0,1.0,3.0,3.0,3.0,No,2,1,0,0.0,0,1.0,4,8,3,0,0,0
100194,E100194,19,Male,Married,Sales,Sales Executive,1,5,Unknown,Travel_Rarely,No,13493.0,23.0,1.0,4.0,2.0,3.0,2.0,3.0,2.0,No,3,5,2,2.0,3,0.0,2,6,0,0,0,0
100195,E100195,43,Male,Married,Research & Development,Research Scientist,3,2,Unknown,Travel_Rarely,No,13297.0,16.0,3.0,3.0,2.0,3.0,2.0,2.0,2.0,No,3,4,3,0.0,0,0.0,0,8,3,0,0,0
100196,E100196,49,Male,Married,Sales,Sales Representative,26,3,Life Sciences,Travel_Rarely,No,16473.0,21.0,3.0,4.0,4.0,4.0,1.0,3.0,4.0,No,4,2,0,0.0,1,0.0,4,16,6,0,0,0
100197,E100197,23,Female,Divorced,Research & Development,Laboratory Technician,7,5,Human Resources,Travel_Rarely,No,13611.0,13.0,2.0,3.0,1.0,2.0,3.0,2.0,1.0,No,2,1,0,0.0,0,1.0,5,13,3,1,0,0
100198,E100198,49,Female,Divorced,Research & Development,Healthcare Representative,26,3,Human Resources,Travel_Rarely,No,5952.0,19.0,0.0,4.0,2.0,3.0,1.0,4.0,3.0,No,1,1,0,0.0,0,0.0,5,6,0,0,0,0
100199,E100199,21,Female,Married,Research & Development,Healthcare Representative,15,2,Medical,Travel_Rarely,No,6422.0,23.0,3.0,3.0,4.0,4.0,2.0,1.0,3.0,No,1,3,2,0.0,0,2.0,5,7,0,0,0,0
100200,E100200,28,Male,Married,Research & Development,Laboratory Technician,19,1,Marketing,Travel_Rarely,No,16199.0,13.0,3.0,3.0,2.0,4.0,4.0,4.0,2.0,No,4,12,9,6.0,4,1.0,2,17,4,0,0,0
100201,E100201,34,Male,Divorced,Research & Development,Healthcare Representative,20,4,Medical,Travel_Rarely,No,14633.0,12.0,0.0,3.0,1.0,1.0,3.0,4.0,4.0,Yes,4,5,1,2.0,3,1.0,3,10,0,0,0,0
100202,E100202,55,Male,Single,Research & Development,Laboratory Technician,2,4,Unknown,Travel_Rarely,No,6304.0,19.0,1.0,3.0,2.0,3.0,2.0,2.0,1.0,No,1,6,4,0.0,3,0.0,2,8,0,0,0,1
100203,E100203,41,Female,Married,Research & Development,Research Scientist,19,2,Human Resources,Travel_Rarely,No,8689.0,25.0,1.0,4.0,2.0,2.0,2.0,4.0,2.0,Yes,1,8,3,0.0,6,0.0,1,18,0,0,0,0
100204,E100204,22,Male,Married,Research & Development,Laboratory Technician,9,4,Other,Travel_Rarely,Yes,9971.0,21.0,0.0,3.0,3.0,2.0,4.0,1.0,2.0,Yes,2,2,1,0.0,0,0.0,7,12,6,0,0,0
100205,E100205,51,Unknown,Married,Research & Development,Manager,19,3,Marketing,Travel_Rarely,No,16696.0,23.0,1.0,3.0,4.0,3.0,4.0,4.0,1.0,No,4,0,0,0.0,0,0.0,6,2,6,0,0,0
100206,E100206,23,Male,Single,Research & Development,Manager,27,4,Human Resources,Travel_Rarely,Yes,9332.0,24.0,2.0,3.0,1.0,2.0,4.0,1.0,3.0,No,2,4,3,1.0,1,1.0,7,12,6,0,0,0
100207,E100207,39,Unknown,Single,Research & Development,Manufacturing Director,5,2,Human Resources,Travel_Rarely,No,5922.0,18.0,3.0,3.0,4.0,4.0,3.0,1.0,3.0,No,1,1,0,0.0,0,0.0,5,3,2,0,0,0
100208,E100208,28,Female,Divorced,Human Resources,Manager,18,2,Medical,Travel_Rarely,No,16999.0,18.0,1.0,3.0,3.0,4.0,1.0,2.0,4.0,No,5,4,1,1.0,2,0.0,6,6,0,0,0,0
100209,E100209,33,Male,Single,Research & Development,Healthcare Representative,16,3,Medical,Travel_Rarely,No,18206.0,12.0,2.0,3.0,2.0,3.0,3.0,1.0,2.0,Yes,5,6,1,2.0,1,0.0,0,16,0,0,0,0
100210,E100210,50,Female,Married,Research & Development,Laboratory Technician,4,4,Other,Travel_Rarely,No,8385.0,16.0,2.0,3.0,1.0,2.0,4.0,4.0,4.0,Yes,1,7,3,0.0,4,2.0,9,20,0,0,0,0
100211,E100211,26,Female,Single,Sales,Sales Representative,12,4,Technical Degree,Travel_Rarely,No,16041.0,23.0,2.0,3.0,1.0,4.0,3.0,2.0,3.0,Yes,4,1,0,0.0,0,2.0,4,2,4,0,0,0
100212,E100212,23,Male,Single,Research & Development,Healthcare Representative,29,1,Life Sciences,Travel_Rarely,No,17896.0,23.0,2.0,3.0,4.0,3.0,4.0,1.0,1.0,No,5,3,2,0.0,1,0.0,3,9,6,0,0,0
100213,E100213,33,Male,Single,Research & Development,Manager,7,5,Technical Degree,Travel_Frequently,No,16730.0,15.0,2.0,4.0,2.0,4.0,1.0,1.0,3.0,Yes,4,4,1,0.0,2,0.0,9,13,3,0,0,1
100214,E100214,46,Male,Single,Sales,Sales Executive,14,2,Technical Degree,Travel_Frequently,No,22778.0,24.0,0.0,3.0,3.0,3.0,3.0,3.0,3.0,No,5,8,6,2.0,1,4.0,2,17,6,0,0,0
100215,E100215,20,Female,Divorced,Sales,Sales Representative,23,1,Other,Travel_Rarely,No,14887.0,22.0,3.0,3.0,2.0,1.0,1.0,2.0,2.0,No,4,7,1,4.0,6,0.0,1,10,0,0,0,0
100216,E100216,37,Male,Single,Research & Development,Healthcare Representative,12,2,Marketing,Travel_Frequently,No,13611.0,,,,,,,,,,5,22,7,3.0,11,1.0,8,22,0,1,0,0
100217,E100217,53,Female,Divorced,Research & Development,Manager,3,1,Other,Travel_Rarely,No,16625.0,15.0,0.0,3.0,1.0,3.0,4.0,1.0,4.0,Yes,4,0,0,0.0,0,2.0,7,5,4,0,0,0
100218,E100218,36,Female,Married,Research & Development,Manufacturing Director,5,5,Other,Non-Travel,Yes,8331.0,14.0,0.0,3.0,1.0,1.0,3.0,3.0,1.0,No,2,2,1,0.0,0,1.0,9,6,3,0,0,0
100219,E100219,43,Female,Married,Sales,Sales Representative,17,1,Human Resources,Travel_Rarely,No,19424.0,19.0,2.0,3.0,2.0,1.0,3.0,4.0,2.0,No,4,1,0,0.0,0,1.0,1,14,4,0,0,0
100220,E100220,20,Male,Married,Research & Development,Healthcare Representative,26,2,Human Resources,Travel_Frequently,Yes,10432.0,22.0,1.0,3.0,2.0,2.0,1.0,4.0,1.0,No,2,0,0,0.0,0,0.0,5,10,5,0,0,0
100221,E100221,36,Female,Married,Sales,Sales Executive,10,4,Human Resources,Travel_Rarely,No,10367.0,11.0,3.0,3.0,2.0,1.0,4.0,1.0,4.0,No,2,12,8,5.0,6,0.0,2,13,1,0,0,0
100222,E100222,37,Female,Married,Research & Development,Research Scientist,10,2,Life Sciences,Travel_Rarely,No,9692.0,16.0,1.0,3.0,2.0,2.0,1.0,3.0,4.0,No,1,30,15,0.0,28,1.0,2,35,1,0,0,0
100223,E100223,49,Male,Single,Sales,Sales Executive,11,3,Marketing,Travel_Frequently,No,9095.0,17.0,3.0,3.0,3.0,1.0,1.0,3.0,3.0,Yes,2,0,0,0.0,0,1.0,4,0,1,0,0,0
100224,E100224,24,Male,Married,Sales,Manager,17,3,Marketing,Travel_Frequently,Yes,10824.0,25.0,2.0,3.0,3.0,1.0,1.0,2.0,4.0,No,3,0,0,0.0,0,0.0,6,2,0,0,0,0
100225,E100225,58,Female,Divorced,Sales,Manager,5,3,Human Resources,Travel_Rarely,No,10590.0,22.0,1.0,3.0,3.0,4.0,1.0,4.0,3.0,No,2,1,0,0.0,0,0.0,6,4,4,0,0,0
100226,E100226,50,Male,Divorced,Research & Development,Manufacturing Director,13,3,Technical Degree,Travel_Rarely,No,18491.0,16.0,3.0,3.0,3.0,3.0,3.0,4.0,2.0,No,4,9,2,4.0,5,0.0,9,21,0,0,0,0
100227,E100227,57,Female,Divorced,Sales,Manager,10,5,Life Sciences,Travel_Rarely,No,8382.0,15.0,3.0,3.0,4.0,1.0,2.0,2.0,1.0,No,2,1,0,0.0,0,1.0,0,3,1,0,0,0
100228,E100228,56,Male,Married,Research & Development,Manager,9,4,Technical Degree,Travel_Rarely,No,17298.0,22.0,2.0,3.0,1.0,3.0,3.0,4.0,3.0,No,4,0,0,0.0,0,3.0,6,14,3,0,0,0
100229,E100229,35,Male,Divorced,Research & Development,Laboratory Technician,17,4,Medical,Travel_Frequently,No,14898.0,14.0,1.0,3.0,1.0,3.0,4.0,3.0,3.0,No,4,0,0,0.0,0,1.0,6,12,3,0,0,0
100230,E100230,57,Female,Married,Research & Development,Manufacturing Director,1,2,Marketing,Travel_Rarely,No,11067.0,15.0,2.0,3.0,4.0,4.0,2.0,3.0,2.0,No,3,2,1,0.0,0,0.0,5,7,5,0,0,0
100231,E100231,18,Male,Married,Research & Development,Manager,4,1,Marketing,Travel_Frequently,No,12116.0,19.0,1.0,3.0,4.0,3.0,1.0,4.0,4.0,No,2,13,3,6.0,12,0.0,5,23,4,0,0,0
100232,E100232,28,Male,Single,Research & Development,Manager,4,2,Technical Degree,Travel_Rarely,No,9797.0,15.0,1.0,4.0,3.0,3.0,3.0,2.0,3.0,No,2,1,0,0.0,0,1.0,1,4,5,0,0,0
100233,E100233,45,Male,Married,Sales,Sales Representative,18,2,Life Sciences,Travel_Rarely,Yes,20809.0,20.0,3.0,3.0,2.0,1.0,2.0,1.0,4.0,No,5,2,1,0.0,1,0.0,2,15,6,0,0,0
100234,E100234,42,Male,Single,Research & Development,Research Scientist,9,2,Marketing,Non-Travel,No,16743.0,25.0,0.0,4.0,1.0,4.0,1.0,1.0,3.0,No,5,0,0,0.0,0,0.0,2,0,3,0,0,0
100235,E100235,40,Male,Married,Sales,Sales Executive,25,2,Technical Degree,Travel_Rarely,No,6742.0,18.0,1.0,3.0,4.0,3.0,3.0,1.0,4.0,No,1,3,0,1.0,2,0.0,2,7,1,0,0,0
100236,E100236,48,Male,Divorced,Sales,Manager,29,4,Other,Non-Travel,No,14200.0,17.0,1.0,4.0,2.0,1.0,2.0,1.0,3.0,No,4,5,1,1.0,2,0.0,1,9,5,0,0,0
100237,E100237,47,Female,Single,Research & Development,Healthcare Representative,29,1,Other,Travel_Rarely,Yes,13611.0,14.0,2.0,3.0,3.0,4.0,3.0,3.0,1.0,Yes,3,1,0,0.0,0,1.0,8,9,5,0,0,0
100238,E100238,59,Male,Single,Research & Development,Manufacturing Director,18,2,Life Sciences,Non-Travel,Yes,19775.0,20.0,1.0,3.0,4.0,1.0,2.0,1.0,1.0,Yes,5,1,0,0.0,0,3.0,5,8,5,0,0,0
100239,E100239,52,Female,Single,Research & Development,Laboratory Technician,14,4,Technical Degree,Travel_Rarely,No,12203.0,15.0,1.0,3.0,1.0,4.0,4.0,3.0,1.0,No,2,9,2,3.0,7,1.0,1,23,4,0,0,0
100240,E100240,24,Male,Divorced,Research & Development,Manager,25,2,Other,Travel_Rarely,Yes,7315.0,17.0,1.0,3.0,1.0,4.0,3.0,3.0,3.0,No,1,0,0,0.0,0,0.0,2,7,6,0,0,0
100241,E100241,33,Female,Married,Human Resources,Human Resources,15,3,Life Sciences,Travel_Rarely,Yes,14565.0,16.0,1.0,3.0,1.0,2.0,3.0,1.0,4.0,Yes,3,5,2,2.0,0,1.0,9,9,4,0,0,0
100242,E100242,43,Male,Married,Sales,Manager,6,2,Human Resources,Travel_Rarely,No,11419.0,23.0,1.0,3.0,4.0,2.0,2.0,1.0,2.0,No,2,2,0,0.0,0,2.0,5,9,1,0,0,0
100243,E100243,19,Female,Divorced,Sales,Sales Executive,24,2,Life Sciences,Travel_Rarely,No,12091.0,13.0,0.0,3.0,1.0,2.0,4.0,1.0,2.0,No,2,1,0,0.0,0,1.0,3,14,1,0,0,0
100244,E100244,18,Unknown,Divorced,Sales,Sales Executive,10,5,Medical,Travel_Rarely,No,18367.0,20.0,3.0,3.0,3.0,3.0,3.0,4.0,2.0,No,4,5,3,1.0,2,1.0,6,14,1,0,0,0
100245,E100245,29,Male,Married,Sales,Sales Representative,29,3,Human Resources,Travel_Rarely,Yes,19305.0,25.0,1.0,3.0,1.0,1.0,4.0,4.0,1.0,Yes,4,8,5,1.0,3,1.0,5,14,5,0,0,0
100246,E100246,22,Male,Married,Research & Development,Manager,15,1,Technical Degree,Travel_Rarely,No,21071.0,13.0,2.0,3.0,3.0,4.0,4.0,2.0,1.0,No,5,4,3,0.0,2,0.0,5,4,1,0,0,0
100247,E100247,54,Male,Married,Research & Development,Research Scientist,29,2,Human Resources,Travel_Rarely,No,21173.0,12.0,2.0,3.0,1.0,1.0,3.0,3.0,1.0,No,5,0,0,0.0,0,0.0,2,11,6,0,0,0
100248,E100248,49,Male,Married,Sales,Sales Executive,4,1,Human Resources,Travel_Frequently,No,8708.0,24.0,1.0,4.0,3.0,3.0,1.0,1.0,4.0,No,2,3,1,1.0,1,0.0,7,9,4,0,0,0
100249,E100249,26,Male,Single,Human Resources,Manager,18,3,Technical Degree,Travel_Rarely,No,9044.0,13.0,1.0,3.0,4.0,2.0,2.0,4.0,1.0,No,2,3,2,0.0,0,2.0,8,13,3,0,0,0
100250,E100250,58,Female,Divorced,Research & Development,Manager,18,2,Technical Degree,Travel_Rarely,No,21695.0,21.0,1.0,4.0,3.0,2.0,3.0,2.0,4.0,No,5,3,2,1.0,2,1.0,5,10,1,0,0,0
100251,E100251,52,Male,Married,Sales,Sales Representative,25,5,Other,Non-Travel,Yes,19279.0,20.0,0.0,3.0,4.0,1.0,4.0,3.0,4.0,Yes,5,5,1,2.0,4,0.0,1,7,2,0,0,0
100252,E100252,36,Male,Single,Sales,Sales Representative,17,4,Medical,Travel_Rarely,No,10790.0,23.0,3.0,4.0,2.0,1.0,2.0,3.0,4.0,No,2,0,0,0.0,0,0.0,0,8,4,0,0,0
100253,E100253,33,Female,Married,Sales,Sales Executive,12,5,Technical Degree,Travel_Rarely,No,12553.0,11.0,2.0,3.0,3.0,4.0,3.0,3.0,3.0,No,3,3,0,0.0,0,0.0,2,10,0,0,0,1
100254,E100254,20,Female,Single,Sales,Sales Executive,7,5,Marketing,Travel_Rarely,No,9208.0,23.0,0.0,3.0,4.0,1.0,2.0,4.0,2.0,Yes,2,4,2,2.0,2,0.0,2,5,3,0,0,0
100255,E100255,37,Male,Single,Sales,Sales Representative,16,4,Marketing,Travel_Rarely,No,13717.0,19.0,0.0,3.0,2.0,4.0,2.0,1.0,4.0,No,3,2,1,1.0,1,0.0,7,7,4,0,0,1
100256,E100256,41,Unknown,Married,Research & Development,Healthcare Representative,11,4,Medical,Travel_Rarely,No,14687.0,12.0,1.0,3.0,1.0,4.0,4.0,1.0,2.0,No,3,5,2,0.0,3,1.0,4,8,1,0,0,0
100257,E100257,50,Male,Single,Sales,Sales Representative,14,4,Life Sciences,Travel_Rarely,No,8114.0,22.0,3.0,3.0,2.0,2.0,1.0,3.0,4.0,No,2,1,0,0.0,0,1.0,0,3,5,0,0,0
100258,E100258,41,Female,Married,Research & Development,Manager,3,2,Life Sciences,Travel_Rarely,No,7781.0,23.0,1.0,3.0,3.0,1.0,1.0,3.0,4.0,Yes,1,1,0,0.0,0,0.0,3,11,6,0,0,0
100259,E100259,28,Female,Married,Human Resources,Human Resources,19,1,Marketing,Travel_Rarely,No,22867.0,13.0,2.0,3.0,2.0,2.0,2.0,2.0,1.0,No,5,16,4,6.0,13,1.0,6,21,2,0,0,0
100260,E100260,25,Male,Single,Research & Development,Laboratory Technician,18,1,Technical Degree,Travel_Frequently,No,15700.0,15.0,3.0,3.0,1.0,4.0,4.0,2.0,2.0,Yes,4,2,0,0.0,0,1.0,4,11,0,0,0,0
100261,E100261,53,Female,Divorced,Human Resources,Manager,10,4,Medical,Travel_Rarely,No,10120.0,20.0,1.0,3.0,2.0,2.0,4.0,3.0,4.0,No,2,2,0,0.0,0,0.0,9,14,3,0,0,0
100262,E100262,55,Female,Single,Sales,Sales Representative,6,5,Life Sciences,Travel_Rarely,Yes,12319.0,22.0,2.0,4.0,3.0,2.0,3.0,2.0,2.0,No,3,4,1,1.0,0,1.0,5,18,1,0,0,0
100263,E100263,57,Male,Single,Research & Development,Research Scientist,13,3,Life Sciences,Travel_Frequently,No,10171.0,14.0,0.0,3.0,3.0,4.0,2.0,4.0,1.0,No,2,17,14,9.0,8,0.0,9,25,4,0,0,0
100264,E100264,37,Female,Single,Research & Development,Manager,10,4,Human Resources,Non-Travel,No,20875.0,23.0,2.0,3.0,4.0,3.0,3.0,3.0,4.0,No,5,20,17,5.0,13,1.0,3,21,4,0,0,0
100265,E100265,52,Male,Single,Sales,Sales Representative,18,5,Marketing,Travel_Rarely,No,12002.0,15.0,2.0,3.0,1.0,3.0,4.0,2.0,1.0,No,3,4,3,1.0,2,0.0,1,13,3,0,0,0
100266,E100266,42,Male,Single,Sales,Sales Executive,26,5,Unknown,Non-Travel,No,14876.0,16.0,2.0,3.0,1.0,1.0,2.0,3.0,4.0,No,4,0,0,0.0,0,1.0,8,9,2,0,0,0
100267,E100267,52,Male,Married,Research & Development,Research Scientist,20,2,Medical,Travel_Frequently,No,19541.0,15.0,3.0,4.0,2.0,2.0,1.0,1.0,1.0,No,4,11,9,1.0,2,2.0,1,20,5,0,0,0
100268,E100268,42,Male,Divorced,Research & Development,Manager,26,2,Life Sciences,Non-Travel,No,16606.0,20.0,0.0,3.0,1.0,1.0,1.0,4.0,1.0,Yes,4,4,2,0.0,3,0.0,1,8,6,0,0,0
100269,E100269,46,Male,Single,Research & Development,Research Scientist,16,1,Human Resources,Travel_Rarely,No,6802.0,11.0,3.0,3.0,3.0,2.0,3.0,3.0,3.0,No,1,2,1,0.0,1,0.0,1,7,1,0,0,0
100270,E100270,35,Female,Married,Research & Development,Research Scientist,25,1,Marketing,Travel_Frequently,No,12161.0,16.0,0.0,3.0,2.0,1.0,2.0,1.0,4.0,No,3,8,5,1.0,4,0.0,0,11,3,0,0,0
100271,E100271,35,Male,Married,Research & Development,Healthcare Representative,25,3,Marketing,Travel_Rarely,No,14347.0,19.0,1.0,3.0,4.0,1.0,4.0,3.0,4.0,No,3,2,1,0.0,1,2.0,2,8,3,0,0,0
100272,E100272,19,Male,Divorced,Sales,Sales Representative,6,3,Medical,Travel_Rarely,Yes,6462.0,13.0,1.0,3.0,2.0,4.0,3.0,1.0,4.0,No,1,0,0,0.0,0,2.0,5,1,4,0,0,0
100273,E100273,52,Male,Married,Research & Development,Manager,13,3,Life Sciences,Non-Travel,No,13876.0,25.0,2.0,3.0,2.0,3.0,1.0,2.0,2.0,No,3,8,6,0.0,3,2.0,6,14,3,0,0,0
100274,E100274,33,Female,Single,Sales,Manager,4,3,Medical,Travel_Rarely,No,6944.0,12.0,2.0,3.0,4.0,3.0,4.0,1.0,3.0,No,1,3,1,1.0,2,0.0,0,4,0,0,0,0
100275,E100275,58,Male,Married,Sales,Manager,23,5,Medical,Travel_Frequently,No,10085.0,16.0,3.0,3.0,2.0,3.0,2.0,4.0,2.0,Yes,2,2,1,0.0,1,1.0,4,2,0,0,0,0
100276,E100276,53,Male,Married,Human Resources,Manager,14,5,Other,Travel_Rarely,No,21195.0,22.0,0.0,3.0,1.0,4.0,1.0,4.0,4.0,Yes,5,1,0,0.0,0,1.0,4,11,1,0,0,0
100277,E100277,50,Male,Divorced,Research & Development,Research Scientist,1,1,Human Resources,Travel_Frequently,No,17401.0,24.0,0.0,3.0,2.0,3.0,4.0,2.0,3.0,No,4,4,1,0.0,3,1.0,0,8,3,0,0,0
100278,E100278,21,Male,Single,Research & Development,Manufacturing Director,28,2,Marketing,Travel_Frequently,Yes,5236.0,13.0,0.0,3.0,2.0,4.0,1.0,3.0,1.0,No,1,1,0,0.0,0,0.0,3,2,4,0,0,0
100279,E100279,50,Female,Married,Research & Development,Laboratory Technician,20,2,Other,Travel_Rarely,No,6202.0,14.0,2.0,3.0,2.0,2.0,2.0,4.0,3.0,No,1,1,0,0.0,0,0.0,9,8,5,0,0,1
100280,E100280,31,Female,Divorced,Research & Development,Laboratory Technician,5,4,Technical Degree,Travel_Rarely,No,6629.0,16.0,2.0,3.0,3.0,4.0,3.0,2.0,1.0,No,1,5,2,1.0,3,0.0,0,16,1,0,0,0
100281,E100281,38,Male,Divorced,Sales,Sales Representative,8,5,Marketing,Travel_Rarely,No,9736.0,22.0,0.0,3.0,3.0,1.0,4.0,4.0,4.0,No,2,10,3,2.0,5,0.0,0,21,2,0,0,0
100282,E100282,37,Female,Divorced,Sales,Sales Representative,12,3,Marketing,Non-Travel,No,6623.0,23.0,2.0,3.0,1.0,1.0,4.0,2.0,4.0,No,1,3,2,0.0,0,0.0,6,14,4,0,0,1
100283,E100283,25,Female,Married,Sales,Sales Representative,2,3,Human Resources,Travel_Rarely,No,22483.0,22.0,0.0,3.0,4.0,2.0,2.0,4.0,1.0,No,5,7,4,1.0,5,0.0,6,14,2,0,0,0
100284,E100284,24,Female,Married,Research & Development,Manufacturing Director,12,4,Technical Degree,Travel_Frequently,Yes,17830.0,16.0,3.0,4.0,3.0,2.0,1.0,2.0,3.0,Yes,5,7,4,3.0,1,0.0,2,7,1,0,0,0
100285,E100285,20,Male,Married,Research & Development,Manager,5,2,Life Sciences,Travel_Rarely,No,18553.0,22.0,1.0,3.0,3.0,1.0,1.0,4.0,2.0,No,4,5,4,2.0,3,0.0,6,8,0,0,0,0
100286,E100286,34,Male,Married,Research & Development,Manufacturing Director,22,3,Technical Degree,Travel_Frequently,No,10888.0,12.0,0.0,3.0,1.0,3.0,1.0,3.0,3.0,No,2,1,0,0.0,0,0.0,2,14,4,0,0,0
100287,E100287,50,Male,Single,Research & Development,Healthcare Representative,5,2,Life Sciences,Travel_Frequently,No,19031.0,23.0,2.0,3.0,1.0,3.0,4.0,1.0,1.0,No,5,10,3,4.0,4,0.0,1,18,5,0,0,0
100288,E100288,29,Female,Married,Human Resources,Human Resources,13,4,Technical Degree,Travel_Frequently,Yes,12808.0,23.0,3.0,3.0,4.0,3.0,4.0,4.0,1.0,No,3,2,0,0.0,0,1.0,9,6,4,0,0,0
100289,E100289,39,Male,Married,Sales,Sales Executive,9,2,Medical,Travel_Frequently,Yes,12289.0,13.0,2.0,3.0,2.0,2.0,1.0,2.0,2.0,No,3,0,0,0.0,0,2.0,3,11,1,0,0,0
100290,E100290,39,Male,Single,Sales,Manager,10,2,Technical Degree,Travel_Rarely,No,15368.0,23.0,2.0,4.0,2.0,1.0,4.0,3.0,2.0,No,3,1,0,0.0,0,1.0,9,11,4,0,0,0
100291,E100291,47,Male,Divorced,Research & Development,Laboratory Technician,1,2,Other,Travel_Frequently,No,8413.0,19.0,2.0,3.0,4.0,4.0,3.0,4.0,2.0,No,1,7,2,1.0,6,0.0,2,16,4,0,0,0
100292,E100292,55,Female,Married,Research & Development,Manufacturing Director,3,3,Other,Travel_Rarely,Yes,6125.0,12.0,0.0,3.0,4.0,2.0,2.0,2.0,1.0,No,1,0,0,0.0,0,0.0,6,12,1,0,0,0
100293,E100293,55,Male,Divorced,Human Resources,Human Resources,18,1,Human Resources,Travel_Rarely,No,13611.0,13.0,3.0,3.0,4.0,1.0,2.0,1.0,4.0,No,3,0,0,0.0,0,0.0,0,5,6,1,0,0
100294,E100294,25,Female,Single,Sales,Sales Executive,12,5,Life Sciences,Travel_Rarely,No,17210.0,19.0,0.0,4.0,1.0,3.0,4.0,2.0,3.0,Yes,4,5,3,0.0,3,0.0,5,7,3,0,0,0
100295,E100295,44,Female,Single,Research & Development,Healthcare Representative,29,2,Marketing,Travel_Rarely,No,14957.0,14.0,1.0,3.0,2.0,3.0,3.0,4.0,2.0,No,4,11,2,0.0,8,0.0,1,15,1,0,0,0
100296,E100296,44,Male,Married,Research & Development,Laboratory Technician,3,2,Human Resources,Travel_Rarely,No,8262.0,25.0,0.0,3.0,4.0,3.0,3.0,2.0,1.0,No,1,5,1,1.0,2,2.0,7,18,4,0,0,0
100297,E100297,51,Female,Single,Sales,Sales Executive,26,2,Other,Travel_Rarely,No,14136.0,11.0,1.0,3.0,4.0,1.0,1.0,2.0,3.0,No,3,1,0,0.0,0,0.0,4,12,5,0,0,0
100298,E100298,38,Male,Married,Research & Development,Manufacturing Director,25,1,Other,Travel_Rarely,No,15327.0,21.0,3.0,3.0,2.0,3.0,2.0,1.0,2.0,No,4,0,0,0.0,0,0.0,2,12,5,0,0,0
100299,E100299,47,Female,Married,Research & Development,Laboratory Technician,29,4,Life Sciences,Travel_Rarely,No,8210.0,23.0,3.0,3.0,2.0,1.0,2.0,4.0,4.0,No,1,4,3,0.0,3,0.0,9,16,1,0,0,0
100300,E100300,50,Male,Single,Human Resources,Human Resources,9,3,Unknown,Travel_Rarely,Yes,11862.0,12.0,0.0,4.0,1.0,2.0,2.0,4.0,3.0,No,3,0,0,0.0,0,1.0,6,12,4,0,0,0
100301,E100301,45,Female,Married,Sales,Manager,26,1,Other,Travel_Frequently,No,9350.0,25.0,0.0,3.0,3.0,4.0,4.0,1.0,3.0,No,2,4,3,1.0,1,0.0,1,4,2,0,0,0
100302,E100302,50,Female,Married,Research & Development,Manufacturing Director,2,2,Life Sciences,Travel_Rarely,No,11139.0,13.0,2.0,3.0,3.0,3.0,3.0,3.0,1.0,No,3,1,0,0.0,0,2.0,4,8,2,0,0,0
100303,E100303,22,Unknown,Married,Research & Development,Laboratory Technician,3,1,Other,Non-Travel,No,16675.0,19.0,1.0,4.0,1.0,2.0,1.0,2.0,1.0,No,3,11,10,0.0,6,1.0,7,21,0,0,0,0
100304,E100304,36,Female,Divorced,Research & Development,Manager,14,1,Marketing,Travel_Frequently,No,22090.0,25.0,2.0,4.0,1.0,2.0,4.0,2.0,1.0,No,5,3,0,0.0,1,0.0,0,17,6,0,0,0
100305,E100305,21,Male,Divorced,Research & Development,Research Scientist,4,1,Medical,Travel_Frequently,No,17252.0,19.0,2.0,3.0,2.0,1.0,1.0,2.0,4.0,No,5,1,0,0.0,0,0.0,0,6,1,0,0,0
100306,E100306,52,Female,Married,Research & Development,Manager,25,4,Human Resources,Travel_Frequently,No,10763.0,21.0,3.0,3.0,1.0,2.0,4.0,4.0,3.0,No,2,9,5,0.0,6,0.0,2,20,1,0,0,0
100307,E100307,34,Female,Married,Research & Development,Laboratory Technician,19,5,Marketing,Travel_Rarely,No,8209.0,25.0,0.0,3.0,1.0,1.0,2.0,4.0,2.0,No,2,1,0,0.0,0,1.0,2,2,2,0,0,0
100308,E100308,45,Male,Married,Research & Development,Research Scientist,13,3,Marketing,Travel_Rarely,No,13586.0,16.0,3.0,4.0,4.0,1.0,1.0,2.0,4.0,No,3,1,0,0.0,0,0.0,6,4,2,0,0,1
100309,E100309,47,Male,Divorced,Research & Development,Research Scientist,7,4,Medical,Travel_Rarely,Yes,14420.0,24.0,0.0,3.0,1.0,2.0,3.0,4.0,2.0,No,4,8,3,2.0,7,0.0,5,11,2,0,0,0
100310,E100310,46,Unknown,Married,Sales,Sales Executive,12,4,Human Resources,Travel_Rarely,No,10999.0,21.0,3.0,3.0,1.0,1.0,3.0,1.0,2.0,No,2,1,0,0.0,0,0.0,6,9,5,0,0,0
100311,E100311,23,Female,Married,Research & Development,Healthcare Representative,3,5,Marketing,Non-Travel,No,15064.0,16.0,3.0,3.0,4.0,1.0,4.0,1.0,1.0,No,3,2,0,0.0,0,1.0,3,10,5,0,0,0
100312,E100312,52,Female,Divorced,Sales,Sales Representative,23,4,Other,Travel_Rarely,No,6760.0,13.0,3.0,3.0,2.0,1.0,2.0,4.0,2.0,No,1,2,0,0.0,1,0.0,1,6,0,0,0,0
100313,E100313,58,Male,Single,Research & Development,Healthcare Representative,23,1,Medical,Travel_Frequently,No,18113.0,15.0,1.0,3.0,2.0,2.0,4.0,2.0,2.0,No,5,0,0,0.0,0,1.0,1,11,0,0,0,0
100314,E100314,54,Female,Divorced,Research & Development,Research Scientist,9,1,Human Resources,Travel_Rarely,No,14887.0,25.0,3.0,3.0,1.0,4.0,1.0,2.0,4.0,No,4,0,0,0.0,0,0.0,9,2,3,0,0,0
100315,E100315,41,Male,Single,Research & Development,Healthcare Representative,2,2,Technical Degree,Travel_Rarely,No,12732.0,21.0,1.0,3.0,1.0,1.0,3.0,2.0,1.0,No,3,6,4,1.0,1,0.0,0,6,5,0,0,1
100316,E100316,46,Female,Married,Research & Development,Healthcare Representative,29,4,Life Sciences,Travel_Rarely,No,7116.0,14.0,3.0,3.0,3.0,3.0,3.0,2.0,2.0,Yes,1,5,4,1.0,3,0.0,8,10,1,0,0,0
100317,E100317,48,Male,Married,Human Resources,Manager,22,2,Other,Travel_Rarely,No,20444.0,20.0,0.0,3.0,4.0,2.0,3.0,4.0,2.0,Yes,5,1,0,0.0,0,0.0,6,8,0,0,0,0
100318,E100318,52,Female,Divorced,Sales,Sales Representative,9,3,Medical,Non-Travel,Yes,5914.0,20.0,1.0,3.0,3.0,2.0,3.0,3.0,2.0,No,1,1,0,0.0,0,0.0,9,1,4,0,0,0
100319,E100319,50,Female,Divorced,Research & Development,Manufacturing Director,12,1,Life Sciences,Travel_Rarely,No,14311.0,22.0,0.0,3.0,1.0,1.0,1.0,3.0,3.0,No,3,14,12,6.0,13,2.0,2,24,1,0,0,0
100320,E100320,38,Male,Married,Research & Development,Healthcare Representative,12,3,Unknown,Travel_Rarely,No,12759.0,19.0,0.0,3.0,3.0,2.0,3.0,2.0,3.0,Yes,2,21,6,8.0,5,1.0,1,21,3,0,0,0
100321,E100321,49,Female,Married,Sales,Manager,15,5,Marketing,Travel_Rarely,No,17960.0,19.0,0.0,3.0,3.0,3.0,4.0,2.0,1.0,No,5,3,1,1.0,1,1.0,2,17,2,0,0,0
100322,E100322,40,Male,Married,Sales,Sales Executive,2,1,Marketing,Travel_Frequently,No,7780.0,11.0,1.0,4.0,2.0,4.0,3.0,2.0,4.0,Yes,1,8,6,3.0,4,0.0,6,18,3,0,0,0
100323,E100323,50,Female,Divorced,Human Resources,Human Resources,18,3,Human Resources,Travel_Rarely,No,11194.0,18.0,2.0,3.0,4.0,2.0,1.0,3.0,1.0,No,2,6,4,2.0,4,0.0,4,12,1,0,0,0
100324,E100324,20,Female,Married,Research & Development,Research Scientist,13,5,Medical,Travel_Rarely,Yes,14013.0,25.0,1.0,3.0,2.0,2.0,2.0,1.0,3.0,Yes,4,1,0,0.0,0,0.0,2,7,2,0,0,0
100325,E100325,35,Unknown,Married,Human Resources,Manager,14,3,Medical,Travel_Rarely,Yes,12972.0,19.0,2.0,3.0,2.0,2.0,2.0,3.0,1.0,No,3,0,0,0.0,0,1.0,8,1,3,0,0,0
100326,E100326,42,Female,Single,Human Resources,Manager,5,5,Human Resources,Travel_Rarely,No,13523.0,15.0,1.0,3.0,3.0,1.0,3.0,4.0,4.0,No,3,0,0,0.0,0,0.0,1,2,3,0,0,0
100327,E100327,59,Female,Divorced,Sales,Sales Executive,26,5,Unknown,Travel_Rarely,No,20650.0,14.0,3.0,3.0,4.0,3.0,2.0,3.0,1.0,No,5,9,8,0.0,6,0.0,6,10,1,0,0,0
100328,E100328,48,Male,Married,Research & Development,Manager,10,1,Marketing,Travel_Rarely,Yes,5994.0,20.0,2.0,3.0,1.0,4.0,1.0,4.0,2.0,No,1,6,2,2.0,4,0.0,9,11,0,0,0,0
100329,E100329,20,Male,Married,Research & Development,Healthcare Representative,12,2,Marketing,Travel_Rarely,No,15676.0,14.0,3.0,3.0,4.0,3.0,3.0,2.0,4.0,No,4,5,4,2.0,2,0.0,5,17,4,0,0,0
100330,E100330,57,Female,Single,Research & Development,Research Scientist,10,5,Medical,Travel_Rarely,No,18995.0,12.0,2.0,3.0,2.0,3.0,1.0,4.0,4.0,No,5,0,0,0.0,0,0.0,5,12,3,0,0,0
100331,E100331,41,Female,Divorced,Research & Development,Laboratory Technician,24,5,Medical,Travel_Rarely,No,18346.0,19.0,1.0,4.0,3.0,2.0,2.0,2.0,4.0,Yes,5,5,1,0.0,1,0.0,6,12,4,0,0,0
100332,E100332,49,Female,Single,Research & Development,Manager,11,1,Human Resources,Travel_Rarely,No,8404.0,15.0,1.0,3.0,1.0,4.0,2.0,1.0,1.0,No,1,7,3,1.0,1,1.0,5,14,5,0,0,0
100333,E100333,39,Female,Married,Research & Development,Manufacturing Director,25,2,Technical Degree,Travel_Rarely,No,18881.0,21.0,2.0,3.0,2.0,3.0,3.0,2.0,1.0,No,4,9,6,4.0,3,0.0,1,23,5,0,0,0
100334,E100334,40,Male,Divorced,Research & Development,Healthcare Representative,2,4,Life Sciences,Travel_Rarely,No,5352.0,13.0,3.0,3.0,3.0,4.0,2.0,2.0,2.0,No,1,0,0,0.0,0,2.0,4,0,1,0,0,0
100335,E100335,19,Female,Married,Sales,Sales Representative,5,4,Other,Travel_Rarely,No,15691.0,16.0,0.0,3.0,2.0,1.0,3.0,1.0,4.0,Yes,3,5,2,1.0,4,0.0,2,15,6,0,0,0
100336,E100336,44,Male,Single,Research & Development,Manufacturing Director,7,2,Technical Degree,Non-Travel,Yes,10571.0,19.0,2.0,3.0,3.0,2.0,3.0,2.0,2.0,No,2,0,0,0.0,0,1.0,8,8,1,0,0,0
100337,E100337,59,Male,Married,Research & Development,Manufacturing Director,6,3,Technical Degree,Travel_Frequently,No,13114.0,19.0,2.0,3.0,4.0,1.0,4.0,2.0,4.0,No,3,6,5,3.0,4,0.0,7,16,6,0,0,0
100338,E100338,19,Male,Divorced,Research & Development,Manager,22,1,Medical,Travel_Rarely,No,13048.0,22.0,3.0,3.0,2.0,4.0,4.0,2.0,3.0,No,3,5,2,0.0,4,0.0,9,12,6,0,0,1
100339,E100339,43,Male,Married,Sales,Sales Executive,23,2,Medical,Non-Travel,No,17705.0,23.0,0.0,3.0,4.0,2.0,4.0,3.0,1.0,Yes,5,0,0,0.0,0,3.0,1,8,6,0,0,0
100340,E100340,34,Male,Divorced,Research & Development,Laboratory Technician,3,4,Medical,Travel_Rarely,No,16412.0,15.0,2.0,3.0,4.0,1.0,1.0,4.0,2.0,No,3,7,5,1.0,5,0.0,0,19,0,0,0,0
100341,E100341,57,Male,Single,Sales,Sales Representative,13,5,Technical Degree,Travel_Rarely,No,16947.0,18.0,0.0,3.0,3.0,2.0,2.0,2.0,1.0,No,4,0,0,0.0,0,0.0,3,13,6,0,0,0
100342,E100342,50,Female,Married,Research & Development,Laboratory Technician,3,4,Life Sciences,Travel_Rarely,Yes,16222.0,14.0,0.0,3.0,1.0,1.0,2.0,3.0,1.0,Yes,3,8,2,2.0,2,2.0,3,20,2,0,0,0
100343,E100343,26,Male,Married,Research & Development,Laboratory Technician,26,5,Medical,Travel_Rarely,No,15625.0,15.0,1.0,3.0,4.0,3.0,4.0,2.0,3.0,No,4,1,0,0.0,0,1.0,9,9,4,0,0,0
100344,E100344,60,Male,Divorced,Research & Development,Research Scientist,25,1,Marketing,Travel_Frequently,No,8311.0,17.0,3.0,3.0,2.0,2.0,3.0,4.0,3.0,Yes,1,5,1,2.0,2,0.0,1,15,3,0,0,0
100345,E100345,56,Male,Single,Sales,Sales Executive,24,5,Life Sciences,Travel_Rarely,No,18414.0,17.0,2.0,3.0,2.0,4.0,3.0,2.0,4.0,No,5,12,8,3.0,3,1.0,6,23,2,0,0,0
100346,E100346,46,Male,Divorced,Research & Development,Manager,21,2,Unknown,Travel_Rarely,No,18474.0,23.0,2.0,3.0,3.0,2.0,3.0,4.0,3.0,No,4,2,1,1.0,1,0.0,2,7,5,0,0,0
100347,E100347,59,Male,Married,Research & Development,Healthcare Representative,6,5,Life Sciences,Travel_Rarely,No,14269.0,17.0,0.0,3.0,4.0,4.0,3.0,3.0,4.0,No,3,3,1,1.0,2,0.0,6,5,5,0,0,0
100348,E100348,43,Male,Married,Research & Development,Research Scientist,11,3,Medical,Travel_Frequently,No,18086.0,18.0,2.0,4.0,1.0,1.0,1.0,3.0,3.0,No,5,3,1,1.0,2,3.0,6,3,4,0,0,0
100349,E100349,52,Female,Single,Research & Development,Manager,28,2,Other,Travel_Rarely,No,21323.0,21.0,0.0,4.0,1.0,1.0,2.0,2.0,3.0,No,5,0,0,0.0,0,0.0,0,10,4,0,0,0
100350,E100350,42,Female,Divorced,Research & Development,Manufacturing Director,26,1,Human Resources,Travel_Rarely,No,17877.0,15.0,2.0,3.0,2.0,4.0,4.0,1.0,2.0,No,4,4,3,0.0,2,0.0,5,11,6,0,0,0
100351,E100351,41,Female,Single,Research & Development,Healthcare Representative,17,2,Medical,Travel_Rarely,No,19158.0,25.0,3.0,3.0,3.0,1.0,1.0,4.0,3.0,No,4,6,3,1.0,4,2.0,3,15,2,0,0,0
100352,E100352,30,Male,Single,Sales,Sales Executive,10,3,Technical Degree,Non-Travel,Yes,9968.0,11.0,2.0,3.0,4.0,2.0,2.0,2.0,2.0,Yes,2,12,7,6.0,1,2.0,7,14,2,0,0,0
100353,E100353,24,Male,Single,Sales,Manager,12,1,Other,Travel_Rarely,No,11301.0,21.0,0.0,3.0,2.0,1.0,1.0,3.0,3.0,No,2,9,3,1.0,2,0.0,7,21,0,0,0,0
100354,E100354,53,Female,Divorced,Research & Development,Manufacturing Director,17,4,Technical Degree,Non-Travel,No,21724.0,19.0,0.0,4.0,3.0,4.0,3.0,2.0,2.0,No,5,3,2,1.0,1,2.0,2,9,3,0,0,0
100355,E100355,37,Male,Married,Research & Development,Manager,4,3,Life Sciences,Travel_Rarely,No,13611.0,,,,,,,,,,2,6,5,2.0,3,0.0,3,18,3,1,0,1
100356,E100356,18,Male,Divorced,Research & Development,Research Scientist,2,1,Technical Degree,Travel_Rarely,No,13688.0,25.0,2.0,3.0,2.0,3.0,1.0,2.0,4.0,No,3,8,6,3.0,3,0.0,0,17,3,0,0,0
100357,E100357,25,Male,Single,Sales,Sales Executive,11,5,Other,Travel_Frequently,No,7350.0,17.0,0.0,3.0,3.0,4.0,3.0,4.0,3.0,No,1,3,1,1.0,1,1.0,9,8,6,0,0,0
100358,E100358,33,Male,Married,Sales,Sales Representative,7,2,Other,Travel_Frequently,Yes,16192.0,22.0,1.0,3.0,1.0,1.0,3.0,3.0,2.0,Yes,5,0,0,0.0,0,1.0,1,2,5,0,0,0
100359,E100359,31,Male,Married,Research & Development,Manufacturing Director,2,1,Medical,Travel_Rarely,No,7093.0,16.0,1.0,4.0,3.0,4.0,4.0,1.0,3.0,Yes,1,2,0,0.0,0,1.0,6,7,5,0,0,0
100360,E100360,29,Male,Divorced,Sales,Sales Executive,26,2,Marketing,Travel_Rarely,No,10305.0,23.0,2.0,4.0,2.0,1.0,4.0,1.0,2.0,Yes,2,9,5,2.0,3,1.0,6,20,2,0,0,0
100361,E100361,40,Male,Divorced,Research & Development,Laboratory Technician,18,5,Medical,Travel_Rarely,No,14992.0,23.0,3.0,3.0,4.0,1.0,2.0,3.0,2.0,No,4,4,2,2.0,2,0.0,8,6,0,0,0,0
100362,E100362,32,Male,Single,Sales,Manager,21,1,Life Sciences,Travel_Rarely,No,20617.0,15.0,2.0,3.0,3.0,3.0,4.0,3.0,3.0,Yes,5,6,3,2.0,3,1.0,9,18,1,0,0,0
100363,E100363,45,Female,Married,Research & Development,Research Scientist,4,4,Technical Degree,Travel_Rarely,No,10538.0,15.0,3.0,3.0,4.0,1.0,4.0,2.0,4.0,No,2,1,0,0.0,0,0.0,8,15,0,0,0,0
100364,E100364,51,Female,Single,Human Resources,Human Resources,8,3,Marketing,Travel_Rarely,No,15555.0,25.0,2.0,3.0,2.0,4.0,2.0,3.0,2.0,No,3,16,11,7.0,7,0.0,8,28,5,0,0,0
100365,E100365,19,Female,Married,Sales,Sales Representative,20,1,Unknown,Travel_Rarely,No,20572.0,13.0,0.0,4.0,1.0,4.0,1.0,3.0,1.0,No,5,2,0,0.0,0,1.0,5,15,6,0,0,0
100366,E100366,49,Female,Single,Research & Development,Healthcare Representative,14,5,Other,Travel_Rarely,No,19046.0,20.0,2.0,3.0,3.0,4.0,1.0,4.0,3.0,No,5,5,2,0.0,2,0.0,7,13,2,0,0,0
100367,E100367,40,Female,Single,Sales,Manager,12,1,Marketing,Travel_Rarely,No,15108.0,11.0,3.0,3.0,1.0,1.0,1.0,2.0,1.0,No,4,0,0,0.0,0,1.0,8,12,0,0,0,0
100368,E100368,39,Male,Married,Research & Development,Healthcare Representative,22,2,Marketing,Travel_Rarely,No,19990.0,16.0,3.0,3.0,4.0,4.0,3.0,4.0,2.0,No,5,0,0,0.0,0,0.0,6,0,2,0,0,0
100369,E100369,42,Male,Married,Research & Development,Manager,21,1,Medical,Travel_Frequently,No,17052.0,18.0,2.0,3.0,4.0,2.0,2.0,2.0,2.0,No,4,7,3,2.0,2,0.0,3,19,4,0,0,0
100370,E100370,39,Male,Married,Research & Development,Healthcare Representative,27,4,Human Resources,Travel_Rarely,No,11800.0,24.0,2.0,3.0,1.0,2.0,1.0,2.0,3.0,No,2,17,4,4.0,16,1.0,3,24,4,0,0,0
100371,E100371,39,Unknown,Married,Research & Development,Laboratory Technician,18,1,Other,Travel_Frequently,No,13251.0,12.0,1.0,3.0,2.0,4.0,4.0,1.0,4.0,Yes,3,1,0,0.0,0,1.0,5,5,1,0,0,0
100372,E100372,59,Female,Married,Research & Development,Laboratory Technician,11,3,Life Sciences,Travel_Rarely,No,15473.0,18.0,2.0,3.0,4.0,1.0,4.0,1.0,1.0,No,3,0,0,0.0,0,2.0,3,14,5,0,0,0
100373,E100373,23,Male,Single,Sales,Sales Representative,29,1,Life Sciences,Travel_Rarely,No,20289.0,18.0,2.0,3.0,2.0,4.0,4.0,3.0,4.0,No,5,2,1,0.0,0,0.0,6,5,6,0,0,0
100374,E100374,32,Female,Divorced,Sales,Sales Executive,28,2,Marketing,Travel_Rarely,No,15977.0,20.0,0.0,3.0,1.0,2.0,2.0,2.0,1.0,No,5,0,0,0.0,0,1.0,7,0,4,0,0,0
100375,E100375,60,Male,Single,Research & Development,Research Scientist,8,1,Marketing,Travel_Rarely,No,10993.0,18.0,3.0,3.0,2.0,1.0,2.0,3.0,4.0,Yes,2,1,0,0.0,0,1.0,7,9,1,0,0,0
100376,E100376,54,Female,Married,Research & Development,Laboratory Technician,2,4,Unknown,Travel_Rarely,No,20023.0,20.0,1.0,3.0,4.0,4.0,4.0,4.0,3.0,No,4,6,1,3.0,1,1.0,7,18,3,0,0,0
100377,E100377,50,Male,Married,Research & Development,Healthcare Representative,25,5,Human Resources,Travel_Rarely,No,14499.0,25.0,0.0,4.0,1.0,1.0,3.0,3.0,1.0,No,3,13,11,1.0,3,1.0,1,21,2,0,0,0
100378,E100378,25,Male,Married,Research & Development,Healthcare Representative,15,1,Other,Non-Travel,No,19098.0,13.0,2.0,4.0,2.0,4.0,3.0,4.0,3.0,No,4,0,0,0.0,0,0.0,9,12,6,0,0,0
100379,E100379,22,Male,Single,Research & Development,Healthcare Representative,9,1,Marketing,Travel_Frequently,No,9999.0,20.0,3.0,3.0,2.0,3.0,1.0,1.0,4.0,No,2,4,3,1.0,2,0.0,1,8,3,0,0,0
100380,E100380,56,Male,Married,Research & Development,Research Scientist,19,3,Technical Degree,Travel_Frequently,No,13613.0,18.0,2.0,3.0,3.0,1.0,1.0,1.0,4.0,Yes,3,1,0,0.0,0,0.0,1,14,3,0,0,0
100381,E100381,21,Male,Divorced,Research & Development,Manufacturing Director,20,4,Human Resources,Travel_Rarely,No,12627.0,21.0,2.0,3.0,4.0,2.0,1.0,4.0,4.0,No,3,0,0,0.0,0,0.0,1,10,1,0,0,0
100382,E100382,23,Male,Married,Human Resources,Manager,8,5,Other,Travel_Rarely,Yes,7100.0,25.0,2.0,3.0,3.0,2.0,1.0,4.0,3.0,Yes,1,1,0,0.0,0,0.0,3,9,2,0,0,0
100383,E100383,49,Female,Married,Research & Development,Manager,25,2,Life Sciences,Travel_Frequently,No,10163.0,22.0,2.0,4.0,2.0,2.0,1.0,4.0,2.0,No,2,4,0,2.0,3,1.0,4,18,1,0,0,0
100384,E100384,47,Male,Married,Sales,Manager,19,1,Technical Degree,Travel_Rarely,No,8797.0,22.0,3.0,3.0,4.0,2.0,2.0,3.0,2.0,No,2,0,0,0.0,0,1.0,3,9,0,0,0,0
100385,E100385,52,Male,Single,Sales,Manager,5,5,Human Resources,Travel_Rarely,No,6436.0,24.0,0.0,3.0,1.0,4.0,2.0,4.0,1.0,No,1,2,0,0.0,0,1.0,4,15,3,0,0,0
100386,E100386,57,Female,Married,Sales,Sales Representative,11,2,Technical Degree,Travel_Rarely,No,15247.0,14.0,2.0,3.0,1.0,4.0,3.0,2.0,3.0,No,4,0,0,0.0,0,2.0,3,8,2,0,0,0
100387,E100387,33,Female,Married,Sales,Sales Executive,15,4,Marketing,Travel_Rarely,Yes,6335.0,13.0,2.0,3.0,1.0,1.0,3.0,4.0,3.0,Yes,1,1,0,0.0,0,1.0,6,7,3,0,0,0
100388,E100388,30,Male,Single,Research & Development,Manager,8,4,Medical,Non-Travel,No,10014.0,21.0,1.0,4.0,2.0,3.0,2.0,1.0,3.0,Yes,2,1,0,0.0,0,1.0,9,8,0,0,0,0
100389,E100389,59,Male,Single,Research & Development,Healthcare Representative,19,5,Life Sciences,Travel_Rarely,No,15474.0,19.0,1.0,3.0,2.0,3.0,3.0,4.0,4.0,No,4,10,9,4.0,7,0.0,0,10,5,0,0,0
100390,E100390,47,Male,Single,Research & Development,Laboratory Technician,23,2,Unknown,Travel_Rarely,No,15093.0,18.0,3.0,3.0,1.0,1.0,4.0,1.0,3.0,No,3,6,4,1.0,2,0.0,0,9,0,0,0,0
100391,E100391,36,Male,Married,Research & Development,Healthcare Representative,27,4,Marketing,Travel_Rarely,Yes,7481.0,20.0,2.0,3.0,3.0,2.0,3.0,1.0,2.0,No,1,10,4,2.0,6,1.0,1,19,5,0,0,0
100392,E100392,34,Female,Divorced,Research & Development,Research Scientist,8,5,Human Resources,Travel_Rarely,No,16325.0,23.0,2.0,3.0,3.0,3.0,4.0,3.0,1.0,Yes,4,2,0,0.0,1,1.0,0,11,2,0,0,0
100393,E100393,36,Male,Single,Sales,Sales Representative,26,4,Technical Degree,Travel_Rarely,No,15064.0,23.0,2.0,3.0,4.0,3.0,4.0,4.0,2.0,No,4,1,0,0.0,0,0.0,9,15,2,0,0,0
100394,E100394,45,Male,Married,Sales,Sales Executive,27,4,Life Sciences,Travel_Rarely,No,14758.0,12.0,3.0,3.0,4.0,1.0,1.0,1.0,3.0,Yes,4,2,1,0.0,0,3.0,9,5,6,0,0,0
100395,E100395,43,Female,Single,Sales,Manager,19,4,Marketing,Non-Travel,Yes,6068.0,23.0,3.0,3.0,1.0,2.0,3.0,2.0,1.0,No,1,0,0,0.0,0,2.0,2,11,0,0,0,0
100396,E100396,54,Male,Divorced,Research & Development,Laboratory Technician,18,3,Human Resources,Travel_Rarely,No,14026.0,23.0,2.0,4.0,2.0,4.0,4.0,4.0,1.0,No,3,6,5,1.0,2,0.0,5,14,3,0,0,0
100397,E100397,43,Male,Single,Sales,Manager,10,2,Life Sciences,Travel_Rarely,Yes,16968.0,25.0,2.0,3.0,2.0,4.0,3.0,4.0,3.0,No,4,2,0,0.0,0,0.0,9,4,4,0,0,0
100398,E100398,40,Male,Married,Sales,Sales Representative,29,5,Technical Degree,Travel_Rarely,Yes,6815.0,23.0,3.0,3.0,4.0,3.0,3.0,1.0,3.0,Yes,1,1,0,0.0,0,0.0,5,15,3,0,0,0
100399,E100399,26,Female,Married,Research & Development,Manager,7,5,Marketing,Travel_Rarely,Yes,10275.0,24.0,2.0,3.0,1.0,4.0,2.0,3.0,2.0,No,2,4,1,2.0,1,0.0,0,15,4,0,0,0
100400,E100400,29,Male,Married,Research & Development,Manager,28,2,Other,Travel_Rarely,No,6001.0,18.0,0.0,3.0,4.0,1.0,2.0,3.0,2.0,Yes,1,2,1,0.0,0,1.0,5,11,1,0,0,0
100401,E100401,18,Female,Married,Sales,Sales Representative,9,2,Marketing,Travel_Rarely,No,10643.0,21.0,0.0,4.0,3.0,3.0,1.0,4.0,4.0,Yes,1,19,5,8.0,4,0.0,4,33,2,0,0,1
100402,E100402,18,Male,Married,Research & Development,Laboratory Technician,1,2,Marketing,Travel_Rarely,No,7609.0,21.0,3.0,3.0,1.0,3.0,3.0,4.0,4.0,No,1,2,0,0.0,0,0.0,6,11,0,0,0,0
100403,E100403,51,Male,Married,Research & Development,Manager,19,2,Life Sciences,Travel_Rarely,No,13712.0,13.0,0.0,4.0,1.0,2.0,2.0,3.0,4.0,No,4,4,2,1.0,2,0.0,5,4,1,0,0,0
100404,E100404,49,Female,Single,Research & Development,Laboratory Technician,5,1,Life Sciences,Non-Travel,No,7195.0,20.0,1.0,3.0,1.0,4.0,4.0,3.0,3.0,Yes,1,1,0,0.0,0,0.0,6,15,3,0,0,0
100405,E100405,42,Female,Single,Human Resources,Manager,19,5,Life Sciences,Travel_Rarely,No,14616.0,22.0,2.0,4.0,3.0,2.0,4.0,2.0,3.0,No,2,23,17,0.0,12,2.0,1,33,4,0,0,0
100406,E100406,57,Female,Married,Sales,Manager,1,1,Life Sciences,Travel_Rarely,No,15501.0,24.0,1.0,3.0,1.0,3.0,1.0,4.0,4.0,No,4,2,1,0.0,1,1.0,0,6,5,0,0,0
100407,E100407,18,Female,Single,Sales,Sales Representative,15,4,Human Resources,Travel_Rarely,No,10300.0,16.0,1.0,3.0,4.0,4.0,4.0,4.0,4.0,No,2,5,2,0.0,3,1.0,6,11,2,0,0,0
100408,E100408,33,Female,Single,Research & Development,Healthcare Representative,16,4,Medical,Travel_Frequently,Yes,18959.0,15.0,1.0,3.0,3.0,2.0,3.0,4.0,2.0,No,5,0,0,0.0,0,0.0,8,11,4,0,0,0
100409,E100409,56,Male,Married,Research & Development,Manufacturing Director,23,5,Human Resources,Travel_Rarely,No,6975.0,18.0,0.0,3.0,2.0,4.0,4.0,3.0,4.0,No,1,6,5,2.0,1,0.0,1,9,3,0,0,0
100410,E100410,22,Male,Divorced,Research & Development,Research Scientist,7,4,Marketing,Travel_Rarely,No,18729.0,19.0,2.0,3.0,4.0,3.0,1.0,1.0,4.0,No,4,1,0,0.0,0,0.0,6,9,6,0,0,0
100411,E100411,39,Female,Married,Research & Development,Manufacturing Director,26,2,Human Resources,Travel_Rarely,No,18548.0,21.0,2.0,3.0,4.0,3.0,1.0,2.0,1.0,No,4,2,0,0.0,0,0.0,2,7,3,0,0,0
100412,E100412,46,Male,Single,Research & Development,Laboratory Technician,12,1,Technical Degree,Travel_Rarely,No,13611.0,17.0,3.0,3.0,4.0,3.0,4.0,3.0,4.0,Yes,1,10,4,3.0,2,0.0,5,15,0,1,0,1
100413,E100413,20,Female,Single,Human Resources,Human Resources,8,2,Other,Travel_Rarely,No,13967.0,16.0,1.0,4.0,3.0,1.0,3.0,3.0,1.0,No,3,17,6,3.0,16,1.0,2,19,1,0,0,0
100414,E100414,29,Female,Divorced,Human Resources,Human Resources,5,4,Life Sciences,Travel_Rarely,No,13397.0,16.0,0.0,3.0,4.0,2.0,2.0,2.0,4.0,Yes,3,2,1,1.0,0,2.0,9,11,2,0,0,0
100415,E100415,43,Male,Single,Research & Development,Research Scientist,10,1,Technical Degree,Travel_Rarely,No,10584.0,11.0,1.0,4.0,3.0,2.0,3.0,4.0,1.0,No,2,9,2,3.0,5,0.0,4,18,0,0,0,0
100416,E100416,33,Male,Single,Sales,Sales Executive,28,2,Other,Travel_Frequently,Yes,7080.0,15.0,1.0,3.0,1.0,3.0,3.0,1.0,4.0,No,1,0,0,0.0,0,0.0,1,4,4,0,0,1
100417,E100417,54,Female,Married,Research & Development,Research Scientist,21,5,Technical Degree,Travel_Rarely,No,8349.0,24.0,2.0,3.0,2.0,2.0,3.0,2.0,2.0,No,1,9,3,1.0,2,1.0,7,18,6,0,0,0
100418,E100418,39,Male,Married,Sales,Sales Executive,5,2,Marketing,Travel_Rarely,No,19280.0,18.0,3.0,3.0,1.0,3.0,4.0,1.0,3.0,No,5,4,3,1.0,0,0.0,7,9,1,0,0,0
100419,E100419,46,Female,Married,Sales,Sales Executive,17,4,Life Sciences,Travel_Rarely,Yes,11967.0,16.0,0.0,4.0,4.0,2.0,2.0,4.0,1.0,Yes,3,3,2,0.0,1,0.0,6,16,2,0,0,0
100420,E100420,31,Male,Single,Research & Development,Manufacturing Director,26,1,Technical Degree,Travel_Rarely,Yes,13864.0,22.0,2.0,3.0,3.0,4.0,3.0,1.0,3.0,Yes,3,11,7,0.0,3,1.0,5,14,4,0,0,0
100421,E100421,45,Female,Single,Sales,Manager,5,5,Marketing,Travel_Rarely,No,9413.0,11.0,1.0,3.0,3.0,2.0,2.0,4.0,2.0,No,1,9,6,3.0,2,1.0,0,21,2,0,0,0
100422,E100422,22,Male,Divorced,Sales,Sales Executive,22,1,Life Sciences,Travel_Rarely,Yes,9324.0,25.0,2.0,3.0,1.0,3.0,1.0,3.0,4.0,No,2,1,0,0.0,0,0.0,7,3,2,0,0,0
100423,E100423,47,Female,Single,Sales,Sales Executive,15,5,Medical,Travel_Rarely,No,6351.0,25.0,1.0,3.0,4.0,2.0,2.0,4.0,4.0,No,1,7,4,3.0,3,1.0,0,11,5,0,0,0
100424,E100424,22,Male,Married,Research & Development,Research Scientist,13,1,Marketing,Travel_Rarely,Yes,8240.0,15.0,0.0,4.0,2.0,4.0,4.0,2.0,2.0,No,2,0,0,0.0,0,0.0,7,6,5,0,0,0
100425,E100425,29,Male,Married,Research & Development,Manager,28,4,Human Resources,Travel_Rarely,No,13638.0,23.0,2.0,3.0,3.0,4.0,1.0,2.0,3.0,No,3,8,4,2.0,3,1.0,1,18,6,0,0,0
100426,E100426,33,Male,Married,Research & Development,Healthcare Representative,1,5,Life Sciences,Travel_Rarely,No,22171.0,21.0,2.0,3.0,3.0,4.0,1.0,4.0,3.0,No,5,5,4,1.0,3,0.0,7,10,1,0,0,0
100427,E100427,43,Female,Single,Sales,Sales Executive,11,3,Technical Degree,Travel_Rarely,No,17717.0,22.0,2.0,3.0,4.0,3.0,3.0,4.0,3.0,Yes,4,0,0,0.0,0,0.0,9,1,5,0,0,0
100428,E100428,43,Female,Single,Research & Development,Research Scientist,23,1,Other,Travel_Frequently,No,14396.0,15.0,2.0,3.0,3.0,1.0,2.0,3.0,3.0,No,3,5,4,1.0,0,0.0,3,5,4,0,0,0
100429,E100429,38,Male,Married,Research & Development,Healthcare Representative,1,1,Technical Degree,Travel_Rarely,No,10538.0,22.0,2.0,3.0,4.0,3.0,1.0,3.0,1.0,Yes,2,4,2,0.0,1,0.0,6,8,5,0,0,0
100430,E100430,56,Male,Divorced,Research & Development,Healthcare Representative,11,2,Human Resources,Travel_Rarely,No,6776.0,13.0,0.0,3.0,4.0,4.0,1.0,4.0,3.0,No,1,4,2,1.0,0,1.0,4,8,6,0,0,0
100431,E100431,53,Male,Divorced,Research & Development,Healthcare Representative,18,5,Human Resources,Travel_Rarely,No,13908.0,18.0,3.0,3.0,2.0,2.0,2.0,1.0,1.0,No,3,1,0,0.0,0,0.0,7,12,6,0,0,0
100432,E100432,50,Female,Single,Sales,Sales Representative,18,3,Unknown,Travel_Rarely,No,13611.0,25.0,0.0,3.0,4.0,4.0,2.0,3.0,2.0,No,5,1,0,0.0,0,2.0,5,12,0,1,0,0
100433,E100433,47,Female,Single,Human Resources,Human Resources,21,4,Other,Travel_Frequently,No,10982.0,19.0,2.0,3.0,1.0,1.0,1.0,2.0,4.0,No,2,7,5,0.0,0,1.0,4,12,0,0,0,0
100434,E100434,54,Male,Divorced,Research & Development,Healthcare Representative,26,2,Life Sciences,Travel_Rarely,No,5912.0,16.0,1.0,3.0,2.0,1.0,1.0,3.0,1.0,No,1,1,0,0.0,0,0.0,0,3,0,0,0,0
100435,E100435,40,Male,Married,Human Resources,Human Resources,16,3,Marketing,Travel_Rarely,No,16328.0,16.0,1.0,4.0,4.0,4.0,2.0,3.0,3.0,No,4,2,1,0.0,0,0.0,2,2,6,0,0,0
100436,E100436,27,Male,Divorced,Research & Development,Manufacturing Director,13,5,Human Resources,Travel_Rarely,No,9910.0,12.0,2.0,3.0,4.0,3.0,4.0,3.0,4.0,No,2,5,1,1.0,2,0.0,9,19,2,0,0,0
100437,E100437,22,Male,Single,Research & Development,Research Scientist,7,3,Human Resources,Travel_Rarely,Yes,5634.0,20.0,3.0,3.0,2.0,1.0,2.0,3.0,1.0,Yes,1,0,0,0.0,0,1.0,8,3,3,0,0,0
100438,E100438,53,Male,Married,Research & Development,Research Scientist,1,1,Human Resources,Travel_Rarely,No,17766.0,12.0,2.0,3.0,3.0,4.0,4.0,4.0,4.0,No,4,4,2,0.0,1,0.0,8,7,1,0,0,0
100439,E100439,51,Female,Married,Research & Development,Laboratory Technician,26,1,Other,Travel_Rarely,No,8139.0,16.0,0.0,3.0,2.0,3.0,1.0,3.0,2.0,Yes,1,4,0,0.0,3,1.0,4,13,0,0,0,0
100440,E100440,48,Male,Married,Human Resources,Human Resources,16,2,Medical,Travel_Rarely,No,16207.0,22.0,3.0,3.0,3.0,2.0,3.0,1.0,3.0,No,4,5,1,1.0,0,2.0,2,6,1,0,0,0
100441,E100441,27,Female,Married,Research & Development,Healthcare Representative,1,5,Other,Travel_Rarely,Yes,14697.0,18.0,3.0,3.0,2.0,3.0,2.0,3.0,2.0,Yes,4,2,0,0.0,1,1.0,5,15,5,0,0,0
100442,E100442,36,Male,Single,Sales,Manager,17,5,Life Sciences,Non-Travel,Yes,18478.0,12.0,0.0,4.0,2.0,1.0,1.0,3.0,4.0,Yes,4,2,1,0.0,0,0.0,4,9,2,0,0,0
100443,E100443,49,Male,Married,Research & Development,Manufacturing Director,6,3,Life Sciences,Travel_Rarely,Yes,6936.0,19.0,3.0,3.0,1.0,3.0,1.0,2.0,2.0,Yes,1,2,1,0.0,0,0.0,0,7,1,0,0,0
100444,E100444,18,Female,Single,Research & Development,Healthcare Representative,2,2,Life Sciences,Travel_Rarely,No,17126.0,23.0,2.0,3.0,2.0,3.0,3.0,3.0,3.0,Yes,4,8,6,2.0,4,1.0,1,19,0,0,0,0
100445,E100445,22,Female,Married,Research & Development,Laboratory Technician,17,5,Life Sciences,Travel_Rarely,No,9409.0,22.0,2.0,3.0,1.0,2.0,2.0,2.0,1.0,No,2,0,0,0.0,0,0.0,4,2,0,0,0,0
100446,E100446,21,Female,Divorced,Sales,Sales Executive,6,1,Life Sciences,Travel_Rarely,No,21634.0,24.0,1.0,3.0,4.0,4.0,1.0,2.0,2.0,No,5,16,4,6.0,3,0.0,8,30,6,0,0,1
100447,E100447,33,Male,Married,Research & Development,Research Scientist,14,3,Technical Degree,Travel_Frequently,Yes,18901.0,19.0,0.0,3.0,3.0,3.0,4.0,4.0,3.0,Yes,5,5,2,0.0,1,0.0,3,5,2,0,0,0
100448,E100448,41,Male,Divorced,Research & Development,Manufacturing Director,18,4,Human Resources,Travel_Rarely,No,19887.0,25.0,3.0,3.0,3.0,2.0,3.0,2.0,4.0,No,4,10,4,1.0,9,2.0,8,21,2,0,0,0
100449,E100449,33,Female,Single,Research & Development,Research Scientist,6,1,Other,Non-Travel,No,17912.0,24.0,3.0,3.0,1.0,1.0,4.0,2.0,2.0,No,5,2,1,0.0,0,1.0,2,12,4,0,0,0
100450,E100450,19,Male,Married,Research & Development,Manager,10,2,Technical Degree,Travel_Rarely,No,16723.0,14.0,3.0,3.0,3.0,4.0,2.0,1.0,1.0,No,5,2,0,0.0,1,0.0,0,4,2,0,0,1
100451,E100451,45,Male,Divorced,Research & Development,Manufacturing Director,24,5,Other,Travel_Rarely,No,14855.0,14.0,2.0,3.0,3.0,1.0,4.0,1.0,2.0,No,4,11,6,2.0,8,0.0,5,18,3,0,0,0
100452,E100452,49,Male,Single,Sales,Sales Executive,18,1,Medical,Travel_Rarely,No,14786.0,14.0,0.0,3.0,2.0,4.0,3.0,2.0,4.0,No,4,0,0,0.0,0,1.0,9,3,3,0,0,0
100453,E100453,44,Male,Single,Research & Development,Healthcare Representative,27,4,Marketing,Travel_Rarely,No,8173.0,21.0,2.0,3.0,1.0,3.0,1.0,4.0,4.0,No,2,0,0,0.0,0,0.0,6,2,0,0,0,0
100454,E100454,37,Female,Married,Sales,Manager,9,4,Human Resources,Travel_Rarely,No,12512.0,15.0,3.0,3.0,3.0,3.0,3.0,1.0,4.0,No,3,1,0,0.0,0,2.0,3,13,5,0,0,0
100455,E100455,41,Male,Single,Sales,Manager,8,2,Medical,Travel_Rarely,Yes,7526.0,18.0,2.0,3.0,4.0,4.0,1.0,1.0,2.0,No,1,16,11,8.0,3,2.0,9,26,2,0,0,0
100456,E100456,29,Male,Married,Research & Development,Healthcare Representative,28,1,Technical Degree,Travel_Frequently,No,13611.0,,,,,,,,,,4,5,1,1.0,1,0.0,4,8,3,1,0,0
100457,E100457,52,Male,Divorced,Human Resources,Human Resources,10,3,Marketing,Travel_Rarely,No,16127.0,21.0,3.0,3.0,2.0,1.0,4.0,3.0,2.0,No,4,4,1,0.0,1,0.0,3,14,6,0,0,0
100458,E100458,50,Male,Married,Research & Development,Manager,17,1,Medical,Travel_Rarely,No,17962.0,15.0,2.0,3.0,4.0,1.0,3.0,1.0,1.0,No,5,6,5,3.0,1,0.0,2,20,3,0,0,0
100459,E100459,50,Male,Single,Research & Development,Manager,23,4,Other,Travel_Rarely,No,9807.0,24.0,3.0,3.0,3.0,3.0,3.0,2.0,3.0,Yes,2,2,1,0.0,0,1.0,0,5,6,0,0,0
100460,E100460,60,Male,Married,Research & Development,Research Scientist,29,2,Marketing,Travel_Rarely,No,19861.0,12.0,2.0,4.0,3.0,4.0,1.0,2.0,2.0,Yes,5,7,4,4.0,6,0.0,5,8,4,0,0,0
100461,E100461,54,Male,Married,Research & Development,Manager,26,2,Other,Travel_Rarely,No,13977.0,25.0,1.0,3.0,1.0,4.0,3.0,2.0,1.0,No,4,2,0,0.0,1,0.0,9,5,5,0,0,0
100462,E100462,29,Female,Single,Sales,Sales Representative,6,3,Medical,Travel_Frequently,No,17957.0,21.0,2.0,3.0,3.0,1.0,2.0,4.0,4.0,No,4,8,5,0.0,1,0.0,4,18,6,0,0,0
100463,E100463,20,Male,Married,Human Resources,Manager,14,2,Technical Degree,Travel_Rarely,No,22922.0,21.0,1.0,3.0,1.0,3.0,2.0,2.0,2.0,No,5,1,0,0.0,0,0.0,0,12,5,0,0,0
100464,E100464,18,Male,Married,Research & Development,Manager,22,2,Other,Travel_Rarely,No,18564.0,18.0,1.0,3.0,3.0,4.0,4.0,3.0,2.0,Yes,4,1,0,0.0,0,1.0,4,9,2,0,0,0
100465,E100465,50,Female,Married,Research & Development,Laboratory Technician,22,2,Marketing,Travel_Frequently,No,10907.0,11.0,2.0,3.0,4.0,4.0,4.0,4.0,2.0,No,3,3,1,0.0,1,1.0,5,6,4,0,0,0
100466,E100466,57,Female,Single,Sales,Manager,6,2,Medical,Travel_Rarely,No,7903.0,25.0,0.0,4.0,2.0,1.0,3.0,1.0,1.0,Yes,1,2,1,1.0,0,0.0,9,13,5,0,0,0
100467,E100467,27,Male,Married,Research & Development,Healthcare Representative,26,2,Other,Travel_Rarely,No,6023.0,17.0,0.0,3.0,4.0,1.0,4.0,4.0,2.0,No,1,5,1,1.0,4,1.0,4,5,5,0,0,0
100468,E100468,60,Male,Single,Sales,Sales Executive,7,4,Technical Degree,Travel_Rarely,No,5162.0,13.0,2.0,3.0,2.0,4.0,3.0,2.0,2.0,No,1,2,0,0.0,0,0.0,0,2,6,0,0,0
100469,E100469,46,Male,Single,Sales,Sales Executive,12,1,Human Resources,Travel_Rarely,No,11472.0,14.0,2.0,3.0,1.0,3.0,4.0,4.0,3.0,Yes,3,1,0,0.0,0,0.0,4,1,1,0,0,0
100470,E100470,30,Female,Divorced,Research & Development,Research Scientist,3,5,Technical Degree,Travel_Rarely,No,16299.0,24.0,3.0,3.0,3.0,2.0,2.0,4.0,1.0,No,4,3,1,1.0,0,2.0,9,16,4,0,0,0
100471,E100471,29,Female,Married,Research & Development,Laboratory Technician,14,2,Unknown,Travel_Frequently,No,19595.0,25.0,3.0,3.0,4.0,4.0,1.0,4.0,3.0,Yes,5,4,2,0.0,3,0.0,0,8,5,0,0,0
100472,E100472,48,Female,Single,Research & Development,Research Scientist,22,5,Human Resources,Travel_Rarely,No,9959.0,18.0,2.0,3.0,3.0,4.0,1.0,4.0,3.0,No,2,0,0,0.0,0,0.0,2,5,1,0,0,0
100473,E100473,19,Male,Single,Research & Development,Research Scientist,19,5,Technical Degree,Travel_Rarely,No,18377.0,13.0,0.0,3.0,1.0,3.0,2.0,3.0,3.0,No,4,4,3,0.0,2,0.0,1,15,1,0,0,0
100474,E100474,52,Female,Single,Research & Development,Research Scientist,23,4,Human Resources,Travel_Rarely,No,11842.0,22.0,3.0,4.0,2.0,4.0,1.0,4.0,3.0,No,3,1,0,0.0,0,1.0,0,6,5,0,0,0
100475,E100475,40,Male,Single,Research & Development,Healthcare Representative,16,2,Human Resources,Travel_Rarely,Yes,12248.0,23.0,3.0,3.0,4.0,2.0,3.0,2.0,4.0,No,3,2,0,1.0,0,0.0,3,7,6,0,0,0
100476,E100476,34,Male,Single,Research & Development,Research Scientist,7,5,Other,Travel_Rarely,No,6390.0,23.0,0.0,3.0,2.0,3.0,3.0,1.0,2.0,No,1,1,0,0.0,0,0.0,1,9,2,0,0,0
100477,E100477,43,Male,Single,Sales,Manager,8,2,Other,Travel_Rarely,No,16165.0,17.0,2.0,3.0,2.0,2.0,2.0,3.0,3.0,Yes,4,13,4,6.0,6,0.0,4,13,1,0,0,0
100478,E100478,25,Female,Married,Research & Development,Manager,18,3,Human Resources,Travel_Rarely,No,8486.0,22.0,0.0,3.0,1.0,2.0,2.0,4.0,1.0,Yes,1,5,3,2.0,3,0.0,9,14,1,0,0,0
100479,E100479,46,Male,Married,Human Resources,Human Resources,25,3,Medical,Travel_Rarely,No,10422.0,11.0,1.0,3.0,2.0,4.0,2.0,1.0,2.0,No,2,1,0,0.0,0,0.0,0,6,4,0,0,0
100480,E100480,43,Unknown,Married,Research & Development,Research Scientist,13,3,Marketing,Travel_Rarely,No,8842.0,19.0,3.0,3.0,1.0,2.0,2.0,3.0,3.0,No,1,5,4,2.0,1,0.0,9,17,2,0,0,0
100481,E100481,27,Male,Married,Research & Development,Research Scientist,21,5,Medical,Travel_Rarely,Yes,11446.0,23.0,3.0,3.0,2.0,4.0,1.0,2.0,3.0,Yes,2,9,8,0.0,5,2.0,0,16,6,0,0,0
100482,E100482,43,Male,Single,Research & Development,Research Scientist,9,3,Human Resources,Travel_Rarely,No,12809.0,16.0,3.0,3.0,2.0,4.0,1.0,2.0,1.0,Yes,3,2,1,0.0,0,0.0,9,9,2,0,0,0
100483,E100483,51,Male,Divorced,Research & Development,Manufacturing Director,10,4,Marketing,Travel_Rarely,No,7716.0,13.0,0.0,3.0,4.0,3.0,1.0,1.0,4.0,Yes,1,8,2,3.0,5,0.0,3,19,1,0,0,0
100484,E100484,58,Male,Divorced,Research & Development,Research Scientist,21,4,Other,Travel_Rarely,No,7354.0,17.0,0.0,4.0,1.0,3.0,3.0,4.0,1.0,No,1,0,0,0.0,0,0.0,6,14,6,0,0,0
100485,E100485,24,Female,Divorced,Sales,Sales Executive,23,5,Marketing,Travel_Rarely,No,20612.0,25.0,2.0,3.0,3.0,3.0,4.0,1.0,4.0,Yes,5,8,2,2.0,1,0.0,1,22,4,0,0,0
100486,E100486,21,Male,Divorced,Research & Development,Manager,27,2,Human Resources,Non-Travel,No,13611.0,23.0,3.0,3.0,3.0,4.0,3.0,3.0,4.0,Yes,3,3,2,0.0,1,0.0,1,5,4,1,0,0
100487,E100487,28,Female,Divorced,Research & Development,Manufacturing Director,9,1,Other,Travel_Rarely,No,19849.0,15.0,1.0,3.0,3.0,2.0,4.0,1.0,4.0,Yes,5,1,0,0.0,0,1.0,0,13,4,0,0,0
100488,E100488,46,Female,Married,Research & Development,Manufacturing Director,15,2,Marketing,Travel_Rarely,No,9030.0,18.0,2.0,3.0,4.0,2.0,2.0,1.0,3.0,No,2,2,0,0.0,0,0.0,4,6,4,0,0,0
100489,E100489,53,Female,Single,Sales,Sales Representative,20,2,Marketing,Travel_Rarely,No,13660.0,18.0,0.0,3.0,4.0,3.0,2.0,4.0,3.0,Yes,2,22,15,10.0,8,1.0,5,31,0,0,0,0
100490,E100490,42,Male,Married,Human Resources,Human Resources,2,2,Medical,Travel_Rarely,No,14714.0,22.0,1.0,3.0,2.0,3.0,1.0,2.0,4.0,No,3,7,1,0.0,1,0.0,5,10,6,0,0,0
100491,E100491,38,Male,Married,Research & Development,Manufacturing Director,25,2,Marketing,Travel_Rarely,No,10444.0,19.0,2.0,3.0,2.0,4.0,1.0,4.0,4.0,No,2,4,1,1.0,2,0.0,1,15,5,0,0,0
100492,E100492,53,Male,Married,Research & Development,Laboratory Technician,13,1,Human Resources,Non-Travel,No,12709.0,16.0,0.0,3.0,3.0,1.0,4.0,2.0,3.0,No,3,0,0,0.0,0,0.0,6,0,1,0,0,1
100493,E100493,27,Female,Married,Research & Development,Manufacturing Director,2,3,Life Sciences,Travel_Rarely,No,8763.0,14.0,1.0,3.0,2.0,1.0,4.0,4.0,4.0,Yes,2,2,0,0.0,0,0.0,5,10,1,0,0,0
100494,E100494,54,Female,Single,Research & Development,Manufacturing Director,19,2,Life Sciences,Non-Travel,No,16040.0,23.0,2.0,3.0,2.0,4.0,1.0,2.0,3.0,No,4,1,0,0.0,0,0.0,7,5,1,0,0,0
100495,E100495,26,Male,Married,Human Resources,Human Resources,26,4,Life Sciences,Non-Travel,No,5025.0,12.0,1.0,3.0,4.0,1.0,2.0,4.0,4.0,No,1,0,0,0.0,0,0.0,5,1,2,0,0,0
100496,E100496,41,Unknown,Divorced,Research & Development,Healthcare Representative,2,5,Human Resources,Travel_Rarely,No,14581.0,13.0,0.0,3.0,3.0,1.0,1.0,2.0,3.0,Yes,4,3,2,1.0,2,0.0,8,14,6,0,0,0
100497,E100497,52,Male,Married,Research & Development,Healthcare Representative,3,5,Life Sciences,Travel_Rarely,No,13874.0,15.0,2.0,3.0,1.0,1.0,2.0,2.0,1.0,No,3,10,2,5.0,6,1.0,9,11,2,0,0,0
100498,E100498,52,Female,Married,Sales,Manager,6,4,Medical,Travel_Rarely,No,13079.0,18.0,0.0,3.0,3.0,3.0,2.0,2.0,4.0,No,3,5,2,2.0,1,0.0,1,15,4,0,0,0
100499,E100499,53,Male,Single,Research & Development,Laboratory Technician,3,2,Human Resources,Travel_Rarely,No,17314.0,22.0,3.0,3.0,4.0,2.0,3.0,2.0,4.0,Yes,4,1,0,0.0,0,0.0,6,7,5,0,0,0
100500,E100500,35,Female,Married,Research & Development,Manufacturing Director,10,1,Other,Travel_Rarely,No,7317.0,20.0,3.0,3.0,3.0,2.0,3.0,4.0,1.0,No,1,4,1,0.0,2,0.0,4,7,6,0,0,0
100501,E100501,56,Male,Divorced,Research & Development,Research Scientist,24,3,Human Resources,Travel_Rarely,No,6581.0,12.0,1.0,3.0,1.0,3.0,4.0,3.0,2.0,No,1,14,6,2.0,7,0.0,0,14,2,0,0,0
100502,E100502,49,Female,Married,Sales,Sales Representative,27,5,Human Resources,Travel_Rarely,No,21026.0,15.0,3.0,3.0,2.0,3.0,2.0,2.0,4.0,No,5,6,4,0.0,3,0.0,2,10,3,0,0,0
100503,E100503,41,Female,Divorced,Research & Development,Healthcare Representative,6,3,Marketing,Travel_Frequently,Yes,9661.0,24.0,0.0,4.0,3.0,3.0,1.0,2.0,2.0,No,2,5,3,1.0,0,3.0,3,6,6,0,0,0
100504,E100504,40,Female,Married,Sales,Sales Representative,23,1,Marketing,Travel_Rarely,No,19634.0,19.0,1.0,3.0,4.0,1.0,2.0,2.0,1.0,Yes,5,17,14,2.0,9,3.0,1,31,1,0,0,0
100505,E100505,49,Male,Married,Sales,Sales Representative,16,5,Marketing,Travel_Rarely,No,7715.0,12.0,2.0,4.0,4.0,4.0,4.0,2.0,4.0,Yes,1,8,2,1.0,6,0.0,6,14,1,0,0,0
100506,E100506,54,Male,Single,Research & Development,Manager,17,3,Technical Degree,Non-Travel,No,17537.0,25.0,0.0,3.0,3.0,4.0,2.0,2.0,2.0,No,4,0,0,0.0,0,2.0,0,14,0,0,0,0
100507,E100507,29,Male,Married,Research & Development,Laboratory Technician,19,1,Medical,Travel_Rarely,Yes,10147.0,18.0,2.0,3.0,2.0,1.0,2.0,1.0,4.0,No,2,2,1,0.0,0,0.0,2,10,0,0,0,0
100508,E100508,30,Male,Married,Research & Development,Healthcare Representative,3,3,Human Resources,Travel_Rarely,No,21047.0,13.0,2.0,3.0,2.0,1.0,4.0,1.0,4.0,No,4,16,5,6.0,10,0.0,8,28,3,0,0,0
100509,E100509,40,Male,Married,Research & Development,Laboratory Technician,18,2,Human Resources,Travel_Rarely,No,18979.0,18.0,2.0,3.0,4.0,3.0,2.0,2.0,3.0,No,5,3,0,1.0,1,1.0,1,3,0,0,0,0
100510,E100510,42,Female,Married,Sales,Sales Representative,7,1,Marketing,Travel_Rarely,No,15394.0,14.0,2.0,3.0,4.0,3.0,3.0,2.0,2.0,No,3,0,0,0.0,0,3.0,4,11,5,0,0,0
100511,E100511,52,Male,Divorced,Research & Development,Manufacturing Director,9,3,Human Resources,Non-Travel,No,15823.0,14.0,0.0,3.0,1.0,2.0,4.0,2.0,3.0,No,4,3,1,1.0,2,0.0,3,4,4,0,0,0
100512,E100512,58,Male,Single,Research & Development,Research Scientist,20,2,Unknown,Travel_Rarely,No,17960.0,22.0,3.0,3.0,2.0,3.0,3.0,3.0,3.0,No,5,5,3,2.0,4,0.0,2,15,4,0,0,0
100513,E100513,47,Male,Divorced,Sales,Sales Executive,12,2,Human Resources,Travel_Rarely,No,22498.0,17.0,0.0,3.0,3.0,1.0,4.0,4.0,2.0,Yes,5,30,20,5.0,28,0.0,4,35,6,0,0,0
100514,E100514,34,Male,Single,Research & Development,Healthcare Representative,5,1,Life Sciences,Travel_Frequently,No,17605.0,15.0,3.0,3.0,4.0,2.0,2.0,2.0,2.0,No,5,1,0,0.0,0,0.0,5,8,1,0,0,0
100515,E100515,37,Female,Married,Research & Development,Laboratory Technician,3,4,Other,Travel_Rarely,No,13564.0,14.0,2.0,3.0,4.0,3.0,3.0,3.0,3.0,No,3,3,2,0.0,2,1.0,0,9,4,0,0,0
100516,E100516,42,Male,Single,Research & Development,Manager,11,5,Other,Travel_Rarely,No,15086.0,17.0,3.0,3.0,4.0,2.0,3.0,3.0,4.0,No,3,10,3,1.0,5,2.0,1,18,0,0,0,0
100517,E100517,39,Female,Single,Research & Development,Laboratory Technician,25,1,Human Resources,Travel_Frequently,Yes,13768.0,22.0,2.0,3.0,4.0,2.0,1.0,2.0,4.0,No,3,2,0,0.0,0,2.0,0,15,3,0,0,0
100518,E100518,30,Male,Married,Research & Development,Research Scientist,4,2,Technical Degree,Travel_Frequently,No,7931.0,13.0,1.0,4.0,2.0,3.0,3.0,4.0,1.0,Yes,2,0,0,0.0,0,0.0,2,1,5,0,0,0
100519,E100519,36,Female,Single,Research & Development,Manager,5,2,Marketing,Travel_Rarely,Yes,14957.0,25.0,2.0,3.0,4.0,4.0,3.0,1.0,4.0,No,3,14,11,8.0,2,0.0,7,25,4,0,0,0
100520,E100520,53,Female,Married,Research & Development,Healthcare Representative,1,1,Medical,Travel_Rarely,Yes,11734.0,19.0,3.0,3.0,2.0,1.0,2.0,2.0,2.0,No,3,3,2,0.0,2,0.0,7,11,1,0,0,0
100521,E100521,29,Male,Divorced,Sales,Sales Representative,27,4,Medical,Travel_Rarely,No,13520.0,24.0,1.0,3.0,1.0,1.0,3.0,2.0,2.0,No,3,3,2,0.0,1,1.0,3,6,1,0,1,0
100522,E100522,58,Female,Single,Research & Development,Research Scientist,28,5,Life Sciences,Travel_Rarely,No,18459.0,23.0,1.0,3.0,1.0,2.0,3.0,1.0,1.0,Yes,4,4,3,0.0,3,1.0,5,14,5,0,0,0
100523,E100523,36,Male,Married,Research & Development,Manager,29,3,Medical,Travel_Rarely,No,15691.0,15.0,2.0,3.0,3.0,4.0,3.0,4.0,2.0,Yes,3,0,0,0.0,0,0.0,8,14,0,0,0,0
100524,E100524,29,Female,Married,Research & Development,Laboratory Technician,18,1,Medical,Travel_Rarely,No,9572.0,22.0,0.0,3.0,4.0,4.0,2.0,1.0,3.0,No,2,13,11,1.0,9,1.0,6,15,4,0,0,0
100525,E100525,26,Male,Married,Research & Development,Laboratory Technician,12,5,Marketing,Travel_Rarely,No,19649.0,13.0,3.0,3.0,3.0,3.0,4.0,2.0,1.0,No,5,2,1,0.0,0,0.0,1,8,0,0,0,0
100526,E100526,24,Female,Single,Research & Development,Healthcare Representative,13,5,Marketing,Travel_Rarely,No,16344.0,12.0,1.0,3.0,2.0,3.0,2.0,2.0,1.0,No,4,2,0,0.0,1,0.0,1,6,1,0,0,0
100527,E100527,45,Female,Single,Research & Development,Research Scientist,9,2,Technical Degree,Non-Travel,No,8044.0,17.0,0.0,3.0,3.0,1.0,3.0,3.0,4.0,No,1,0,0,0.0,0,1.0,2,12,3,0,0,0
100528,E100528,31,Female,Single,Sales,Manager,2,3,Life Sciences,Travel_Rarely,No,13309.0,22.0,2.0,3.0,3.0,3.0,4.0,1.0,4.0,No,3,2,1,0.0,0,0.0,7,6,4,0,0,0
100529,E100529,48,Female,Single,Research & Development,Laboratory Technician,5,1,Medical,Travel_Rarely,No,18570.0,17.0,2.0,3.0,4.0,3.0,2.0,3.0,3.0,Yes,5,8,7,0.0,6,0.0,9,19,6,0,0,0
100530,E100530,36,Male,Single,Research & Development,Manager,13,2,Technical Degree,Travel_Rarely,Yes,20500.0,22.0,2.0,3.0,2.0,2.0,2.0,3.0,3.0,Yes,5,8,3,4.0,5,0.0,8,20,3,0,0,0
100531,E100531,33,Male,Married,Sales,Sales Representative,16,2,Life Sciences,Travel_Rarely,No,17768.0,23.0,2.0,4.0,2.0,4.0,4.0,3.0,4.0,No,4,13,5,7.0,1,0.0,2,14,5,0,0,0
100532,E100532,22,Male,Divorced,Human Resources,Manager,16,4,Other,Travel_Rarely,No,6932.0,15.0,3.0,3.0,4.0,4.0,1.0,3.0,4.0,Yes,1,2,1,0.0,1,1.0,8,7,4,0,0,0
100533,E100533,52,Male,Divorced,Research & Development,Healthcare Representative,24,5,Medical,Travel_Frequently,Yes,11333.0,14.0,1.0,4.0,2.0,3.0,3.0,1.0,3.0,No,2,6,5,2.0,1,1.0,9,11,1,0,0,0
100534,E100534,29,Female,Married,Research & Development,Laboratory Technician,3,1,Medical,Travel_Rarely,Yes,18245.0,23.0,3.0,3.0,1.0,3.0,1.0,1.0,4.0,Yes,5,3,2,0.0,1,1.0,7,14,4,0,0,0
100535,E100535,42,Male,Single,Sales,Sales Representative,22,1,Marketing,Travel_Frequently,No,22504.0,21.0,1.0,3.0,4.0,3.0,3.0,1.0,1.0,No,5,8,5,1.0,4,1.0,4,11,1,0,0,0
100536,E100536,38,Unknown,Single,Sales,Sales Representative,4,1,Human Resources,Travel_Rarely,No,17094.0,12.0,0.0,3.0,4.0,1.0,3.0,2.0,3.0,No,5,6,4,1.0,0,0.0,9,10,2,0,0,1
100537,E100537,53,Female,Single,Human Resources,Manager,11,2,Life Sciences,Travel_Frequently,Yes,22284.0,12.0,0.0,3.0,4.0,1.0,1.0,4.0,4.0,No,5,2,0,0.0,1,1.0,2,8,1,0,0,0
100538,E100538,40,Female,Single,Sales,Manager,23,4,Medical,Travel_Rarely,No,18935.0,17.0,1.0,3.0,1.0,2.0,1.0,3.0,2.0,No,4,2,1,0.0,1,1.0,6,15,1,0,0,0
100539,E100539,33,Male,Married,Research & Development,Manufacturing Director,26,3,Unknown,Travel_Rarely,No,6980.0,20.0,2.0,3.0,2.0,1.0,3.0,2.0,2.0,No,1,1,0,0.0,0,0.0,8,8,5,0,0,0
100540,E100540,56,Female,Married,Research & Development,Laboratory Technician,14,2,Technical Degree,Non-Travel,No,20960.0,17.0,0.0,3.0,1.0,4.0,4.0,1.0,3.0,No,5,4,3,1.0,0,1.0,5,9,4,0,0,0
100541,E100541,59,Female,Married,Sales,Sales Representative,29,3,Technical Degree,Travel_Rarely,No,9851.0,14.0,3.0,3.0,1.0,1.0,4.0,1.0,2.0,No,2,16,4,6.0,5,0.0,2,20,3,0,0,0
100542,E100542,56,Male,Married,Sales,Sales Representative,3,4,Human Resources,Travel_Rarely,No,8917.0,24.0,1.0,3.0,1.0,4.0,1.0,2.0,2.0,Yes,2,1,0,0.0,0,0.0,4,12,1,0,0,1
100543,E100543,31,Female,Divorced,Research & Development,Research Scientist,16,5,Medical,Travel_Rarely,No,10865.0,14.0,0.0,4.0,3.0,1.0,1.0,3.0,1.0,No,3,0,0,0.0,0,0.0,6,2,4,0,0,0
100544,E100544,48,Female,Divorced,Human Resources,Human Resources,22,1,Marketing,Travel_Rarely,Yes,16840.0,14.0,1.0,3.0,2.0,1.0,2.0,1.0,3.0,No,5,0,0,0.0,0,0.0,7,6,1,0,0,0
100545,E100545,22,Male,Single,Research & Development,Laboratory Technician,15,3,Medical,Travel_Frequently,Yes,20466.0,21.0,2.0,4.0,2.0,2.0,4.0,3.0,2.0,No,5,7,3,2.0,3,2.0,3,14,0,0,0,0
100546,E100546,52,Male,Divorced,Research & Development,Manufacturing Director,28,2,Life Sciences,Travel_Rarely,No,17359.0,12.0,1.0,3.0,4.0,3.0,4.0,3.0,4.0,No,5,2,0,0.0,1,1.0,1,4,0,0,0,0
100547,E100547,40,Male,Divorced,Research & Development,Manager,10,3,Other,Travel_Rarely,No,21163.0,23.0,0.0,3.0,4.0,3.0,3.0,4.0,3.0,Yes,5,1,0,0.0,0,0.0,9,5,0,0,0,0
100548,E100548,46,Male,Married,Research & Development,Healthcare Representative,9,5,Technical Degree,Travel_Rarely,No,19615.0,23.0,1.0,3.0,3.0,3.0,2.0,1.0,3.0,No,5,2,1,0.0,1,1.0,1,12,0,0,0,0
100549,E100549,60,Male,Married,Research & Development,Laboratory Technician,11,1,Life Sciences,Travel_Rarely,No,10184.0,19.0,0.0,3.0,1.0,2.0,3.0,2.0,2.0,Yes,2,5,2,0.0,4,0.0,2,6,3,0,0,0
100550,E100550,28,Male,Married,Research & Development,Manager,16,3,Human Resources,Travel_Rarely,No,7467.0,11.0,0.0,3.0,4.0,4.0,2.0,4.0,2.0,No,1,3,2,1.0,1,1.0,7,12,5,0,0,0
100551,E100551,35,Male,Divorced,Research & Development,Healthcare Representative,10,5,Technical Degree,Travel_Frequently,Yes,7094.0,25.0,0.0,3.0,2.0,1.0,4.0,3.0,1.0,Yes,1,6,3,1.0,2,0.0,0,15,1,0,0,0
100552,E100552,29,Male,Divorced,Research & Development,Manufacturing Director,17,2,Marketing,Travel_Rarely,No,12607.0,18.0,3.0,3.0,4.0,2.0,3.0,2.0,4.0,No,3,2,1,1.0,0,2.0,6,13,0,0,0,0
100553,E100553,26,Female,Single,Sales,Sales Executive,19,4,Technical Degree,Travel_Rarely,No,9165.0,16.0,2.0,3.0,1.0,4.0,2.0,4.0,1.0,No,2,3,1,1.0,0,0.0,5,6,4,0,0,0
100554,E100554,27,Male,Married,Human Resources,Human Resources,2,2,Other,Travel_Rarely,No,21583.0,25.0,2.0,3.0,3.0,2.0,3.0,4.0,1.0,No,5,0,0,0.0,0,0.0,1,11,0,0,0,0
100555,E100555,34,Female,Married,Sales,Sales Representative,24,1,Medical,Travel_Rarely,Yes,6216.0,23.0,1.0,3.0,1.0,2.0,2.0,4.0,4.0,No,1,0,0,0.0,0,1.0,8,3,2,0,0,0
100556,E100556,55,Male,Married,Sales,Sales Executive,23,2,Other,Travel_Rarely,No,15724.0,20.0,1.0,3.0,4.0,4.0,1.0,3.0,2.0,No,4,3,1,1.0,2,0.0,4,14,2,0,0,0
100557,E100557,24,Male,Single,Research & Development,Manufacturing Director,2,2,Other,Travel_Rarely,No,18467.0,17.0,0.0,3.0,3.0,3.0,3.0,3.0,1.0,No,4,1,0,0.0,0,0.0,1,13,5,0,0,0
100558,E100558,30,Male,Divorced,Research & Development,Manager,6,2,Medical,Non-Travel,No,13611.0,22.0,2.0,4.0,3.0,1.0,1.0,1.0,3.0,Yes,4,4,1,1.0,1,0.0,2,11,3,1,0,0
100559,E100559,57,Male,Married,Research & Development,Manager,19,2,Technical Degree,Travel_Frequently,No,19859.0,15.0,1.0,3.0,1.0,3.0,2.0,4.0,1.0,No,5,0,0,0.0,0,0.0,6,2,6,0,0,0
100560,E100560,59,Male,Divorced,Research & Development,Manufacturing Director,8,1,Human Resources,Travel_Rarely,No,18633.0,16.0,1.0,3.0,4.0,2.0,3.0,2.0,4.0,No,5,0,0,0.0,0,2.0,6,4,2,0,0,0
100561,E100561,26,Female,Divorced,Research & Development,Manufacturing Director,26,5,Medical,Travel_Rarely,Yes,15506.0,16.0,2.0,3.0,1.0,4.0,2.0,3.0,1.0,No,3,10,7,1.0,7,2.0,9,20,4,0,0,0
100562,E100562,44,Male,Married,Sales,Manager,29,3,Medical,Travel_Rarely,No,14734.0,23.0,0.0,3.0,4.0,2.0,2.0,4.0,1.0,No,3,4,1,1.0,3,0.0,0,8,0,0,0,0
100563,E100563,19,Female,Married,Research & Development,Laboratory Technician,3,4,Marketing,Travel_Rarely,No,13910.0,19.0,1.0,3.0,4.0,3.0,1.0,2.0,3.0,No,3,6,5,3.0,4,0.0,9,7,2,0,0,0
100564,E100564,22,Female,Married,Research & Development,Healthcare Representative,26,3,Technical Degree,Travel_Rarely,No,17038.0,20.0,0.0,3.0,2.0,3.0,3.0,3.0,4.0,No,4,9,5,5.0,3,0.0,3,17,2,0,0,0
100565,E100565,46,Male,Single,Research & Development,Research Scientist,14,3,Medical,Travel_Rarely,No,17207.0,23.0,2.0,3.0,3.0,3.0,4.0,2.0,3.0,No,5,3,1,1.0,2,0.0,5,6,3,0,0,0
100566,E100566,54,Male,Married,Research & Development,Research Scientist,25,4,Human Resources,Travel_Rarely,No,18671.0,14.0,2.0,3.0,4.0,1.0,2.0,2.0,2.0,No,4,7,2,4.0,1,0.0,7,15,2,0,0,0
100567,E100567,55,Female,Single,Sales,Sales Executive,16,1,Life Sciences,Travel_Rarely,No,13261.0,22.0,1.0,4.0,1.0,3.0,1.0,1.0,4.0,No,3,3,1,1.0,2,0.0,2,11,0,0,0,0
100568,E100568,36,Male,Married,Research & Development,Manager,1,4,Technical Degree,Travel_Frequently,No,16352.0,21.0,1.0,3.0,1.0,1.0,4.0,3.0,1.0,No,5,1,0,0.0,0,0.0,2,2,5,0,0,0
100569,E100569,25,Male,Single,Research & Development,Laboratory Technician,21,1,Marketing,Travel_Rarely,Yes,10763.0,22.0,2.0,3.0,2.0,1.0,1.0,3.0,3.0,No,2,2,1,0.0,0,0.0,7,10,6,0,0,0
100570,E100570,18,Female,Single,Research & Development,Manufacturing Director,3,3,Other,Travel_Rarely,Yes,6581.0,23.0,0.0,3.0,2.0,3.0,1.0,3.0,3.0,Yes,1,3,1,0.0,2,0.0,7,11,5,0,0,0
100571,E100571,39,Male,Single,Research & Development,Research Scientist,22,1,Medical,Travel_Rarely,Yes,5136.0,15.0,0.0,3.0,2.0,4.0,1.0,3.0,4.0,Yes,1,1,0,0.0,0,0.0,7,2,5,0,0,0
100572,E100572,34,Female,Single,Human Resources,Human Resources,26,5,Human Resources,Travel_Rarely,No,15175.0,14.0,3.0,4.0,3.0,2.0,2.0,1.0,3.0,Yes,3,2,1,0.0,1,1.0,0,12,6,0,0,0
100573,E100573,24,Female,Married,Research & Development,Laboratory Technician,18,4,Technical Degree,Travel_Rarely,No,16893.0,11.0,2.0,3.0,2.0,2.0,4.0,1.0,4.0,Yes,4,2,0,1.0,0,3.0,7,14,1,0,0,0
100574,E100574,42,Male,Married,Human Resources,Human Resources,9,5,Human Resources,Travel_Rarely,Yes,8875.0,20.0,1.0,3.0,3.0,1.0,2.0,4.0,2.0,Yes,2,0,0,0.0,0,1.0,7,5,0,0,1,0
100575,E100575,21,Male,Married,Research & Development,Manager,6,3,Human Resources,Travel_Rarely,Yes,20723.0,16.0,2.0,4.0,2.0,1.0,2.0,3.0,4.0,No,5,0,0,0.0,0,3.0,1,8,2,0,0,0
100576,E100576,53,Male,Single,Sales,Sales Executive,23,4,Other,Travel_Rarely,No,17472.0,15.0,1.0,3.0,3.0,1.0,3.0,2.0,4.0,No,4,0,0,0.0,0,0.0,8,3,2,0,0,0
100577,E100577,23,Male,Single,Sales,Sales Executive,21,3,Marketing,Travel_Rarely,Yes,10388.0,14.0,0.0,3.0,4.0,2.0,4.0,1.0,2.0,No,3,0,0,0.0,0,1.0,6,1,6,0,1,0
100578,E100578,48,Male,Single,Research & Development,Manager,25,5,Technical Degree,Non-Travel,No,17176.0,16.0,1.0,3.0,2.0,1.0,3.0,2.0,2.0,No,4,2,1,0.0,1,1.0,7,8,2,0,0,0
100579,E100579,36,Female,Single,Sales,Manager,1,3,Medical,Travel_Rarely,Yes,15402.0,22.0,3.0,3.0,3.0,4.0,1.0,2.0,1.0,No,3,4,1,1.0,3,0.0,1,18,3,0,0,0
100580,E100580,56,Male,Divorced,Sales,Sales Executive,21,4,Marketing,Travel_Rarely,No,6189.0,15.0,0.0,3.0,4.0,4.0,4.0,2.0,3.0,Yes,1,1,0,0.0,0,0.0,3,9,4,0,0,0
100581,E100581,44,Male,Single,Human Resources,Manager,27,4,Medical,Travel_Rarely,No,13611.0,,,,,,,,,,1,10,6,2.0,6,0.0,6,15,0,1,0,0
100582,E100582,27,Female,Married,Research & Development,Healthcare Representative,10,3,Life Sciences,Travel_Rarely,No,15308.0,12.0,2.0,3.0,4.0,2.0,2.0,4.0,2.0,No,4,8,3,1.0,3,0.0,5,18,5,0,0,0
100583,E100583,43,Female,Single,Research & Development,Laboratory Technician,27,4,Human Resources,Travel_Frequently,No,11234.0,23.0,1.0,4.0,2.0,3.0,1.0,3.0,3.0,No,2,3,1,1.0,0,0.0,6,13,2,0,0,0
100584,E100584,36,Unknown,Single,Sales,Sales Executive,6,4,Life Sciences,Travel_Rarely,Yes,22946.0,16.0,0.0,3.0,1.0,2.0,2.0,1.0,3.0,No,5,6,5,3.0,1,0.0,0,19,6,0,0,0
100585,E100585,56,Male,Married,Sales,Sales Representative,23,3,Human Resources,Travel_Rarely,No,11207.0,14.0,1.0,3.0,3.0,3.0,3.0,3.0,1.0,No,3,2,1,0.0,1,0.0,7,5,1,0,0,0
100586,E100586,20,Female,Married,Sales,Sales Representative,12,5,Other,Travel_Rarely,Yes,20256.0,21.0,3.0,3.0,1.0,3.0,1.0,4.0,1.0,Yes,5,0,0,0.0,0,0.0,6,0,3,0,0,0
100587,E100587,30,Male,Single,Research & Development,Manager,4,4,Marketing,Travel_Rarely,No,7981.0,25.0,0.0,3.0,3.0,1.0,2.0,4.0,4.0,No,1,11,4,2.0,4,2.0,3,14,4,0,0,0
100588,E100588,45,Male,Single,Human Resources,Human Resources,28,4,Medical,Travel_Rarely,Yes,8720.0,23.0,3.0,3.0,1.0,4.0,2.0,2.0,1.0,No,2,0,0,0.0,0,0.0,0,2,2,0,0,0
100589,E100589,37,Male,Married,Research & Development,Healthcare Representative,13,4,Other,Travel_Rarely,No,11945.0,20.0,0.0,3.0,2.0,1.0,2.0,3.0,2.0,No,2,14,5,1.0,9,1.0,7,20,5,0,0,0
100590,E100590,45,Female,Single,Sales,Sales Executive,17,4,Medical,Travel_Rarely,Yes,17153.0,13.0,2.0,3.0,1.0,3.0,1.0,2.0,2.0,Yes,5,4,3,0.0,1,2.0,9,14,0,0,0,0
100591,E100591,25,Male,Single,Research & Development,Manufacturing Director,27,3,Marketing,Non-Travel,Yes,8200.0,24.0,2.0,3.0,2.0,1.0,3.0,4.0,3.0,No,1,1,0,0.0,0,1.0,6,13,1,0,0,0
100592,E100592,58,Male,Divorced,Research & Development,Healthcare Representative,8,5,Technical Degree,Travel_Rarely,No,20363.0,18.0,1.0,4.0,3.0,3.0,4.0,3.0,1.0,No,5,3,1,0.0,1,0.0,7,13,5,0,0,0
100593,E100593,56,Male,Married,Research & Development,Laboratory Technician,26,5,Life Sciences,Travel_Frequently,No,17344.0,22.0,3.0,3.0,2.0,1.0,2.0,3.0,4.0,No,4,3,1,0.0,0,1.0,9,12,3,0,0,0
100594,E100594,18,Male,Married,Research & Development,Healthcare Representative,20,1,Life Sciences,Travel_Frequently,No,9843.0,19.0,3.0,3.0,1.0,4.0,1.0,1.0,4.0,No,2,0,0,0.0,0,0.0,0,4,0,0,0,0
100595,E100595,20,Female,Married,Research & Development,Manufacturing Director,3,4,Medical,Travel_Rarely,No,10652.0,25.0,0.0,3.0,4.0,4.0,4.0,4.0,4.0,No,2,2,1,0.0,1,1.0,4,13,6,0,0,0
100596,E100596,30,Female,Married,Sales,Manager,12,4,Medical,Travel_Rarely,No,18000.0,17.0,2.0,3.0,3.0,2.0,2.0,4.0,4.0,No,4,6,2,3.0,5,2.0,8,8,0,0,0,0
100597,E100597,45,Female,Married,Sales,Sales Representative,7,1,Medical,Travel_Frequently,No,7870.0,12.0,1.0,4.0,4.0,3.0,1.0,1.0,3.0,Yes,1,3,2,1.0,1,0.0,4,16,3,0,0,0
100598,E100598,42,Male,Married,Human Resources,Human Resources,12,5,Marketing,Travel_Rarely,No,10258.0,18.0,2.0,3.0,4.0,3.0,3.0,4.0,1.0,No,2,1,0,0.0,0,0.0,9,2,6,0,0,0
100599,E100599,50,Male,Married,Sales,Sales Representative,2,2,Technical Degree,Travel_Frequently,No,14120.0,21.0,3.0,3.0,4.0,1.0,2.0,2.0,1.0,No,3,2,0,0.0,1,0.0,2,14,0,0,0,0
100600,E100600,55,Male,Single,Sales,Sales Representative,24,2,Life Sciences,Travel_Rarely,No,11987.0,23.0,1.0,3.0,4.0,2.0,1.0,2.0,1.0,Yes,3,9,7,4.0,6,0.0,8,10,6,0,0,0
100601,E100601,23,Male,Married,Sales,Sales Executive,14,5,Other,Travel_Rarely,No,7351.0,23.0,2.0,3.0,4.0,4.0,2.0,2.0,1.0,Yes,1,3,2,0.0,1,0.0,8,7,6,0,0,0
100602,E100602,49,Male,Married,Sales,Sales Executive,22,4,Human Resources,Travel_Rarely,No,18031.0,21.0,2.0,3.0,1.0,1.0,1.0,3.0,4.0,No,4,3,1,1.0,2,0.0,3,15,1,0,0,0
100603,E100603,38,Female,Divorced,Research & Development,Research Scientist,23,2,Marketing,Travel_Rarely,No,23166.0,15.0,0.0,3.0,2.0,2.0,3.0,2.0,4.0,Yes,5,16,6,5.0,13,0.0,3,28,1,0,0,0
100604,E100604,33,Male,Married,Research & Development,Manager,5,3,Life Sciences,Travel_Rarely,No,7629.0,25.0,0.0,3.0,2.0,4.0,3.0,4.0,3.0,Yes,1,1,0,0.0,0,2.0,7,8,6,0,0,0
100605,E100605,38,Male,Married,Research & Development,Research Scientist,9,3,Technical Degree,Travel_Rarely,No,17189.0,25.0,3.0,3.0,4.0,1.0,1.0,1.0,3.0,No,5,3,2,1.0,1,0.0,6,10,0,0,0,0
100606,E100606,28,Male,Single,Research & Development,Manager,21,1,Marketing,Travel_Rarely,No,8043.0,25.0,2.0,3.0,1.0,4.0,4.0,2.0,4.0,No,1,8,6,3.0,3,0.0,4,21,2,0,0,0
100607,E100607,54,Male,Married,Research & Development,Healthcare Representative,11,5,Other,Travel_Rarely,No,13143.0,21.0,0.0,3.0,4.0,3.0,3.0,2.0,2.0,No,3,7,2,2.0,5,1.0,5,18,0,0,0,0
100608,E100608,53,Male,Single,Research & Development,Laboratory Technician,5,5,Life Sciences,Travel_Rarely,No,16522.0,20.0,2.0,3.0,4.0,2.0,2.0,3.0,1.0,No,4,1,0,0.0,0,0.0,2,5,2,0,0,0
100609,E100609,52,Female,Married,Research & Development,Manager,3,2,Marketing,Travel_Rarely,No,14786.0,17.0,1.0,3.0,3.0,4.0,3.0,4.0,3.0,No,3,0,0,0.0,0,1.0,5,12,0,0,0,0
100610,E100610,36,Female,Single,Research & Development,Healthcare Representative,27,4,Life Sciences,Travel_Rarely,Yes,18397.0,15.0,2.0,3.0,1.0,2.0,2.0,1.0,4.0,No,4,6,5,1.0,1,0.0,7,7,5,0,0,0
100611,E100611,37,Female,Married,Sales,Manager,17,5,Life Sciences,Travel_Rarely,No,19786.0,12.0,2.0,3.0,4.0,1.0,3.0,4.0,1.0,No,5,1,0,0.0,0,2.0,9,13,4,0,0,0
100612,E100612,35,Male,Single,Research & Development,Manufacturing Director,2,2,Technical Degree,Travel_Frequently,Yes,8143.0,22.0,3.0,3.0,2.0,2.0,3.0,2.0,1.0,Yes,1,12,5,0.0,7,0.0,8,15,1,0,0,0
100613,E100613,58,Male,Married,Research & Development,Research Scientist,24,2,Human Resources,Travel_Rarely,No,10823.0,22.0,1.0,3.0,3.0,1.0,2.0,4.0,4.0,Yes,2,0,0,0.0,0,1.0,2,6,0,0,0,0
100614,E100614,31,Male,Divorced,Human Resources,Human Resources,1,5,Technical Degree,Travel_Rarely,No,11161.0,22.0,1.0,3.0,4.0,2.0,3.0,1.0,2.0,No,2,1,0,0.0,0,0.0,7,14,1,0,0,0
100615,E100615,32,Male,Single,Research & Development,Healthcare Representative,7,2,Life Sciences,Travel_Rarely,No,14672.0,14.0,0.0,3.0,4.0,1.0,2.0,2.0,2.0,No,4,0,0,0.0,0,2.0,2,5,3,0,0,0
100616,E100616,48,Female,Married,Human Resources,Human Resources,14,1,Marketing,Travel_Rarely,Yes,17653.0,23.0,1.0,3.0,4.0,1.0,2.0,4.0,3.0,No,4,6,2,1.0,1,2.0,1,15,4,0,0,0
100617,E100617,18,Male,Married,Research & Development,Manufacturing Director,5,1,Other,Travel_Frequently,No,16133.0,21.0,3.0,3.0,1.0,1.0,3.0,1.0,4.0,No,3,11,7,2.0,7,1.0,4,17,2,0,0,0
100618,E100618,20,Male,Single,Sales,Manager,19,5,Technical Degree,Travel_Rarely,No,11439.0,15.0,0.0,3.0,4.0,4.0,3.0,2.0,3.0,Yes,2,5,4,1.0,2,2.0,3,9,3,0,0,0
100619,E100619,33,Male,Divorced,Research & Development,Healthcare Representative,28,4,Human Resources,Travel_Rarely,No,14368.0,16.0,2.0,3.0,2.0,3.0,2.0,2.0,2.0,No,3,13,2,1.0,11,2.0,4,14,4,0,0,0
100620,E100620,40,Male,Single,Human Resources,Human Resources,28,1,Life Sciences,Travel_Rarely,No,21585.0,15.0,1.0,3.0,3.0,2.0,1.0,4.0,3.0,No,5,0,0,0.0,0,0.0,5,7,3,0,0,0
100621,E100621,28,Female,Married,Research & Development,Laboratory Technician,11,1,Other,Travel_Rarely,No,9519.0,20.0,2.0,3.0,1.0,3.0,3.0,3.0,3.0,No,2,0,0,0.0,0,0.0,2,13,1,0,0,0
100622,E100622,29,Male,Married,Sales,Sales Executive,23,5,Technical Degree,Travel_Rarely,No,19307.0,21.0,0.0,3.0,3.0,3.0,4.0,3.0,2.0,No,5,9,2,2.0,6,2.0,0,20,5,0,0,0
100623,E100623,27,Unknown,Married,Research & Development,Research Scientist,25,3,Technical Degree,Travel_Rarely,No,7837.0,25.0,1.0,3.0,2.0,3.0,3.0,1.0,1.0,Yes,1,9,2,0.0,5,0.0,3,10,4,0,0,0
100624,E100624,49,Male,Married,Research & Development,Manager,2,2,Technical Degree,Travel_Rarely,No,12806.0,11.0,0.0,3.0,4.0,3.0,1.0,4.0,1.0,No,3,8,3,2.0,1,0.0,5,19,3,0,0,0
100625,E100625,33,Male,Single,Sales,Sales Executive,8,1,Technical Degree,Travel_Rarely,No,15515.0,11.0,0.0,3.0,1.0,2.0,1.0,1.0,2.0,No,4,8,2,4.0,5,0.0,1,15,2,0,0,0
100626,E100626,25,Female,Single,Research & Development,Manager,9,3,Other,Travel_Rarely,No,13611.0,25.0,1.0,3.0,4.0,2.0,3.0,4.0,1.0,No,2,2,1,0.0,1,0.0,1,16,4,1,0,0
100627,E100627,55,Female,Married,Sales,Manager,27,4,Marketing,Non-Travel,No,13287.0,13.0,1.0,4.0,1.0,3.0,3.0,1.0,4.0,No,3,1,0,0.0,0,0.0,0,7,4,0,0,0
100628,E100628,29,Female,Married,Research & Development,Laboratory Technician,3,3,Human Resources,Travel_Rarely,No,17632.0,19.0,0.0,3.0,4.0,2.0,4.0,1.0,1.0,No,4,13,8,0.0,5,0.0,8,15,3,0,0,0
100629,E100629,41,Female,Divorced,Research & Development,Manufacturing Director,2,5,Human Resources,Travel_Rarely,Yes,6806.0,21.0,3.0,3.0,2.0,2.0,3.0,4.0,2.0,Yes,1,1,0,0.0,0,0.0,2,13,5,0,0,0
100630,E100630,45,Male,Divorced,Research & Development,Laboratory Technician,7,4,Life Sciences,Travel_Rarely,No,10698.0,12.0,1.0,3.0,2.0,1.0,1.0,3.0,4.0,Yes,2,2,1,0.0,0,2.0,1,5,6,0,0,0
100631,E100631,25,Female,Divorced,Sales,Manager,5,4,Medical,Travel_Rarely,No,23232.0,20.0,0.0,4.0,4.0,2.0,4.0,1.0,3.0,No,5,6,4,3.0,2,0.0,3,18,6,0,0,0
100632,E100632,45,Male,Married,Research & Development,Healthcare Representative,21,3,Marketing,Travel_Frequently,No,6328.0,15.0,2.0,4.0,2.0,4.0,3.0,4.0,2.0,No,1,1,0,0.0,0,3.0,5,7,6,0,0,0
100633,E100633,53,Male,Married,Sales,Sales Executive,26,5,Life Sciences,Travel_Rarely,No,16292.0,19.0,2.0,4.0,4.0,3.0,4.0,4.0,2.0,No,4,8,2,2.0,6,0.0,0,11,6,0,0,0
100634,E100634,43,Female,Divorced,Sales,Sales Executive,5,1,Life Sciences,Travel_Rarely,Yes,10458.0,17.0,1.0,4.0,1.0,2.0,4.0,4.0,1.0,No,2,0,0,0.0,0,0.0,8,8,0,0,0,0
100635,E100635,25,Male,Married,Sales,Sales Executive,20,3,Technical Degree,Non-Travel,No,10971.0,21.0,1.0,3.0,2.0,3.0,1.0,2.0,4.0,No,2,7,6,0.0,6,0.0,8,13,2,0,0,0
100636,E100636,45,Female,Single,Sales,Manager,13,1,Medical,Travel_Frequently,Yes,5961.0,18.0,2.0,3.0,1.0,2.0,1.0,4.0,2.0,Yes,1,4,2,1.0,1,2.0,7,4,2,0,0,0
100637,E100637,45,Male,Divorced,Research & Development,Healthcare Representative,21,3,Medical,Travel_Rarely,No,9138.0,12.0,0.0,3.0,4.0,3.0,2.0,4.0,4.0,No,2,4,1,0.0,2,0.0,5,4,6,0,0,1
100638,E100638,54,Female,Divorced,Sales,Sales Representative,29,1,Marketing,Travel_Rarely,No,13611.0,15.0,0.0,3.0,1.0,4.0,1.0,2.0,4.0,Yes,4,3,1,0.0,1,1.0,3,17,3,1,0,0
100639,E100639,58,Female,Married,Research & Development,Healthcare Representative,20,3,Medical,Travel_Frequently,Yes,13611.0,19.0,0.0,3.0,3.0,2.0,2.0,2.0,1.0,Yes,1,1,0,0.0,0,1.0,1,4,5,1,0,0
100640,E100640,53,Female,Single,Research & Development,Research Scientist,29,4,Life Sciences,Travel_Rarely,No,20163.0,11.0,3.0,3.0,4.0,2.0,1.0,3.0,2.0,Yes,5,3,1,0.0,2,0.0,7,16,1,0,0,0
100641,E100641,44,Female,Married,Research & Development,Manufacturing Director,6,2,Medical,Travel_Rarely,No,7919.0,11.0,1.0,3.0,2.0,4.0,1.0,4.0,4.0,No,1,2,1,0.0,0,1.0,6,15,1,0,0,0
100642,E100642,34,Female,Divorced,Human Resources,Manager,20,4,Medical,Travel_Rarely,Yes,8173.0,20.0,3.0,3.0,2.0,2.0,2.0,1.0,4.0,No,1,4,3,0.0,0,3.0,3,16,6,0,0,0
100643,E100643,26,Male,Divorced,Research & Development,Laboratory Technician,18,1,Human Resources,Travel_Rarely,No,21218.0,18.0,3.0,3.0,3.0,3.0,2.0,2.0,3.0,Yes,5,1,0,0.0,0,0.0,2,9,0,0,0,0
100644,E100644,50,Male,Single,Research & Development,Manager,25,5,Life Sciences,Travel_Rarely,No,16110.0,12.0,3.0,3.0,4.0,4.0,2.0,2.0,1.0,No,4,0,0,0.0,0,0.0,5,12,0,0,0,0
100645,E100645,37,Male,Single,Sales,Manager,2,4,Other,Travel_Rarely,No,13449.0,19.0,3.0,4.0,4.0,1.0,4.0,3.0,2.0,No,3,0,0,0.0,0,0.0,0,3,3,0,0,0
100646,E100646,30,Female,Divorced,Human Resources,Manager,25,2,Medical,Travel_Rarely,Yes,12148.0,20.0,0.0,3.0,4.0,3.0,2.0,3.0,4.0,No,3,6,2,1.0,3,1.0,1,18,5,0,0,0
100647,E100647,45,Male,Married,Sales,Sales Representative,26,1,Medical,Travel_Frequently,No,18849.0,19.0,1.0,3.0,4.0,2.0,4.0,3.0,1.0,No,5,0,0,0.0,0,1.0,6,4,1,0,0,0
100648,E100648,46,Female,Married,Sales,Sales Representative,6,4,Technical Degree,Travel_Rarely,No,17824.0,14.0,1.0,3.0,1.0,3.0,4.0,4.0,2.0,Yes,4,9,6,1.0,6,0.0,2,9,2,0,0,0
100649,E100649,30,Male,Divorced,Sales,Sales Representative,9,3,Unknown,Travel_Rarely,No,11616.0,12.0,3.0,4.0,4.0,4.0,2.0,4.0,4.0,Yes,2,5,2,2.0,1,1.0,0,19,5,0,0,0
100650,E100650,52,Male,Single,Research & Development,Manager,25,5,Medical,Travel_Rarely,No,20737.0,13.0,1.0,3.0,1.0,2.0,2.0,4.0,2.0,No,5,7,5,1.0,1,1.0,1,20,1,0,0,0
100651,E100651,23,Female,Married,Sales,Sales Representative,3,1,Human Resources,Travel_Rarely,Yes,13877.0,20.0,2.0,3.0,1.0,2.0,2.0,2.0,2.0,Yes,3,9,3,1.0,4,1.0,9,10,5,0,0,0
100652,E100652,35,Male,Single,Research & Development,Laboratory Technician,1,4,Life Sciences,Travel_Rarely,No,18514.0,11.0,0.0,3.0,2.0,4.0,1.0,3.0,1.0,No,4,0,0,0.0,0,1.0,9,10,3,0,0,0
100653,E100653,22,Male,Married,Sales,Sales Executive,1,1,Marketing,Travel_Rarely,No,7159.0,13.0,1.0,3.0,4.0,1.0,1.0,2.0,1.0,Yes,1,8,4,0.0,3,0.0,8,11,1,0,0,0
100654,E100654,42,Male,Divorced,Research & Development,Manufacturing Director,19,3,Life Sciences,Non-Travel,No,18507.0,15.0,0.0,3.0,1.0,2.0,2.0,1.0,3.0,No,4,3,1,0.0,1,2.0,6,14,4,0,0,0
100655,E100655,19,Female,Married,Sales,Manager,5,2,Technical Degree,Travel_Rarely,No,19291.0,13.0,2.0,3.0,4.0,2.0,3.0,4.0,3.0,Yes,4,10,9,2.0,5,0.0,6,13,6,0,0,0
100656,E100656,27,Female,Divorced,Sales,Sales Representative,13,4,Life Sciences,Travel_Frequently,No,15394.0,13.0,0.0,3.0,3.0,2.0,2.0,2.0,3.0,No,3,10,7,5.0,1,0.0,9,20,3,0,0,0
100657,E100657,47,Male,Married,Human Resources,Human Resources,19,1,Medical,Travel_Rarely,Yes,13469.0,20.0,2.0,3.0,1.0,1.0,3.0,1.0,4.0,Yes,3,0,0,0.0,0,0.0,7,9,4,0,0,0
100658,E100658,22,Male,Married,Sales,Sales Executive,12,1,Unknown,Travel_Rarely,Yes,8388.0,16.0,3.0,3.0,2.0,3.0,1.0,2.0,3.0,No,2,2,1,0.0,1,1.0,7,7,5,0,0,0
100659,E100659,50,Male,Single,Research & Development,Manager,16,1,Life Sciences,Travel_Rarely,Yes,10297.0,13.0,1.0,4.0,4.0,1.0,1.0,1.0,2.0,Yes,2,3,0,0.0,2,0.0,8,15,3,0,0,0
100660,E100660,18,Female,Married,Research & Development,Laboratory Technician,25,2,Technical Degree,Travel_Frequently,No,20086.0,13.0,3.0,3.0,2.0,3.0,3.0,2.0,1.0,No,5,5,2,1.0,1,1.0,1,10,2,0,0,0
100661,E100661,35,Female,Married,Sales,Sales Representative,25,1,Marketing,Travel_Rarely,Yes,7253.0,25.0,1.0,3.0,1.0,2.0,1.0,2.0,2.0,No,1,1,0,0.0,0,2.0,7,8,3,0,0,0
100662,E100662,49,Male,Single,Human Resources,Human Resources,19,5,Life Sciences,Travel_Frequently,Yes,10148.0,19.0,3.0,3.0,1.0,3.0,2.0,4.0,1.0,No,2,1,0,0.0,0,1.0,7,12,3,0,0,0
100663,E100663,28,Male,Married,Sales,Sales Executive,3,5,Other,Travel_Rarely,No,15681.0,12.0,2.0,3.0,2.0,3.0,3.0,2.0,1.0,No,3,2,1,1.0,0,0.0,4,14,6,0,0,0
100664,E100664,38,Male,Married,Research & Development,Laboratory Technician,12,1,Medical,Travel_Frequently,No,15482.0,11.0,1.0,3.0,4.0,3.0,3.0,2.0,2.0,No,4,3,1,0.0,0,0.0,4,11,3,0,0,0
100665,E100665,43,Female,Married,Sales,Sales Representative,5,5,Technical Degree,Travel_Rarely,No,23463.0,20.0,3.0,3.0,1.0,3.0,4.0,3.0,2.0,Yes,5,15,8,3.0,14,0.0,3,28,3,0,0,0
100666,E100666,42,Female,Married,Research & Development,Laboratory Technician,2,4,Other,Travel_Rarely,No,9503.0,18.0,0.0,4.0,3.0,2.0,1.0,2.0,4.0,No,2,7,1,3.0,5,0.0,4,7,0,0,0,0
100667,E100667,39,Male,Married,Sales,Sales Executive,22,5,Unknown,Travel_Frequently,No,15474.0,23.0,0.0,3.0,2.0,4.0,3.0,4.0,1.0,No,4,2,0,0.0,0,0.0,1,2,4,0,0,0
100668,E100668,44,Male,Single,Research & Development,Healthcare Representative,7,1,Human Resources,Travel_Rarely,No,18520.0,24.0,3.0,4.0,1.0,1.0,3.0,2.0,3.0,No,4,0,0,0.0,0,3.0,1,14,3,0,0,0
100669,E100669,30,Male,Single,Research & Development,Manager,13,3,Unknown,Travel_Frequently,No,8919.0,13.0,2.0,3.0,4.0,3.0,3.0,4.0,4.0,No,2,0,0,0.0,0,0.0,4,5,3,0,0,0
100670,E100670,50,Female,Married,Human Resources,Manager,25,4,Other,Travel_Rarely,No,5643.0,17.0,3.0,4.0,1.0,2.0,1.0,3.0,3.0,Yes,1,3,1,0.0,1,0.0,2,6,5,0,0,0
100671,E100671,51,Male,Married,Human Resources,Human Resources,15,2,Human Resources,Travel_Rarely,No,7907.0,12.0,0.0,3.0,4.0,2.0,3.0,4.0,4.0,No,1,8,5,2.0,6,0.0,0,18,0,0,0,0
100672,E100672,58,Female,Single,Research & Development,Manager,22,1,Other,Travel_Rarely,No,19264.0,21.0,1.0,3.0,4.0,2.0,3.0,3.0,1.0,Yes,5,2,1,0.0,1,0.0,8,5,1,0,0,0
100673,E100673,52,Female,Divorced,Research & Development,Laboratory Technician,3,2,Medical,Travel_Rarely,No,6600.0,21.0,1.0,3.0,1.0,2.0,2.0,3.0,2.0,No,1,3,1,0.0,2,1.0,1,3,5,0,0,0
100674,E100674,18,Male,Married,Sales,Manager,28,3,Marketing,Travel_Rarely,No,23699.0,22.0,3.0,3.0,3.0,3.0,2.0,3.0,2.0,No,5,11,8,6.0,4,0.0,9,19,5,0,0,0
100675,E100675,38,Male,Married,Sales,Sales Executive,21,2,Human Resources,Non-Travel,No,12877.0,18.0,1.0,3.0,4.0,1.0,4.0,3.0,1.0,No,3,12,4,1.0,2,0.0,1,23,6,0,0,0
100676,E100676,23,Male,Single,Sales,Sales Executive,20,1,Marketing,Travel_Frequently,No,10501.0,19.0,0.0,3.0,2.0,2.0,3.0,3.0,2.0,No,2,1,0,0.0,0,0.0,3,11,6,0,0,0
100677,E100677,45,Female,Married,Research & Development,Research Scientist,5,1,Technical Degree,Travel_Frequently,Yes,16385.0,18.0,1.0,3.0,4.0,1.0,1.0,4.0,1.0,Yes,4,0,0,0.0,0,0.0,1,2,0,0,0,0
100678,E100678,34,Female,Married,Research & Development,Healthcare Representative,24,3,Medical,Non-Travel,No,23258.0,18.0,3.0,3.0,4.0,1.0,4.0,3.0,1.0,No,5,1,0,0.0,0,0.0,6,15,0,0,0,0
100679,E100679,22,Female,Divorced,Research & Development,Manager,8,1,Human Resources,Travel_Rarely,No,13611.0,,,,,,,,,,1,5,4,0.0,1,1.0,9,9,6,1,0,0
100680,E100680,48,Male,Married,Sales,Sales Representative,22,3,Technical Degree,Travel_Rarely,No,22742.0,24.0,3.0,4.0,4.0,4.0,4.0,3.0,4.0,No,5,15,3,8.0,7,1.0,0,24,0,0,0,0
100681,E100681,22,Male,Divorced,Research & Development,Research Scientist,1,3,Other,Travel_Rarely,Yes,18620.0,17.0,0.0,3.0,1.0,2.0,3.0,3.0,2.0,Yes,5,0,0,0.0,0,0.0,1,0,5,0,0,0
100682,E100682,55,Female,Married,Sales,Sales Representative,8,1,Life Sciences,Travel_Rarely,No,5875.0,12.0,2.0,3.0,3.0,2.0,4.0,3.0,4.0,No,1,0,0,0.0,0,1.0,4,7,5,0,0,0
100683,E100683,20,Female,Single,Research & Development,Laboratory Technician,24,5,Technical Degree,Travel_Rarely,No,6891.0,18.0,1.0,3.0,4.0,2.0,1.0,1.0,3.0,No,1,10,7,5.0,3,0.0,1,12,6,0,0,0
100684,E100684,40,Unknown,Married,Research & Development,Manufacturing Director,18,3,Marketing,Travel_Rarely,No,11465.0,15.0,3.0,4.0,1.0,1.0,2.0,2.0,1.0,Yes,2,6,5,0.0,2,1.0,8,19,3,0,0,0
100685,E100685,54,Female,Married,Research & Development,Research Scientist,20,1,Medical,Travel_Rarely,No,21201.0,16.0,2.0,3.0,1.0,2.0,2.0,2.0,2.0,No,4,24,18,9.0,7,0.0,3,38,0,0,0,0
100686,E100686,54,Female,Married,Research & Development,Healthcare Representative,28,5,Medical,Travel_Rarely,No,9511.0,14.0,3.0,3.0,4.0,2.0,3.0,3.0,3.0,Yes,2,2,1,0.0,1,1.0,8,2,0,0,0,0
100687,E100687,27,Male,Single,Research & Development,Manufacturing Director,16,3,Technical Degree,Travel_Rarely,No,10876.0,11.0,3.0,3.0,2.0,1.0,1.0,3.0,1.0,No,2,2,0,1.0,1,0.0,0,11,6,0,0,1
100688,E100688,27,Female,Single,Sales,Sales Executive,18,5,Other,Travel_Rarely,Yes,13611.0,,,,,,,,,,1,0,0,0.0,0,0.0,0,5,5,1,0,0
100689,E100689,36,Female,Divorced,Research & Development,Laboratory Technician,20,4,Life Sciences,Travel_Rarely,No,6089.0,15.0,0.0,3.0,4.0,3.0,1.0,3.0,4.0,No,1,0,0,0.0,0,1.0,0,0,5,0,0,0
100690,E100690,34,Female,Married,Sales,Sales Executive,12,4,Marketing,Travel_Rarely,No,15593.0,13.0,2.0,3.0,4.0,4.0,3.0,1.0,4.0,No,4,4,2,1.0,3,0.0,3,18,0,0,0,0
100691,E100691,38,Male,Divorced,Research & Development,Manufacturing Director,13,5,Technical Degree,Travel_Rarely,Yes,18353.0,19.0,3.0,3.0,1.0,3.0,1.0,2.0,2.0,Yes,5,2,1,0.0,0,0.0,8,16,3,0,0,1
100692,E100692,31,Male,Married,Research & Development,Manufacturing Director,13,3,Technical Degree,Travel_Rarely,No,8215.0,14.0,1.0,3.0,4.0,3.0,2.0,4.0,3.0,No,2,0,0,0.0,0,1.0,7,2,2,0,0,0
100693,E100693,26,Female,Married,Sales,Sales Executive,10,1,Medical,Travel_Rarely,No,18971.0,20.0,1.0,3.0,4.0,3.0,1.0,2.0,3.0,Yes,4,10,4,0.0,5,1.0,6,14,2,0,0,0
100694,E100694,18,Male,Married,Sales,Sales Executive,7,2,Marketing,Travel_Rarely,No,8186.0,12.0,1.0,3.0,1.0,1.0,1.0,4.0,4.0,No,2,1,0,0.0,0,0.0,0,4,1,0,0,0
100695,E100695,30,Male,Divorced,Human Resources,Human Resources,25,1,Life Sciences,Travel_Rarely,No,21743.0,14.0,2.0,4.0,4.0,2.0,3.0,4.0,4.0,Yes,5,6,5,1.0,4,2.0,2,12,3,0,0,0
100696,E100696,21,Male,Married,Human Resources,Manager,14,2,Medical,Travel_Rarely,No,8851.0,13.0,0.0,3.0,4.0,3.0,4.0,4.0,2.0,No,2,1,0,0.0,0,0.0,8,6,5,0,0,0
100697,E100697,18,Unknown,Married,Research & Development,Manager,24,2,Technical Degree,Travel_Rarely,Yes,14243.0,13.0,2.0,3.0,4.0,3.0,4.0,3.0,1.0,No,3,8,3,4.0,5,2.0,8,19,0,0,0,0
100698,E100698,57,Female,Single,Sales,Sales Representative,16,3,Medical,Travel_Rarely,Yes,17479.0,15.0,0.0,4.0,1.0,2.0,3.0,1.0,2.0,No,4,0,0,0.0,0,1.0,4,2,6,0,0,0
100699,E100699,49,Female,Married,Sales,Manager,15,5,Medical,Travel_Rarely,No,7939.0,11.0,1.0,3.0,4.0,1.0,3.0,4.0,4.0,No,1,7,3,0.0,1,2.0,5,17,0,0,0,0
100700,E100700,51,Male,Married,Research & Development,Research Scientist,12,1,Human Resources,Travel_Rarely,No,8892.0,15.0,1.0,3.0,2.0,3.0,3.0,1.0,2.0,No,2,0,0,0.0,0,0.0,5,7,0,0,0,0
100701,E100701,45,Male,Single,Human Resources,Human Resources,9,5,Medical,Non-Travel,Yes,15319.0,18.0,0.0,3.0,4.0,2.0,3.0,2.0,1.0,Yes,4,2,1,0.0,1,1.0,9,9,2,0,0,0
100702,E100702,48,Male,Single,Sales,Manager,8,4,Other,Travel_Rarely,No,19797.0,25.0,1.0,3.0,2.0,2.0,1.0,4.0,4.0,No,4,6,3,3.0,2,1.0,3,19,6,0,0,0
100703,E100703,25,Female,Single,Research & Development,Manager,18,3,Medical,Travel_Rarely,No,8822.0,25.0,2.0,4.0,4.0,4.0,1.0,2.0,1.0,Yes,2,0,0,0.0,0,0.0,0,1,5,0,0,0
100704,E100704,56,Female,Single,Sales,Sales Representative,23,3,Other,Travel_Rarely,No,6710.0,20.0,0.0,3.0,1.0,3.0,4.0,1.0,2.0,No,1,1,0,0.0,0,0.0,4,7,6,0,0,0
100705,E100705,43,Male,Single,Human Resources,Human Resources,18,4,Marketing,Travel_Rarely,No,8358.0,22.0,1.0,3.0,2.0,3.0,3.0,1.0,1.0,No,1,10,5,5.0,9,2.0,0,23,0,0,0,0
100706,E100706,51,Female,Married,Research & Development,Manufacturing Director,13,1,Medical,Travel_Rarely,No,9731.0,19.0,3.0,3.0,4.0,4.0,3.0,2.0,4.0,No,2,10,8,4.0,7,0.0,0,10,0,0,0,0
100707,E100707,20,Female,Divorced,Research & Development,Manager,28,4,Life Sciences,Travel_Rarely,Yes,13611.0,,,,,,,,,,4,0,0,0.0,0,0.0,4,1,2,1,0,0
100708,E100708,29,Female,Married,Research & Development,Manufacturing Director,27,1,Other,Travel_Rarely,Yes,6905.0,11.0,3.0,4.0,4.0,2.0,3.0,2.0,1.0,No,1,0,0,0.0,0,1.0,4,7,0,0,0,0
100709,E100709,18,Female,Single,Research & Development,Research Scientist,18,2,Other,Travel_Rarely,No,10889.0,24.0,1.0,3.0,4.0,3.0,2.0,1.0,2.0,No,2,0,0,0.0,0,1.0,6,11,6,0,0,0
100710,E100710,22,Male,Single,Sales,Sales Executive,15,3,Technical Degree,Travel_Rarely,Yes,13611.0,12.0,3.0,3.0,1.0,3.0,1.0,3.0,2.0,No,2,0,0,0.0,0,0.0,1,0,1,1,0,0
100711,E100711,47,Female,Married,Sales,Manager,4,1,Marketing,Non-Travel,No,12018.0,12.0,1.0,3.0,3.0,4.0,2.0,2.0,2.0,No,2,17,13,9.0,7,1.0,5,18,5,0,0,0
100712,E100712,47,Male,Married,Human Resources,Human Resources,17,5,Medical,Travel_Rarely,No,18918.0,16.0,3.0,3.0,2.0,3.0,1.0,4.0,2.0,Yes,4,4,1,0.0,2,0.0,1,15,6,0,0,0
100713,E100713,34,Female,Divorced,Human Resources,Manager,5,5,Life Sciences,Non-Travel,No,6824.0,11.0,0.0,3.0,4.0,3.0,1.0,4.0,3.0,No,1,3,1,1.0,2,0.0,9,3,4,0,0,0
100714,E100714,40,Female,Married,Research & Development,Laboratory Technician,22,3,Technical Degree,Non-Travel,No,16332.0,21.0,0.0,3.0,1.0,1.0,1.0,4.0,3.0,No,4,20,5,7.0,6,0.0,4,24,6,0,0,0
100715,E100715,32,Female,Divorced,Research & Development,Research Scientist,16,4,Marketing,Travel_Rarely,No,12517.0,11.0,3.0,3.0,3.0,4.0,4.0,1.0,1.0,No,3,4,1,0.0,0,0.0,3,10,6,0,0,0
100716,E100716,54,Female,Single,Research & Development,Laboratory Technician,9,4,Other,Travel_Rarely,No,7645.0,12.0,1.0,3.0,1.0,2.0,4.0,2.0,3.0,No,1,5,3,1.0,3,0.0,9,10,1,0,0,0
100717,E100717,38,Unknown,Married,Sales,Sales Executive,10,1,Life Sciences,Travel_Frequently,No,14680.0,25.0,2.0,3.0,4.0,3.0,1.0,1.0,3.0,No,4,2,0,0.0,0,1.0,4,7,3,0,0,0
100718,E100718,31,Male,Single,Research & Development,Manufacturing Director,24,4,Medical,Travel_Rarely,No,5565.0,22.0,2.0,3.0,3.0,2.0,1.0,4.0,3.0,No,1,2,1,0.0,1,1.0,1,7,6,0,0,0
100719,E100719,19,Female,Divorced,Research & Development,Manager,18,3,Human Resources,Travel_Rarely,Yes,14912.0,23.0,2.0,3.0,2.0,3.0,1.0,3.0,1.0,Yes,3,4,1,0.0,1,1.0,7,11,1,0,0,0
100720,E100720,28,Female,Married,Research & Development,Manager,17,1,Human Resources,Travel_Frequently,No,17991.0,14.0,2.0,3.0,2.0,1.0,1.0,4.0,3.0,Yes,5,0,0,0.0,0,0.0,7,4,1,0,0,0
100721,E100721,56,Male,Married,Research & Development,Research Scientist,18,2,Marketing,Travel_Rarely,No,10425.0,12.0,3.0,3.0,1.0,4.0,3.0,4.0,2.0,Yes,2,1,0,0.0,0,2.0,5,15,6,0,0,0
100722,E100722,55,Male,Single,Sales,Sales Executive,7,4,Life Sciences,Travel_Rarely,No,16234.0,14.0,0.0,4.0,2.0,4.0,3.0,4.0,2.0,No,4,1,0,0.0,0,1.0,2,10,6,0,0,0
100723,E100723,51,Male,Single,Research & Development,Research Scientist,4,4,Technical Degree,Travel_Frequently,No,14159.0,13.0,0.0,3.0,2.0,2.0,3.0,3.0,1.0,No,3,0,0,0.0,0,0.0,3,6,2,0,0,0
100724,E100724,55,Female,Married,Research & Development,Research Scientist,26,1,Life Sciences,Travel_Rarely,No,12082.0,13.0,2.0,3.0,3.0,1.0,4.0,3.0,1.0,No,3,3,2,1.0,0,0.0,0,5,3,0,0,0
100725,E100725,51,Female,Single,Research & Development,Healthcare Representative,5,5,Other,Non-Travel,No,7980.0,25.0,0.0,3.0,2.0,2.0,2.0,2.0,1.0,No,1,4,2,1.0,3,1.0,8,12,6,0,0,0
100726,E100726,35,Male,Married,Sales,Manager,28,4,Human Resources,Travel_Rarely,Yes,7266.0,19.0,3.0,3.0,3.0,1.0,1.0,3.0,4.0,Yes,1,2,0,0.0,0,2.0,9,11,5,0,0,0
100727,E100727,47,Male,Single,Sales,Sales Representative,23,3,Marketing,Travel_Rarely,No,9335.0,18.0,2.0,3.0,3.0,3.0,3.0,2.0,3.0,No,2,1,0,0.0,0,0.0,4,3,6,0,0,0
100728,E100728,32,Female,Married,Sales,Sales Executive,16,4,Medical,Travel_Rarely,Yes,7448.0,22.0,3.0,3.0,3.0,3.0,3.0,3.0,1.0,No,1,5,1,1.0,3,2.0,7,18,5,0,0,0
100729,E100729,44,Female,Divorced,Sales,Sales Representative,3,2,Life Sciences,Travel_Rarely,No,15563.0,22.0,3.0,3.0,2.0,1.0,3.0,2.0,1.0,No,4,0,0,0.0,0,1.0,2,13,1,0,0,0
100730,E100730,51,Male,Married,Research & Development,Manufacturing Director,26,4,Human Resources,Travel_Rarely,No,16865.0,20.0,1.0,3.0,1.0,3.0,1.0,4.0,1.0,Yes,4,3,2,1.0,1,1.0,3,8,4,0,0,0
100731,E100731,55,Male,Married,Research & Development,Healthcare Representative,18,5,Technical Degree,Travel_Rarely,No,16119.0,19.0,3.0,4.0,1.0,4.0,1.0,3.0,2.0,No,4,7,5,3.0,6,0.0,3,9,1,0,0,0
100732,E100732,50,Male,Single,Research & Development,Healthcare Representative,29,4,Marketing,Travel_Rarely,Yes,20778.0,11.0,1.0,3.0,2.0,1.0,2.0,1.0,1.0,Yes,5,0,0,0.0,0,0.0,7,0,0,0,0,0
100733,E100733,41,Male,Single,Research & Development,Manufacturing Director,23,1,Medical,Travel_Rarely,No,15979.0,22.0,2.0,3.0,3.0,1.0,4.0,1.0,2.0,No,4,6,2,3.0,3,0.0,8,6,2,0,0,0
100734,E100734,32,Unknown,Married,Research & Development,Research Scientist,21,4,Life Sciences,Travel_Rarely,Yes,6803.0,15.0,3.0,3.0,2.0,2.0,2.0,2.0,2.0,Yes,1,7,2,1.0,4,3.0,2,9,0,0,0,0
100735,E100735,47,Female,Married,Sales,Sales Representative,14,5,Technical Degree,Non-Travel,Yes,5908.0,22.0,0.0,3.0,4.0,1.0,1.0,3.0,4.0,No,1,0,0,0.0,0,1.0,6,3,3,0,0,0
100736,E100736,59,Female,Married,Research & Development,Healthcare Representative,15,1,Medical,Travel_Frequently,No,18323.0,22.0,2.0,3.0,1.0,2.0,2.0,3.0,1.0,Yes,4,0,0,0.0,0,1.0,8,13,3,0,0,0
100737,E100737,34,Female,Single,Research & Development,Manufacturing Director,17,3,Other,Travel_Rarely,No,14055.0,14.0,3.0,3.0,3.0,1.0,3.0,1.0,4.0,No,3,18,9,2.0,7,0.0,1,19,2,0,0,0
100738,E100738,22,Unknown,Single,Sales,Sales Executive,1,1,Human Resources,Travel_Rarely,No,12267.0,21.0,3.0,3.0,2.0,4.0,2.0,3.0,1.0,No,3,1,0,0.0,0,1.0,3,9,1,0,0,0
100739,E100739,46,Male,Single,Sales,Sales Executive,25,2,Other,Travel_Rarely,No,16340.0,24.0,0.0,3.0,3.0,4.0,3.0,3.0,3.0,Yes,3,8,5,0.0,2,0.0,2,22,3,0,0,0
100740,E100740,21,Unknown,Divorced,Research & Development,Laboratory Technician,21,1,Human Resources,Travel_Rarely,No,10887.0,19.0,1.0,3.0,4.0,4.0,2.0,2.0,1.0,No,2,4,1,0.0,2,1.0,7,14,4,0,0,0
100741,E100741,27,Male,Single,Research & Development,Manufacturing Director,17,3,Technical Degree,Travel_Rarely,Yes,19994.0,24.0,3.0,3.0,3.0,2.0,3.0,4.0,1.0,Yes,5,1,0,0.0,0,0.0,3,8,6,0,0,0
100742,E100742,34,Male,Married,Research & Development,Manufacturing Director,23,4,Other,Travel_Rarely,No,17172.0,13.0,3.0,3.0,4.0,2.0,2.0,1.0,1.0,No,4,0,0,0.0,0,0.0,8,11,2,0,0,0
100743,E100743,27,Female,Single,Sales,Manager,25,1,Human Resources,Non-Travel,Yes,11402.0,15.0,0.0,3.0,1.0,3.0,4.0,4.0,1.0,No,2,3,2,0.0,2,0.0,0,15,0,0,0,0
100744,E100744,34,Female,Married,Research & Development,Healthcare Representative,11,1,Marketing,Travel_Rarely,No,11874.0,18.0,2.0,3.0,3.0,2.0,2.0,3.0,1.0,No,3,2,0,1.0,1,0.0,0,4,4,0,0,0
100745,E100745,37,Male,Married,Research & Development,Manager,17,1,Technical Degree,Travel_Rarely,No,14398.0,20.0,3.0,3.0,2.0,2.0,1.0,3.0,1.0,No,4,6,4,2.0,2,1.0,3,12,6,0,0,0
100746,E100746,41,Male,Divorced,Sales,Sales Representative,26,1,Human Resources,Travel_Rarely,No,11565.0,25.0,1.0,3.0,3.0,4.0,1.0,2.0,4.0,Yes,2,11,4,0.0,9,1.0,2,14,6,0,0,0
100747,E100747,22,Female,Divorced,Research & Development,Research Scientist,14,3,Life Sciences,Travel_Frequently,No,6345.0,15.0,1.0,3.0,3.0,1.0,3.0,4.0,3.0,No,1,8,4,1.0,2,0.0,2,12,5,0,0,0
100748,E100748,51,Male,Married,Sales,Sales Executive,29,5,Human Resources,Travel_Frequently,Yes,13417.0,19.0,0.0,3.0,4.0,2.0,1.0,4.0,4.0,No,3,1,0,0.0,0,1.0,9,4,2,0,0,0
100749,E100749,23,Male,Divorced,Research & Development,Manager,20,5,Other,Travel_Frequently,No,9674.0,12.0,1.0,3.0,4.0,3.0,3.0,2.0,3.0,No,2,10,4,3.0,7,2.0,1,18,4,0,0,0
100750,E100750,19,Female,Divorced,Sales,Manager,19,1,Marketing,Travel_Rarely,No,7565.0,16.0,3.0,4.0,2.0,1.0,4.0,4.0,4.0,No,1,8,4,0.0,5,0.0,9,18,6,0,0,0
100751,E100751,30,Unknown,Divorced,Sales,Manager,21,3,Medical,Travel_Rarely,No,13611.0,15.0,1.0,3.0,1.0,2.0,1.0,2.0,4.0,Yes,3,13,10,0.0,11,1.0,9,19,2,1,0,0
100752,E100752,60,Male,Divorced,Sales,Manager,7,3,Medical,Travel_Frequently,No,20435.0,19.0,3.0,3.0,1.0,1.0,1.0,2.0,1.0,No,5,3,2,0.0,2,0.0,1,15,0,0,0,0
100753,E100753,60,Male,Single,Sales,Sales Representative,24,1,Human Resources,Travel_Rarely,No,13911.0,17.0,0.0,3.0,4.0,1.0,3.0,3.0,4.0,No,3,7,4,1.0,6,0.0,7,10,1,0,0,0
100754,E100754,28,Female,Married,Human Resources,Manager,13,2,Medical,Travel_Rarely,No,18407.0,18.0,1.0,3.0,2.0,1.0,4.0,3.0,3.0,No,5,4,0,1.0,0,1.0,0,16,2,0,0,0
100755,E100755,40,Male,Single,Sales,Manager,18,1,Human Resources,Travel_Rarely,No,18710.0,17.0,3.0,3.0,3.0,1.0,4.0,3.0,2.0,No,5,1,0,0.0,0,0.0,7,8,3,0,0,0
100756,E100756,33,Male,Single,Research & Development,Manufacturing Director,23,2,Marketing,Non-Travel,No,24410.0,23.0,2.0,3.0,2.0,1.0,2.0,2.0,3.0,Yes,5,25,12,3.0,20,0.0,9,26,0,0,0,0
100757,E100757,48,Female,Divorced,Sales,Sales Representative,14,1,Medical,Travel_Rarely,Yes,15743.0,20.0,3.0,3.0,2.0,2.0,3.0,3.0,4.0,No,4,0,0,0.0,0,1.0,2,6,0,0,0,0
100758,E100758,28,Male,Married,Research & Development,Manager,1,2,Other,Travel_Frequently,No,17997.0,20.0,3.0,3.0,2.0,1.0,3.0,1.0,2.0,No,4,0,0,0.0,0,0.0,1,10,4,0,0,0
100759,E100759,33,Female,Married,Human Resources,Manager,7,2,Other,Travel_Rarely,No,22360.0,15.0,0.0,3.0,1.0,1.0,4.0,1.0,1.0,Yes,5,11,7,5.0,2,2.0,8,11,3,0,0,0
100760,E100760,25,Male,Divorced,Sales,Sales Representative,8,1,Life Sciences,Travel_Rarely,No,7470.0,21.0,3.0,3.0,3.0,3.0,3.0,3.0,2.0,No,1,0,0,0.0,0,1.0,4,7,4,0,0,0
100761,E100761,21,Female,Divorced,Human Resources,Manager,18,2,Human Resources,Travel_Rarely,No,23666.0,23.0,0.0,3.0,2.0,3.0,1.0,2.0,1.0,Yes,5,10,4,5.0,3,0.0,4,22,5,0,0,0
100762,E100762,57,Male,Divorced,Sales,Manager,9,4,Medical,Travel_Frequently,No,10567.0,24.0,3.0,3.0,1.0,1.0,1.0,1.0,3.0,No,2,6,3,2.0,3,0.0,5,19,0,0,0,0
100763,E100763,21,Male,Single,Research & Development,Healthcare Representative,1,5,Other,Travel_Rarely,Yes,22570.0,15.0,3.0,3.0,1.0,2.0,1.0,3.0,2.0,No,5,0,0,0.0,0,1.0,3,11,2,0,0,0
100764,E100764,42,Male,Single,Research & Development,Research Scientist,29,3,Marketing,Travel_Rarely,No,18702.0,23.0,3.0,3.0,4.0,3.0,3.0,1.0,2.0,Yes,4,2,1,0.0,0,0.0,6,15,5,0,0,1
100765,E100765,20,Male,Married,Research & Development,Manager,22,2,Marketing,Travel_Rarely,Yes,19358.0,21.0,0.0,3.0,3.0,3.0,2.0,1.0,2.0,Yes,4,7,3,3.0,5,0.0,6,19,3,0,0,0
100766,E100766,49,Female,Single,Research & Development,Healthcare Representative,17,2,Life Sciences,Travel_Rarely,No,9451.0,14.0,3.0,3.0,2.0,1.0,2.0,1.0,1.0,No,2,4,3,0.0,1,0.0,8,18,0,0,0,0
100767,E100767,20,Female,Single,Research & Development,Manufacturing Director,19,3,Marketing,Travel_Rarely,No,12567.0,12.0,0.0,4.0,3.0,2.0,4.0,4.0,1.0,No,2,13,11,1.0,9,0.0,5,18,6,0,0,0
100768,E100768,44,Unknown,Married,Sales,Manager,27,2,Marketing,Travel_Rarely,No,15839.0,24.0,2.0,3.0,4.0,4.0,3.0,1.0,3.0,No,3,10,8,0.0,1,0.0,0,21,3,0,0,0
100769,E100769,46,Male,Divorced,Sales,Manager,6,3,Medical,Travel_Frequently,No,6936.0,19.0,0.0,3.0,4.0,2.0,4.0,3.0,3.0,No,1,2,0,0.0,0,1.0,8,6,5,0,0,0
100770,E100770,49,Unknown,Married,Human Resources,Manager,3,1,Human Resources,Non-Travel,Yes,5823.0,20.0,2.0,3.0,2.0,3.0,3.0,1.0,4.0,Yes,1,0,0,0.0,0,0.0,9,8,2,0,0,0
100771,E100771,36,Female,Single,Research & Development,Manufacturing Director,24,4,Technical Degree,Non-Travel,No,7670.0,20.0,0.0,3.0,1.0,3.0,2.0,3.0,1.0,Yes,1,14,4,4.0,10,0.0,8,22,1,0,0,0
100772,E100772,38,Male,Married,Research & Development,Healthcare Representative,5,4,Marketing,Travel_Rarely,No,18104.0,22.0,0.0,3.0,4.0,3.0,1.0,1.0,3.0,Yes,4,3,0,0.0,1,4.0,4,5,4,0,0,0
100773,E100773,22,Male,Single,Research & Development,Manufacturing Director,2,5,Marketing,Travel_Rarely,Yes,6661.0,20.0,3.0,3.0,1.0,3.0,3.0,1.0,2.0,No,1,0,0,0.0,0,0.0,6,8,6,0,0,1
100774,E100774,35,Male,Single,Research & Development,Research Scientist,20,2,Technical Degree,Travel_Rarely,No,13611.0,20.0,1.0,4.0,4.0,3.0,2.0,4.0,2.0,No,3,8,2,0.0,5,0.0,0,20,4,1,0,0
100775,E100775,45,Female,Married,Human Resources,Human Resources,25,5,Marketing,Travel_Frequently,No,16507.0,13.0,1.0,3.0,3.0,1.0,2.0,1.0,2.0,No,3,10,3,3.0,6,0.0,3,24,5,0,0,0
100776,E100776,59,Male,Married,Research & Development,Laboratory Technician,4,1,Medical,Travel_Rarely,No,6781.0,21.0,3.0,3.0,2.0,1.0,2.0,3.0,3.0,No,1,5,2,1.0,3,1.0,9,17,0,0,0,0
100777,E100777,39,Female,Married,Research & Development,Manufacturing Director,10,4,Medical,Non-Travel,No,9848.0,21.0,2.0,3.0,4.0,1.0,1.0,4.0,2.0,No,2,2,0,1.0,0,0.0,3,10,0,0,0,0
100778,E100778,38,Male,Single,Research & Development,Manufacturing Director,10,1,Technical Degree,Travel_Rarely,Yes,12341.0,13.0,3.0,3.0,3.0,3.0,2.0,4.0,2.0,Yes,3,5,3,1.0,2,1.0,4,6,2,0,0,0
100779,E100779,23,Female,Divorced,Sales,Manager,24,1,Other,Travel_Frequently,No,9645.0,13.0,1.0,3.0,4.0,1.0,4.0,1.0,1.0,Yes,2,6,2,1.0,3,1.0,5,10,0,0,0,0
100780,E100780,18,Male,Married,Sales,Manager,21,2,Marketing,Travel_Rarely,No,16791.0,18.0,0.0,3.0,2.0,3.0,2.0,1.0,1.0,Yes,4,11,6,4.0,1,1.0,3,21,0,0,0,0
100781,E100781,22,Male,Married,Research & Development,Laboratory Technician,11,1,Other,Travel_Rarely,No,12800.0,16.0,3.0,3.0,3.0,2.0,2.0,2.0,3.0,No,3,15,14,4.0,13,0.0,5,16,0,0,0,0
100782,E100782,58,Unknown,Married,Sales,Manager,27,4,Marketing,Travel_Rarely,No,8351.0,11.0,2.0,3.0,1.0,4.0,3.0,1.0,1.0,No,2,3,1,0.0,2,2.0,9,3,3,0,0,0
100783,E100783,29,Female,Divorced,Research & Development,Healthcare Representative,16,5,Human Resources,Travel_Rarely,No,7690.0,22.0,3.0,3.0,4.0,2.0,3.0,2.0,4.0,No,1,8,5,2.0,3,0.0,6,14,3,0,0,0
100784,E100784,43,Male,Married,Human Resources,Human Resources,26,4,Marketing,Non-Travel,No,19791.0,23.0,1.0,3.0,4.0,4.0,3.0,3.0,3.0,Yes,4,16,15,9.0,9,0.0,2,19,1,0,0,0
100785,E100785,51,Male,Married,Research & Development,Healthcare Representative,29,2,Medical,Travel_Rarely,No,19030.0,25.0,0.0,4.0,3.0,1.0,2.0,1.0,4.0,No,5,0,0,0.0,0,0.0,8,4,3,0,0,0
100786,E100786,31,Male,Divorced,Research & Development,Manufacturing Director,29,4,Life Sciences,Travel_Rarely,No,17716.0,24.0,1.0,3.0,2.0,4.0,2.0,1.0,4.0,No,5,0,0,0.0,0,1.0,7,3,6,0,0,0
100787,E100787,43,Male,Married,Human Resources,Human Resources,17,3,Life Sciences,Travel_Frequently,No,6733.0,13.0,1.0,4.0,4.0,2.0,4.0,2.0,3.0,No,1,10,8,5.0,7,1.0,0,15,6,0,0,0
100788,E100788,44,Female,Married,Research & Development,Healthcare Representative,16,5,Life Sciences,Travel_Frequently,No,18266.0,14.0,1.0,3.0,3.0,2.0,1.0,2.0,1.0,No,4,1,0,0.0,0,1.0,1,11,4,0,0,0
100789,E100789,26,Female,Married,Research & Development,Laboratory Technician,7,3,Life Sciences,Travel_Rarely,No,17601.0,23.0,1.0,3.0,2.0,4.0,2.0,4.0,1.0,No,4,0,0,0.0,0,0.0,1,1,6,0,0,0
100790,E100790,43,Female,Married,Research & Development,Manager,16,3,Other,Travel_Frequently,Yes,15409.0,12.0,0.0,4.0,4.0,2.0,1.0,4.0,3.0,No,4,0,0,0.0,0,0.0,9,7,5,0,0,0
100791,E100791,39,Male,Single,Human Resources,Manager,3,2,Other,Non-Travel,No,14902.0,16.0,1.0,4.0,3.0,1.0,2.0,1.0,4.0,Yes,4,2,1,1.0,1,0.0,8,5,1,0,0,0
100792,E100792,47,Female,Married,Research & Development,Manufacturing Director,26,1,Marketing,Travel_Rarely,No,20052.0,20.0,2.0,4.0,2.0,2.0,1.0,3.0,3.0,No,5,1,0,0.0,0,0.0,8,8,0,0,0,0
100793,E100793,60,Male,Divorced,Research & Development,Healthcare Representative,16,3,Other,Travel_Rarely,No,10024.0,22.0,2.0,3.0,4.0,4.0,3.0,4.0,3.0,Yes,2,1,0,0.0,0,1.0,8,3,4,0,0,0
100794,E100794,34,Male,Divorced,Research & Development,Manager,8,4,Marketing,Travel_Rarely,No,18528.0,11.0,1.0,3.0,4.0,1.0,2.0,4.0,2.0,No,4,18,9,6.0,13,1.0,0,29,1,0,0,0
100795,E100795,43,Male,Married,Research & Development,Laboratory Technician,12,1,Human Resources,Travel_Rarely,No,11366.0,11.0,2.0,3.0,2.0,4.0,4.0,4.0,2.0,Yes,2,6,3,1.0,4,2.0,6,17,5,0,0,0
100796,E100796,53,Male,Married,Research & Development,Healthcare Representative,3,4,Marketing,Travel_Rarely,No,18338.0,18.0,1.0,3.0,2.0,3.0,1.0,2.0,4.0,No,4,6,4,0.0,3,0.0,2,16,1,0,0,1
100797,E100797,18,Female,Single,Research & Development,Manager,17,4,Life Sciences,Non-Travel,No,14318.0,14.0,0.0,3.0,3.0,3.0,3.0,1.0,1.0,No,3,0,0,0.0,0,1.0,8,4,4,0,0,0
100798,E100798,25,Female,Divorced,Research & Development,Manager,21,1,Technical Degree,Travel_Rarely,No,12719.0,25.0,0.0,3.0,4.0,1.0,4.0,2.0,2.0,No,3,6,4,3.0,4,0.0,7,17,1,0,0,0
100799,E100799,52,Female,Divorced,Research & Development,Manager,18,1,Technical Degree,Travel_Rarely,No,15008.0,25.0,2.0,3.0,4.0,1.0,3.0,3.0,2.0,No,3,6,1,3.0,5,0.0,2,8,4,0,0,0
100800,E100800,32,Male,Married,Human Resources,Manager,11,4,Medical,Travel_Rarely,No,16662.0,11.0,2.0,3.0,3.0,2.0,2.0,2.0,4.0,Yes,4,5,3,1.0,4,0.0,0,16,1,0,0,0
100801,E100801,39,Male,Divorced,Research & Development,Research Scientist,4,2,Medical,Travel_Rarely,No,11416.0,17.0,1.0,3.0,4.0,4.0,4.0,1.0,3.0,Yes,2,1,0,0.0,0,0.0,8,15,1,0,0,0
100802,E100802,31,Male,Married,Research & Development,Manufacturing Director,16,5,Marketing,Travel_Rarely,No,20618.0,19.0,3.0,3.0,4.0,3.0,1.0,2.0,2.0,No,5,2,1,0.0,0,2.0,9,14,6,0,0,0
100803,E100803,43,Male,Married,Research & Development,Healthcare Representative,17,5,Technical Degree,Travel_Rarely,No,7470.0,20.0,1.0,3.0,4.0,2.0,1.0,3.0,1.0,No,1,9,8,2.0,7,2.0,0,15,1,0,0,0
100804,E100804,45,Male,Single,Research & Development,Healthcare Representative,9,2,Life Sciences,Travel_Rarely,No,22014.0,17.0,1.0,3.0,1.0,3.0,4.0,1.0,4.0,No,5,5,4,2.0,3,0.0,2,19,4,0,0,0
100805,E100805,40,Male,Married,Research & Development,Healthcare Representative,6,1,Other,Non-Travel,No,15751.0,11.0,0.0,3.0,2.0,2.0,1.0,1.0,2.0,No,4,6,4,0.0,4,0.0,5,8,1,0,1,0
100806,E100806,31,Male,Married,Sales,Sales Executive,24,4,Unknown,Travel_Rarely,No,12660.0,11.0,3.0,3.0,1.0,2.0,3.0,1.0,4.0,No,3,4,0,0.0,1,2.0,5,18,6,0,0,0
100807,E100807,41,Male,Married,Research & Development,Manufacturing Director,27,5,Life Sciences,Travel_Frequently,No,13614.0,22.0,3.0,4.0,1.0,3.0,4.0,1.0,2.0,Yes,3,2,1,0.0,1,0.0,9,13,5,0,0,0
100808,E100808,19,Female,Married,Research & Development,Laboratory Technician,20,4,Marketing,Travel_Rarely,No,10649.0,11.0,1.0,4.0,2.0,2.0,1.0,3.0,2.0,Yes,2,7,6,0.0,1,3.0,3,14,5,0,0,0
100809,E100809,43,Female,Divorced,Research & Development,Healthcare Representative,25,2,Marketing,Travel_Rarely,Yes,14805.0,25.0,0.0,3.0,1.0,3.0,3.0,1.0,4.0,No,4,0,0,0.0,0,0.0,1,8,3,0,0,0
100810,E100810,31,Female,Single,Research & Development,Manufacturing Director,2,4,Human Resources,Travel_Frequently,Yes,23224.0,18.0,2.0,3.0,3.0,1.0,1.0,3.0,1.0,No,5,5,4,1.0,3,0.0,9,17,3,0,0,0
100811,E100811,24,Female,Married,Research & Development,Manufacturing Director,9,2,Life Sciences,Travel_Frequently,No,18456.0,17.0,0.0,3.0,1.0,4.0,3.0,3.0,1.0,No,4,29,13,15.0,20,0.0,5,40,3,0,0,0
100812,E100812,20,Male,Married,Research & Development,Research Scientist,28,1,Life Sciences,Travel_Rarely,Yes,15817.0,24.0,2.0,3.0,3.0,2.0,2.0,2.0,3.0,Yes,4,7,4,0.0,2,1.0,9,8,3,0,0,0
100813,E100813,40,Female,Married,Sales,Sales Representative,21,2,Marketing,Travel_Rarely,No,11170.0,13.0,0.0,3.0,2.0,3.0,3.0,2.0,2.0,No,3,1,0,0.0,0,1.0,4,3,3,0,0,0
100814,E100814,60,Female,Married,Research & Development,Healthcare Representative,29,2,Marketing,Travel_Frequently,No,20154.0,13.0,3.0,3.0,4.0,3.0,1.0,1.0,3.0,No,5,1,0,0.0,0,1.0,5,12,5,0,0,0
100815,E100815,35,Male,Single,Research & Development,Manager,6,5,Human Resources,Travel_Rarely,No,7293.0,22.0,0.0,3.0,2.0,4.0,3.0,4.0,4.0,Yes,1,5,4,2.0,0,0.0,6,17,0,0,0,0
100816,E100816,55,Male,Single,Sales,Manager,3,4,Human Resources,Travel_Rarely,No,13611.0,,,,,,,,,,3,11,4,3.0,2,1.0,8,17,1,1,0,0
100817,E100817,52,Female,Married,Sales,Manager,20,5,Medical,Travel_Rarely,No,17852.0,12.0,2.0,3.0,1.0,4.0,4.0,1.0,4.0,No,5,4,1,0.0,3,1.0,6,8,5,0,0,0
100818,E100818,32,Male,Married,Research & Development,Manufacturing Director,6,3,Technical Degree,Travel_Rarely,No,8955.0,24.0,0.0,3.0,2.0,2.0,4.0,3.0,1.0,No,2,3,2,0.0,0,0.0,3,12,5,0,0,0
100819,E100819,42,Male,Single,Research & Development,Laboratory Technician,7,2,Life Sciences,Travel_Rarely,No,13893.0,24.0,0.0,4.0,2.0,3.0,2.0,2.0,4.0,No,3,0,0,0.0,0,2.0,9,6,2,0,0,0
100820,E100820,54,Male,Married,Sales,Manager,1,3,Life Sciences,Travel_Frequently,No,10152.0,14.0,2.0,3.0,3.0,2.0,3.0,1.0,4.0,No,2,6,3,0.0,4,1.0,4,7,0,0,0,0
100821,E100821,45,Male,Married,Human Resources,Manager,23,5,Human Resources,Travel_Rarely,No,13692.0,17.0,0.0,3.0,4.0,2.0,2.0,1.0,3.0,No,3,6,1,1.0,2,0.0,5,19,4,0,0,0
100822,E100822,27,Male,Married,Research & Development,Research Scientist,1,4,Human Resources,Travel_Rarely,No,16334.0,19.0,2.0,3.0,1.0,1.0,4.0,3.0,2.0,Yes,4,17,5,6.0,13,1.0,8,30,6,0,0,0
100823,E100823,56,Male,Divorced,Human Resources,Manager,5,5,Medical,Travel_Rarely,No,21061.0,13.0,3.0,3.0,4.0,4.0,3.0,2.0,3.0,No,5,1,0,0.0,0,0.0,4,4,0,0,0,0
100824,E100824,34,Male,Single,Research & Development,Manufacturing Director,6,4,Technical Degree,Travel_Frequently,No,8775.0,20.0,2.0,4.0,4.0,1.0,3.0,4.0,1.0,No,2,7,5,0.0,6,0.0,4,7,2,0,0,0
100825,E100825,56,Male,Single,Research & Development,Manufacturing Director,13,4,Medical,Travel_Rarely,No,15831.0,17.0,2.0,3.0,4.0,1.0,2.0,4.0,1.0,No,3,2,0,0.0,0,0.0,6,16,5,0,0,0
100826,E100826,39,Female,Married,Research & Development,Manager,2,1,Technical Degree,Travel_Rarely,No,9796.0,22.0,3.0,4.0,1.0,2.0,2.0,1.0,1.0,No,2,4,1,2.0,2,1.0,1,8,0,0,0,0
100827,E100827,43,Male,Married,Research & Development,Manager,15,2,Other,Travel_Rarely,No,13234.0,25.0,0.0,4.0,2.0,2.0,3.0,1.0,2.0,No,3,8,2,1.0,5,2.0,2,15,1,0,0,0
100828,E100828,42,Male,Married,Research & Development,Laboratory Technician,15,5,Life Sciences,Travel_Rarely,No,13106.0,14.0,0.0,3.0,4.0,3.0,3.0,1.0,3.0,No,3,1,0,0.0,0,0.0,1,1,3,0,0,0
100829,E100829,34,Male,Divorced,Sales,Sales Representative,13,4,Medical,Travel_Rarely,No,7412.0,11.0,3.0,3.0,1.0,1.0,3.0,1.0,4.0,No,1,2,0,0.0,0,0.0,9,8,1,0,0,0
100830,E100830,30,Female,Divorced,Research & Development,Laboratory Technician,26,5,Human Resources,Travel_Rarely,No,6978.0,15.0,1.0,3.0,2.0,4.0,2.0,1.0,4.0,Yes,1,7,3,3.0,3,1.0,9,13,0,0,0,0
100831,E100831,37,Male,Divorced,Sales,Sales Representative,25,5,Medical,Travel_Rarely,No,6708.0,18.0,2.0,4.0,4.0,1.0,1.0,4.0,2.0,No,1,4,3,0.0,0,0.0,1,10,5,0,0,0
100832,E100832,42,Male,Married,Sales,Sales Executive,14,4,Other,Travel_Rarely,No,10367.0,13.0,0.0,4.0,3.0,3.0,4.0,1.0,1.0,No,2,0,0,0.0,0,2.0,2,14,5,0,0,0
100833,E100833,21,Female,Married,Sales,Manager,26,3,Medical,Travel_Frequently,No,17508.0,20.0,0.0,3.0,1.0,1.0,4.0,2.0,2.0,No,4,2,0,0.0,1,0.0,5,2,2,0,0,0
100834,E100834,27,Female,Married,Sales,Manager,22,2,Life Sciences,Non-Travel,No,14702.0,14.0,2.0,3.0,4.0,1.0,2.0,3.0,4.0,Yes,3,4,2,1.0,1,2.0,4,15,4,0,0,0
100835,E100835,20,Male,Single,Human Resources,Manager,7,2,Other,Travel_Rarely,No,19539.0,25.0,2.0,3.0,1.0,1.0,3.0,4.0,1.0,No,5,12,11,5.0,4,0.0,4,22,1,0,0,0
100836,E100836,58,Female,Married,Sales,Manager,14,1,Human Resources,Non-Travel,No,5487.0,13.0,2.0,3.0,3.0,3.0,4.0,3.0,2.0,No,1,1,0,0.0,0,2.0,1,3,2,0,0,0
100837,E100837,35,Male,Single,Research & Development,Manager,26,1,Human Resources,Travel_Rarely,Yes,10165.0,25.0,1.0,3.0,1.0,1.0,4.0,3.0,4.0,No,2,8,3,1.0,3,0.0,1,18,4,0,0,0
100838,E100838,53,Male,Divorced,Research & Development,Research Scientist,24,1,Marketing,Travel_Rarely,No,8380.0,20.0,3.0,3.0,2.0,2.0,4.0,1.0,4.0,No,2,0,0,0.0,0,0.0,0,1,3,0,0,1
100839,E100839,39,Male,Married,Research & Development,Healthcare Representative,27,2,Other,Travel_Rarely,No,9833.0,24.0,1.0,3.0,4.0,1.0,4.0,3.0,2.0,No,2,1,0,0.0,0,0.0,2,15,1,0,0,1
100840,E100840,51,Male,Married,Sales,Sales Executive,29,3,Marketing,Travel_Rarely,No,21265.0,24.0,1.0,3.0,1.0,2.0,3.0,2.0,4.0,No,5,1,0,0.0,0,1.0,6,15,5,0,0,0
100841,E100841,25,Female,Married,Research & Development,Healthcare Representative,10,2,Marketing,Travel_Frequently,No,17854.0,18.0,2.0,3.0,1.0,1.0,2.0,1.0,3.0,No,5,10,8,1.0,7,1.0,4,14,1,0,0,0
100842,E100842,57,Male,Single,Research & Development,Manager,17,2,Life Sciences,Non-Travel,No,5739.0,20.0,3.0,3.0,4.0,2.0,3.0,4.0,3.0,Yes,1,1,0,0.0,0,1.0,6,2,5,0,0,0
100843,E100843,36,Male,Single,Research & Development,Healthcare Representative,14,2,Medical,Travel_Rarely,No,21559.0,18.0,0.0,3.0,3.0,1.0,3.0,2.0,1.0,No,5,7,5,1.0,2,1.0,8,19,5,0,0,0
100844,E100844,59,Female,Married,Research & Development,Manager,8,2,Human Resources,Travel_Frequently,No,7141.0,24.0,2.0,3.0,3.0,4.0,4.0,4.0,3.0,No,1,3,2,1.0,1,1.0,5,16,3,0,0,0
100845,E100845,58,Female,Single,Human Resources,Manager,4,3,Human Resources,Travel_Rarely,No,20156.0,14.0,3.0,3.0,4.0,2.0,4.0,1.0,3.0,No,5,35,8,5.0,32,0.0,1,39,3,0,0,0
100846,E100846,54,Male,Married,Research & Development,Research Scientist,26,1,Medical,Travel_Rarely,No,17543.0,21.0,0.0,3.0,4.0,4.0,3.0,1.0,2.0,Yes,5,9,3,2.0,1,0.0,0,13,0,0,0,0
100847,E100847,23,Female,Divorced,Research & Development,Laboratory Technician,16,5,Human Resources,Travel_Rarely,No,17382.0,12.0,1.0,4.0,2.0,2.0,3.0,4.0,1.0,No,5,6,5,2.0,3,0.0,0,9,4,0,0,0
100848,E100848,43,Male,Divorced,Research & Development,Research Scientist,24,1,Medical,Travel_Rarely,No,8916.0,22.0,3.0,3.0,1.0,1.0,3.0,3.0,2.0,No,1,10,9,3.0,3,1.0,9,20,2,0,0,0
100849,E100849,51,Female,Married,Sales,Sales Executive,13,1,Other,Travel_Rarely,No,14055.0,13.0,1.0,3.0,1.0,3.0,1.0,4.0,2.0,No,3,5,4,2.0,4,0.0,8,11,6,0,0,0
100850,E100850,23,Female,Single,Research & Development,Healthcare Representative,22,5,Life Sciences,Travel_Rarely,No,6833.0,13.0,1.0,3.0,3.0,1.0,4.0,2.0,3.0,Yes,1,9,8,3.0,7,0.0,5,18,6,0,0,0
100851,E100851,54,Female,Divorced,Sales,Sales Representative,27,2,Life Sciences,Travel_Rarely,No,13611.0,,,,,,,,,,3,1,0,0.0,0,1.0,5,6,3,1,0,0
100852,E100852,50,Male,Divorced,Research & Development,Healthcare Representative,25,3,Life Sciences,Travel_Rarely,No,8420.0,21.0,0.0,3.0,1.0,4.0,2.0,1.0,4.0,Yes,2,0,0,0.0,0,0.0,3,1,0,0,0,0
100853,E100853,39,Male,Single,Research & Development,Laboratory Technician,27,3,Medical,Travel_Rarely,No,11318.0,23.0,3.0,3.0,2.0,3.0,2.0,2.0,4.0,No,2,4,2,1.0,0,1.0,1,18,4,0,0,0
100854,E100854,38,Male,Married,Research & Development,Manager,20,1,Medical,Travel_Frequently,No,6343.0,12.0,0.0,3.0,4.0,3.0,1.0,2.0,1.0,No,1,2,0,0.0,1,0.0,9,5,4,0,0,0
100855,E100855,23,Male,Single,Research & Development,Manager,18,5,Technical Degree,Travel_Rarely,No,13701.0,12.0,2.0,3.0,1.0,3.0,1.0,1.0,3.0,No,3,2,1,0.0,0,2.0,2,14,1,0,0,0
100856,E100856,23,Male,Divorced,Research & Development,Laboratory Technician,14,4,Human Resources,Travel_Rarely,No,13239.0,13.0,2.0,3.0,4.0,3.0,2.0,3.0,4.0,No,3,3,2,0.0,1,0.0,2,16,0,0,0,0
100857,E100857,21,Female,Divorced,Research & Development,Research Scientist,18,2,Human Resources,Travel_Frequently,No,12068.0,22.0,2.0,3.0,3.0,4.0,2.0,1.0,2.0,No,3,2,1,0.0,1,1.0,7,12,0,0,0,0
100858,E100858,47,Male,Single,Research & Development,Manager,5,1,Technical Degree,Travel_Rarely,No,10834.0,11.0,1.0,3.0,3.0,3.0,2.0,2.0,3.0,Yes,2,4,2,2.0,2,0.0,5,10,1,0,0,0
100859,E100859,28,Male,Divorced,Research & Development,Research Scientist,26,3,Technical Degree,Non-Travel,No,13611.0,,,,,,,,,,1,0,0,0.0,0,0.0,6,8,6,1,0,0
100860,E100860,47,Female,Married,Sales,Sales Executive,9,5,Life Sciences,Travel_Rarely,No,20738.0,16.0,1.0,3.0,3.0,2.0,4.0,2.0,1.0,No,4,17,6,2.0,4,1.0,8,25,2,0,0,0
100861,E100861,48,Male,Divorced,Research & Development,Manager,28,5,Technical Degree,Travel_Rarely,No,12892.0,13.0,0.0,3.0,4.0,2.0,1.0,1.0,2.0,No,3,12,5,4.0,1,1.0,0,23,6,0,0,0
100862,E100862,41,Female,Married,Research & Development,Manufacturing Director,3,1,Medical,Travel_Rarely,No,14900.0,11.0,3.0,3.0,4.0,1.0,1.0,4.0,4.0,No,3,13,9,0.0,6,1.0,1,15,3,0,0,0
100863,E100863,26,Male,Divorced,Sales,Sales Executive,8,4,Marketing,Travel_Frequently,No,16595.0,13.0,3.0,3.0,4.0,4.0,3.0,2.0,2.0,Yes,4,2,1,0.0,1,0.0,8,2,5,0,0,0
100864,E100864,20,Male,Single,Research & Development,Healthcare Representative,20,3,Medical,Non-Travel,No,7961.0,11.0,1.0,3.0,3.0,1.0,1.0,2.0,4.0,No,1,3,2,1.0,1,1.0,4,11,1,0,0,0
100865,E100865,48,Male,Married,Sales,Sales Executive,22,1,Technical Degree,Travel_Rarely,No,13647.0,13.0,1.0,3.0,3.0,1.0,2.0,3.0,3.0,Yes,3,15,13,3.0,13,1.0,3,22,3,0,0,0
100866,E100866,57,Male,Single,Research & Development,Manager,10,4,Human Resources,Travel_Rarely,No,8302.0,14.0,1.0,3.0,3.0,3.0,1.0,4.0,1.0,No,1,11,3,5.0,5,1.0,0,17,5,0,0,0
100867,E100867,54,Female,Divorced,Research & Development,Manufacturing Director,22,5,Medical,Travel_Rarely,No,11730.0,16.0,0.0,4.0,4.0,3.0,3.0,3.0,4.0,Yes,3,7,2,2.0,2,1.0,8,12,0,0,0,0
100868,E100868,53,Male,Divorced,Research & Development,Manufacturing Director,19,2,Human Resources,Travel_Rarely,No,21099.0,17.0,0.0,3.0,2.0,4.0,4.0,2.0,2.0,No,5,2,1,0.0,1,0.0,8,15,6,0,0,0
100869,E100869,41,Male,Divorced,Sales,Sales Executive,21,3,Medical,Travel_Frequently,No,13621.0,17.0,2.0,3.0,3.0,4.0,2.0,4.0,3.0,Yes,3,4,1,0.0,1,0.0,3,18,1,0,0,0
100870,E100870,48,Male,Divorced,Sales,Sales Representative,28,3,Human Resources,Travel_Rarely,Yes,22067.0,19.0,2.0,3.0,2.0,2.0,1.0,3.0,4.0,Yes,5,7,5,1.0,2,1.0,8,16,5,0,0,0
100871,E100871,23,Male,Single,Sales,Sales Representative,3,4,Other,Non-Travel,No,7252.0,18.0,3.0,3.0,3.0,4.0,2.0,1.0,3.0,No,1,1,0,0.0,0,0.0,9,7,2,0,0,0
100872,E100872,19,Female,Married,Research & Development,Laboratory Technician,11,1,Medical,Travel_Frequently,No,13221.0,23.0,2.0,3.0,1.0,1.0,4.0,3.0,3.0,No,3,4,1,0.0,3,0.0,0,14,3,0,0,0
100873,E100873,37,Male,Single,Research & Development,Healthcare Representative,11,5,Human Resources,Travel_Rarely,No,10903.0,14.0,0.0,3.0,1.0,2.0,1.0,4.0,2.0,No,2,8,4,1.0,6,1.0,4,16,6,0,0,0
100874,E100874,45,Female,Single,Research & Development,Research Scientist,17,4,Marketing,Travel_Frequently,Yes,9046.0,16.0,0.0,4.0,1.0,2.0,2.0,3.0,2.0,No,2,6,3,1.0,0,0.0,0,11,3,0,0,0
100875,E100875,28,Female,Single,Research & Development,Manufacturing Director,16,2,Life Sciences,Travel_Rarely,No,16907.0,21.0,0.0,3.0,2.0,3.0,3.0,4.0,3.0,Yes,4,3,2,0.0,1,0.0,3,17,3,0,0,0
100876,E100876,21,Male,Married,Research & Development,Healthcare Representative,7,2,Medical,Non-Travel,No,13611.0,11.0,0.0,3.0,3.0,3.0,3.0,4.0,3.0,No,2,4,0,0.0,3,0.0,4,17,0,1,0,0
100877,E100877,32,Female,Single,Human Resources,Manager,4,2,Marketing,Travel_Rarely,No,20542.0,18.0,3.0,3.0,4.0,2.0,4.0,3.0,4.0,No,5,22,20,3.0,20,2.0,2,35,6,0,0,0
100878,E100878,23,Male,Single,Research & Development,Manager,23,4,Life Sciences,Travel_Frequently,No,11697.0,16.0,3.0,3.0,2.0,3.0,4.0,3.0,2.0,No,2,4,2,2.0,1,0.0,1,13,5,0,0,0
100879,E100879,47,Male,Single,Human Resources,Manager,19,5,Medical,Travel_Rarely,No,8926.0,12.0,0.0,3.0,3.0,3.0,4.0,1.0,4.0,No,2,7,5,3.0,6,1.0,5,9,3,0,0,0
100880,E100880,55,Male,Single,Research & Development,Manufacturing Director,12,3,Unknown,Non-Travel,No,11510.0,18.0,1.0,3.0,1.0,3.0,1.0,3.0,1.0,No,2,6,1,1.0,2,0.0,2,18,4,0,0,0
100881,E100881,19,Female,Divorced,Sales,Sales Executive,15,1,Marketing,Travel_Rarely,No,16063.0,14.0,2.0,3.0,2.0,2.0,4.0,4.0,4.0,Yes,3,6,4,2.0,1,1.0,9,19,6,0,0,0
100882,E100882,32,Female,Married,Sales,Sales Executive,11,3,Other,Travel_Rarely,No,18269.0,19.0,3.0,3.0,3.0,2.0,1.0,2.0,3.0,No,4,6,4,0.0,0,0.0,0,8,3,0,0,0
100883,E100883,28,Male,Divorced,Research & Development,Laboratory Technician,5,5,Marketing,Travel_Frequently,No,6984.0,14.0,1.0,3.0,4.0,2.0,2.0,3.0,1.0,Yes,1,3,1,0.0,1,1.0,4,6,0,0,0,0
100884,E100884,25,Female,Married,Sales,Sales Executive,5,3,Other,Travel_Rarely,No,15113.0,11.0,2.0,4.0,2.0,1.0,3.0,3.0,4.0,No,4,3,2,0.0,1,2.0,1,12,1,0,0,0
100885,E100885,43,Male,Single,Research & Development,Manufacturing Director,15,4,Technical Degree,Travel_Frequently,No,22233.0,17.0,1.0,3.0,4.0,2.0,2.0,4.0,1.0,No,5,3,1,0.0,2,0.0,1,15,3,0,0,0
100886,E100886,22,Male,Divorced,Research & Development,Research Scientist,29,2,Human Resources,Travel_Rarely,No,12744.0,20.0,0.0,3.0,2.0,3.0,3.0,2.0,2.0,No,3,0,0,0.0,0,0.0,3,13,3,0,0,0
100887,E100887,23,Male,Married,Research & Development,Manufacturing Director,18,5,Life Sciences,Travel_Rarely,No,15661.0,15.0,2.0,3.0,1.0,2.0,4.0,1.0,4.0,Yes,3,1,0,0.0,0,0.0,3,15,1,0,0,0
100888,E100888,43,Female,Single,Research & Development,Manager,11,5,Human Resources,Travel_Rarely,No,11116.0,20.0,1.0,3.0,1.0,1.0,2.0,2.0,4.0,No,2,0,0,0.0,0,0.0,3,13,5,0,0,0
100889,E100889,21,Female,Single,Sales,Manager,26,3,Human Resources,Non-Travel,No,12136.0,21.0,3.0,4.0,1.0,3.0,2.0,4.0,2.0,Yes,2,10,3,2.0,7,1.0,6,19,5,0,0,0
100890,E100890,36,Male,Single,Research & Development,Healthcare Representative,12,4,Other,Travel_Frequently,No,17037.0,22.0,3.0,3.0,4.0,4.0,4.0,4.0,4.0,No,5,1,0,0.0,0,0.0,0,8,4,0,0,0
100891,E100891,37,Male,Single,Research & Development,Laboratory Technician,2,3,Unknown,Travel_Rarely,Yes,13507.0,15.0,3.0,3.0,1.0,2.0,2.0,4.0,1.0,No,3,0,0,0.0,0,1.0,7,9,0,0,0,0
100892,E100892,50,Male,Married,Human Resources,Human Resources,20,3,Marketing,Travel_Rarely,Yes,7301.0,14.0,2.0,3.0,4.0,2.0,1.0,4.0,2.0,Yes,1,0,0,0.0,0,1.0,9,8,1,0,0,0
100893,E100893,37,Male,Married,Research & Development,Laboratory Technician,15,5,Other,Travel_Rarely,No,19487.0,16.0,0.0,3.0,4.0,4.0,3.0,2.0,1.0,Yes,4,6,3,1.0,1,1.0,8,19,0,0,0,0
100894,E100894,29,Male,Single,Human Resources,Human Resources,20,3,Human Resources,Travel_Frequently,No,11110.0,11.0,0.0,3.0,4.0,3.0,4.0,2.0,4.0,Yes,3,0,0,0.0,0,0.0,9,7,5,0,0,0
100895,E100895,18,Female,Single,Research & Development,Laboratory Technician,4,2,Other,Non-Travel,No,8216.0,13.0,2.0,3.0,1.0,2.0,1.0,2.0,4.0,No,1,3,0,0.0,0,0.0,5,13,1,0,0,0
100896,E100896,43,Male,Divorced,Research & Development,Manufacturing Director,22,3,Technical Degree,Travel_Rarely,Yes,5851.0,21.0,2.0,3.0,3.0,1.0,1.0,3.0,4.0,No,1,0,0,0.0,0,0.0,3,9,2,0,0,0
100897,E100897,31,Male,Single,Sales,Manager,18,2,Other,Travel_Rarely,No,17066.0,22.0,0.0,3.0,4.0,3.0,4.0,4.0,4.0,No,4,9,4,0.0,6,1.0,5,10,4,0,1,0
100898,E100898,55,Male,Married,Research & Development,Research Scientist,6,5,Medical,Travel_Rarely,No,8316.0,17.0,3.0,4.0,3.0,2.0,2.0,3.0,1.0,No,1,15,13,0.0,8,1.0,9,18,2,0,0,0
100899,E100899,54,Female,Divorced,Research & Development,Manufacturing Director,23,4,Marketing,Travel_Rarely,No,18226.0,21.0,0.0,3.0,4.0,3.0,3.0,3.0,4.0,No,5,15,13,7.0,4,1.0,6,18,5,0,0,0
100900,E100900,28,Female,Single,Research & Development,Laboratory Technician,27,2,Life Sciences,Travel_Rarely,No,6275.0,18.0,0.0,3.0,1.0,2.0,1.0,3.0,2.0,No,1,2,1,0.0,0,0.0,5,13,6,0,0,0
100901,E100901,53,Male,Single,Research & Development,Research Scientist,26,4,Medical,Travel_Rarely,No,20862.0,22.0,1.0,3.0,1.0,4.0,2.0,1.0,2.0,No,5,5,3,0.0,3,0.0,0,6,1,0,0,0
100902,E100902,30,Female,Married,Research & Development,Manufacturing Director,19,4,Medical,Travel_Rarely,No,7356.0,19.0,3.0,3.0,1.0,2.0,4.0,3.0,3.0,No,1,4,3,0.0,2,0.0,4,16,5,0,0,1
100903,E100903,60,Male,Single,Research & Development,Manufacturing Director,11,2,Medical,Travel_Rarely,No,8803.0,11.0,2.0,4.0,2.0,3.0,4.0,4.0,2.0,Yes,2,2,0,0.0,0,1.0,7,9,1,0,0,0
100904,E100904,20,Male,Married,Research & Development,Manager,28,5,Human Resources,Travel_Frequently,Yes,6666.0,14.0,0.0,3.0,1.0,2.0,3.0,3.0,3.0,No,1,2,1,0.0,1,0.0,7,4,0,0,0,0
100905,E100905,50,Male,Divorced,Sales,Sales Executive,24,1,Other,Travel_Rarely,No,20570.0,12.0,3.0,3.0,3.0,2.0,4.0,4.0,2.0,No,5,0,0,0.0,0,0.0,9,1,1,0,0,0
100906,E100906,23,Male,Single,Research & Development,Manager,2,4,Other,Travel_Rarely,Yes,7450.0,12.0,2.0,3.0,4.0,3.0,3.0,1.0,2.0,Yes,1,7,6,3.0,1,0.0,8,13,5,0,0,0
100907,E100907,27,Male,Married,Sales,Sales Executive,27,4,Human Resources,Non-Travel,Yes,6737.0,11.0,1.0,3.0,3.0,2.0,4.0,2.0,4.0,Yes,1,1,0,0.0,0,1.0,3,15,0,0,0,0
100908,E100908,22,Female,Married,Sales,Sales Executive,8,5,Marketing,Travel_Rarely,Yes,5178.0,15.0,1.0,3.0,2.0,2.0,4.0,4.0,2.0,Yes,1,3,1,0.0,2,1.0,9,3,0,0,0,0
100909,E100909,40,Female,Single,Research & Development,Healthcare Representative,29,5,Human Resources,Travel_Frequently,No,21777.0,12.0,3.0,3.0,3.0,3.0,1.0,3.0,4.0,No,5,3,2,0.0,1,2.0,5,17,1,0,0,0
100910,E100910,27,Female,Married,Research & Development,Manager,11,3,Human Resources,Travel_Rarely,Yes,6881.0,14.0,0.0,3.0,4.0,4.0,2.0,4.0,4.0,Yes,1,4,1,1.0,3,0.0,6,9,0,0,0,0
100911,E100911,19,Male,Single,Research & Development,Laboratory Technician,5,5,Human Resources,Travel_Rarely,No,18500.0,19.0,2.0,3.0,4.0,1.0,1.0,3.0,2.0,No,4,8,6,4.0,3,1.0,4,20,5,0,0,0
100912,E100912,30,Male,Married,Sales,Sales Representative,18,4,Marketing,Travel_Rarely,No,18969.0,21.0,3.0,3.0,1.0,1.0,3.0,2.0,1.0,No,4,5,2,1.0,2,1.0,7,17,6,0,0,0
100913,E100913,57,Female,Single,Research & Development,Manufacturing Director,23,2,Marketing,Travel_Rarely,Yes,18958.0,13.0,1.0,4.0,2.0,1.0,1.0,4.0,4.0,Yes,5,5,2,0.0,3,0.0,2,7,4,0,0,0
100914,E100914,19,Male,Married,Research & Development,Healthcare Representative,18,1,Technical Degree,Travel_Rarely,Yes,9494.0,25.0,2.0,3.0,2.0,1.0,4.0,3.0,2.0,No,2,3,2,0.0,0,1.0,7,15,2,0,0,0
100915,E100915,37,Male,Single,Human Resources,Manager,14,3,Technical Degree,Travel_Rarely,No,17591.0,18.0,2.0,3.0,3.0,1.0,4.0,4.0,1.0,No,4,0,0,0.0,0,0.0,4,2,1,0,0,0
100916,E100916,18,Male,Divorced,Human Resources,Human Resources,22,2,Technical Degree,Travel_Rarely,Yes,14210.0,20.0,0.0,3.0,1.0,1.0,2.0,2.0,2.0,Yes,3,2,1,0.0,0,1.0,0,16,0,0,0,0
100917,E100917,54,Female,Single,Research & Development,Manufacturing Director,10,1,Technical Degree,Travel_Rarely,No,18188.0,23.0,1.0,3.0,1.0,3.0,3.0,2.0,2.0,No,4,15,9,0.0,13,3.0,5,19,0,0,0,0
100918,E100918,26,Male,Married,Research & Development,Research Scientist,3,1,Other,Travel_Rarely,No,19097.0,16.0,1.0,3.0,1.0,3.0,4.0,2.0,1.0,No,3,27,20,4.0,15,0.0,1,40,5,0,0,0
100919,E100919,34,Male,Married,Research & Development,Research Scientist,9,1,Medical,Travel_Rarely,No,13611.0,,,,,,,,,,5,6,4,1.0,2,1.0,6,8,0,1,0,0
100920,E100920,26,Female,Married,Sales,Manager,3,2,Medical,Travel_Frequently,Yes,10563.0,15.0,2.0,3.0,2.0,2.0,2.0,4.0,4.0,Yes,2,1,0,0.0,0,0.0,8,12,0,0,0,0
100921,E100921,28,Male,Married,Research & Development,Laboratory Technician,11,3,Technical Degree,Travel_Rarely,No,11703.0,12.0,1.0,3.0,3.0,4.0,4.0,3.0,3.0,No,3,0,0,0.0,0,1.0,2,3,4,0,0,0
100922,E100922,32,Male,Married,Research & Development,Manufacturing Director,12,3,Technical Degree,Travel_Rarely,No,15835.0,21.0,3.0,4.0,3.0,4.0,4.0,2.0,3.0,No,3,2,1,0.0,0,0.0,9,14,6,0,0,0
100923,E100923,41,Male,Married,Human Resources,Human Resources,12,1,Life Sciences,Travel_Rarely,No,18786.0,23.0,1.0,3.0,3.0,1.0,3.0,3.0,2.0,No,4,9,6,5.0,2,0.0,3,21,1,0,0,0
100924,E100924,55,Male,Divorced,Sales,Sales Executive,3,2,Medical,Travel_Rarely,No,14101.0,13.0,2.0,3.0,1.0,1.0,2.0,4.0,3.0,Yes,3,6,4,1.0,2,0.0,3,20,1,0,0,0
100925,E100925,52,Female,Single,Research & Development,Research Scientist,21,1,Life Sciences,Travel_Rarely,No,20297.0,18.0,1.0,3.0,2.0,3.0,2.0,1.0,3.0,Yes,5,10,7,5.0,6,0.0,3,12,5,0,0,0
100926,E100926,47,Male,Married,Research & Development,Manager,7,5,Life Sciences,Travel_Rarely,No,19202.0,25.0,1.0,3.0,2.0,4.0,2.0,2.0,3.0,No,5,4,1,0.0,1,1.0,2,10,4,0,0,0
100927,E100927,48,Male,Divorced,Research & Development,Manufacturing Director,14,3,Human Resources,Travel_Rarely,No,20923.0,22.0,2.0,3.0,4.0,2.0,3.0,3.0,4.0,Yes,5,0,0,0.0,0,0.0,4,2,4,0,0,0
100928,E100928,22,Female,Divorced,Sales,Manager,24,4,Other,Travel_Rarely,Yes,16771.0,22.0,1.0,3.0,4.0,2.0,2.0,2.0,4.0,Yes,4,0,0,0.0,0,1.0,8,13,4,0,0,0
100929,E100929,31,Female,Divorced,Human Resources,Manager,28,1,Marketing,Travel_Rarely,Yes,10948.0,19.0,0.0,3.0,4.0,3.0,1.0,3.0,3.0,Yes,2,0,0,0.0,0,1.0,7,9,1,0,0,0
100930,E100930,28,Female,Married,Research & Development,Research Scientist,11,5,Medical,Travel_Frequently,No,17787.0,21.0,2.0,3.0,3.0,1.0,1.0,3.0,1.0,No,4,4,3,0.0,3,1.0,9,7,6,0,0,0
100931,E100931,26,Male,Single,Research & Development,Laboratory Technician,7,3,Technical Degree,Non-Travel,No,20563.0,21.0,1.0,3.0,3.0,4.0,2.0,1.0,1.0,Yes,5,1,0,0.0,0,0.0,1,2,3,0,0,0
100932,E100932,51,Male,Married,Sales,Sales Executive,25,2,Technical Degree,Travel_Frequently,Yes,17215.0,17.0,0.0,3.0,2.0,2.0,1.0,4.0,1.0,Yes,4,6,2,2.0,4,0.0,8,7,5,0,0,0
100933,E100933,29,Female,Married,Research & Development,Laboratory Technician,21,3,Marketing,Travel_Rarely,No,22195.0,11.0,3.0,3.0,4.0,1.0,1.0,2.0,4.0,No,5,5,2,1.0,4,0.0,9,13,5,0,0,0
100934,E100934,52,Female,Married,Research & Development,Research Scientist,10,2,Medical,Travel_Rarely,No,6782.0,22.0,2.0,3.0,3.0,4.0,3.0,4.0,4.0,Yes,1,1,0,0.0,0,0.0,1,11,2,0,0,0
100935,E100935,52,Male,Married,Sales,Manager,11,2,Technical Degree,Travel_Rarely,No,5041.0,22.0,1.0,3.0,4.0,2.0,2.0,3.0,4.0,No,1,0,0,0.0,0,1.0,6,0,4,0,0,0
100936,E100936,18,Male,Divorced,Sales,Sales Representative,15,1,Technical Degree,Travel_Frequently,Yes,13343.0,23.0,2.0,3.0,4.0,1.0,3.0,4.0,4.0,No,3,0,0,0.0,0,1.0,4,0,4,0,0,0
100937,E100937,57,Male,Married,Research & Development,Laboratory Technician,19,1,Human Resources,Travel_Rarely,No,10694.0,23.0,0.0,3.0,2.0,2.0,2.0,1.0,3.0,No,2,6,3,2.0,5,0.0,6,15,1,0,0,0
100938,E100938,39,Female,Divorced,Sales,Sales Executive,16,3,Life Sciences,Travel_Frequently,No,5275.0,16.0,2.0,4.0,2.0,1.0,4.0,4.0,4.0,No,1,2,1,0.0,0,0.0,4,2,6,0,0,0
100939,E100939,46,Male,Married,Sales,Sales Representative,22,5,Technical Degree,Travel_Rarely,Yes,17851.0,17.0,3.0,3.0,3.0,1.0,1.0,3.0,3.0,No,5,1,0,0.0,0,3.0,5,14,5,0,0,0
100940,E100940,25,Male,Married,Research & Development,Manufacturing Director,21,3,Other,Travel_Rarely,No,14920.0,22.0,1.0,3.0,2.0,1.0,3.0,3.0,1.0,No,4,9,3,1.0,5,1.0,7,11,1,0,0,0
100941,E100941,28,Male,Married,Research & Development,Manufacturing Director,28,4,Medical,Travel_Frequently,No,17097.0,16.0,3.0,3.0,4.0,4.0,3.0,1.0,3.0,No,4,4,2,0.0,3,1.0,0,5,6,0,0,0
100942,E100942,58,Female,Married,Sales,Sales Executive,20,2,Other,Travel_Frequently,No,13503.0,20.0,0.0,3.0,2.0,3.0,4.0,2.0,1.0,No,3,3,1,0.0,1,0.0,0,5,2,0,0,0
100943,E100943,54,Female,Single,Research & Development,Manager,12,2,Marketing,Travel_Rarely,No,16017.0,21.0,2.0,3.0,4.0,1.0,4.0,1.0,4.0,Yes,4,6,2,2.0,4,0.0,4,19,0,0,0,0
100944,E100944,31,Male,Single,Sales,Manager,18,1,Human Resources,Travel_Frequently,No,7883.0,23.0,1.0,3.0,4.0,1.0,1.0,2.0,1.0,No,1,8,7,4.0,6,0.0,0,12,1,0,0,0
100945,E100945,47,Female,Divorced,Sales,Sales Representative,23,5,Medical,Travel_Rarely,No,15753.0,12.0,1.0,3.0,3.0,2.0,1.0,3.0,1.0,No,4,5,2,1.0,2,0.0,2,13,6,0,0,0
100946,E100946,52,Female,Single,Sales,Manager,13,1,Human Resources,Travel_Frequently,No,6592.0,23.0,0.0,3.0,3.0,2.0,2.0,4.0,3.0,No,1,2,1,1.0,1,0.0,9,3,6,0,0,0
100947,E100947,38,Male,Married,Research & Development,Laboratory Technician,5,4,Life Sciences,Travel_Frequently,No,7235.0,19.0,0.0,3.0,3.0,4.0,2.0,3.0,1.0,No,1,2,0,0.0,1,0.0,8,13,2,0,0,0
100948,E100948,54,Male,Married,Sales,Sales Representative,4,3,Technical Degree,Travel_Frequently,No,11699.0,13.0,2.0,3.0,4.0,3.0,4.0,1.0,2.0,Yes,2,7,3,3.0,6,0.0,6,17,6,0,0,0
100949,E100949,22,Male,Married,Sales,Sales Executive,28,3,Medical,Travel_Frequently,Yes,13636.0,16.0,1.0,3.0,2.0,2.0,1.0,1.0,1.0,No,3,3,1,1.0,2,1.0,5,17,1,0,0,0
100950,E100950,36,Female,Married,Research & Development,Laboratory Technician,14,5,Marketing,Travel_Rarely,No,19827.0,16.0,0.0,3.0,3.0,4.0,1.0,4.0,4.0,No,5,6,2,2.0,5,0.0,7,19,1,0,0,0
100951,E100951,31,Male,Single,Research & Development,Healthcare Representative,8,1,Life Sciences,Travel_Rarely,No,7738.0,18.0,1.0,3.0,3.0,4.0,4.0,1.0,1.0,Yes,1,11,8,2.0,3,1.0,7,11,1,0,0,0
100952,E100952,43,Female,Married,Sales,Manager,9,1,Life Sciences,Travel_Rarely,No,12685.0,23.0,2.0,3.0,2.0,4.0,4.0,3.0,2.0,No,3,12,6,1.0,4,0.0,5,22,3,0,0,0
100953,E100953,21,Female,Married,Research & Development,Laboratory Technician,25,4,Human Resources,Non-Travel,No,21957.0,14.0,3.0,3.0,2.0,1.0,3.0,4.0,3.0,No,5,1,0,0.0,0,0.0,3,6,6,0,0,0
100954,E100954,42,Male,Married,Sales,Manager,19,3,Life Sciences,Travel_Rarely,No,16356.0,25.0,0.0,3.0,3.0,3.0,4.0,2.0,1.0,No,4,1,0,0.0,0,0.0,3,3,3,0,0,0
100955,E100955,59,Female,Single,Research & Development,Manager,3,1,Medical,Travel_Rarely,No,13383.0,16.0,2.0,3.0,4.0,3.0,3.0,1.0,2.0,Yes,3,1,0,0.0,0,0.0,3,13,4,0,0,0
100956,E100956,42,Male,Married,Research & Development,Healthcare Representative,5,5,Human Resources,Travel_Rarely,Yes,14060.0,11.0,3.0,3.0,4.0,3.0,2.0,2.0,4.0,No,3,6,1,2.0,2,0.0,5,12,3,0,0,0
100957,E100957,35,Male,Single,Research & Development,Laboratory Technician,21,3,Life Sciences,Travel_Rarely,No,11475.0,19.0,2.0,3.0,3.0,1.0,4.0,4.0,4.0,Yes,3,2,1,1.0,0,0.0,0,7,2,0,0,0
100958,E100958,57,Female,Single,Research & Development,Healthcare Representative,26,4,Marketing,Travel_Frequently,Yes,16569.0,22.0,0.0,3.0,2.0,1.0,4.0,1.0,3.0,No,4,0,0,0.0,0,1.0,1,10,1,0,0,0
100959,E100959,25,Female,Single,Research & Development,Manufacturing Director,18,5,Other,Travel_Rarely,No,18351.0,19.0,2.0,3.0,4.0,2.0,4.0,4.0,4.0,Yes,4,0,0,0.0,0,1.0,5,6,3,0,0,0
100960,E100960,56,Male,Single,Sales,Manager,1,2,Medical,Travel_Rarely,No,12575.0,17.0,1.0,4.0,2.0,2.0,3.0,1.0,2.0,No,3,1,0,0.0,0,0.0,0,13,5,0,0,0
100961,E100961,57,Female,Divorced,Research & Development,Manufacturing Director,8,4,Marketing,Travel_Rarely,No,11029.0,21.0,0.0,3.0,1.0,2.0,4.0,1.0,1.0,No,2,0,0,0.0,0,1.0,8,12,1,0,0,0
100962,E100962,31,Female,Single,Sales,Sales Representative,19,5,Marketing,Travel_Rarely,Yes,6059.0,23.0,1.0,3.0,2.0,4.0,4.0,1.0,2.0,Yes,1,0,0,0.0,0,1.0,5,4,0,0,0,0
100963,E100963,49,Male,Divorced,Research & Development,Manager,17,1,Human Resources,Travel_Rarely,No,16627.0,11.0,2.0,3.0,2.0,3.0,1.0,4.0,3.0,No,4,5,1,0.0,2,1.0,6,5,4,0,0,0
100964,E100964,55,Female,Divorced,Human Resources,Manager,17,2,Technical Degree,Travel_Rarely,No,9533.0,13.0,0.0,3.0,1.0,1.0,1.0,4.0,1.0,No,2,0,0,0.0,0,0.0,0,13,3,0,0,0
100965,E100965,50,Male,Married,Human Resources,Human Resources,11,4,Human Resources,Travel_Rarely,No,15402.0,22.0,1.0,3.0,4.0,2.0,1.0,3.0,2.0,No,4,0,0,0.0,0,2.0,7,2,5,0,0,0
100966,E100966,40,Unknown,Single,Research & Development,Research Scientist,2,1,Medical,Travel_Rarely,No,15352.0,15.0,1.0,3.0,4.0,4.0,4.0,3.0,3.0,No,3,9,6,2.0,6,1.0,4,11,6,0,0,0
100967,E100967,32,Male,Married,Research & Development,Manufacturing Director,6,2,Medical,Travel_Rarely,No,9721.0,14.0,1.0,3.0,4.0,1.0,1.0,4.0,3.0,No,2,9,2,4.0,2,0.0,4,15,5,0,0,0
100968,E100968,50,Female,Divorced,Research & Development,Manufacturing Director,22,3,Human Resources,Non-Travel,No,21130.0,15.0,3.0,3.0,3.0,4.0,2.0,4.0,1.0,Yes,5,1,0,0.0,0,1.0,5,15,1,0,0,0
100969,E100969,42,Female,Married,Sales,Sales Executive,14,1,Technical Degree,Travel_Rarely,Yes,7424.0,17.0,1.0,3.0,1.0,4.0,1.0,1.0,1.0,No,1,0,0,0.0,0,1.0,6,13,0,0,0,0
100970,E100970,34,Male,Single,Research & Development,Research Scientist,3,5,Human Resources,Travel_Rarely,No,8013.0,19.0,1.0,3.0,2.0,4.0,4.0,3.0,4.0,No,1,6,3,2.0,2,0.0,6,18,4,0,0,0
100971,E100971,50,Male,Married,Research & Development,Laboratory Technician,12,4,Medical,Travel_Rarely,No,16324.0,11.0,2.0,3.0,1.0,3.0,1.0,3.0,4.0,No,4,2,0,0.0,0,1.0,4,4,4,0,0,0
100972,E100972,19,Female,Divorced,Research & Development,Healthcare Representative,4,2,Technical Degree,Travel_Rarely,Yes,6904.0,15.0,2.0,3.0,1.0,1.0,1.0,4.0,1.0,No,1,0,0,0.0,0,0.0,0,10,0,0,0,0
100973,E100973,31,Male,Divorced,Research & Development,Manufacturing Director,12,1,Medical,Travel_Rarely,Yes,16229.0,13.0,2.0,3.0,1.0,1.0,1.0,3.0,4.0,Yes,5,0,0,0.0,0,0.0,8,4,3,0,0,0
100974,E100974,57,Female,Single,Sales,Sales Executive,13,3,Technical Degree,Travel_Rarely,No,10371.0,13.0,2.0,3.0,1.0,4.0,2.0,4.0,1.0,No,2,0,0,0.0,0,0.0,5,3,3,0,0,0
100975,E100975,57,Female,Married,Research & Development,Laboratory Technician,2,4,Technical Degree,Travel_Rarely,No,10695.0,21.0,3.0,3.0,1.0,3.0,2.0,3.0,4.0,No,2,4,3,2.0,1,0.0,8,7,1,0,0,0
100976,E100976,56,Male,Single,Human Resources,Manager,2,4,Human Resources,Travel_Rarely,No,13407.0,12.0,2.0,3.0,1.0,4.0,3.0,2.0,2.0,No,3,11,5,4.0,4,0.0,3,23,2,0,0,0
100977,E100977,23,Female,Single,Sales,Manager,15,1,Human Resources,Travel_Rarely,No,10187.0,16.0,2.0,4.0,3.0,2.0,4.0,2.0,3.0,No,2,7,3,0.0,6,1.0,1,13,1,0,0,0
100978,E100978,23,Male,Divorced,Research & Development,Manager,23,3,Human Resources,Travel_Frequently,No,16931.0,24.0,2.0,3.0,1.0,1.0,2.0,3.0,1.0,No,4,3,1,0.0,2,0.0,2,3,1,0,0,0
100979,E100979,20,Female,Single,Human Resources,Human Resources,29,2,Technical Degree,Non-Travel,No,22262.0,16.0,1.0,3.0,1.0,1.0,2.0,4.0,1.0,No,5,2,1,1.0,1,0.0,3,8,6,0,0,0
100980,E100980,24,Female,Single,Research & Development,Manager,17,1,Technical Degree,Travel_Rarely,No,16189.0,13.0,3.0,3.0,4.0,3.0,2.0,2.0,1.0,No,3,4,0,1.0,2,0.0,9,18,1,0,0,0
100981,E100981,25,Female,Single,Research & Development,Research Scientist,7,2,Medical,Travel_Rarely,No,18342.0,11.0,2.0,3.0,1.0,1.0,4.0,1.0,2.0,No,4,2,0,1.0,1,0.0,7,9,6,0,0,0
100982,E100982,59,Male,Divorced,Sales,Manager,28,4,Marketing,Travel_Rarely,Yes,14055.0,17.0,1.0,3.0,1.0,1.0,3.0,4.0,3.0,No,4,1,0,0.0,0,2.0,2,3,0,0,0,0
100983,E100983,32,Female,Divorced,Research & Development,Research Scientist,14,2,Human Resources,Travel_Rarely,No,19765.0,12.0,0.0,3.0,4.0,1.0,4.0,2.0,4.0,No,4,5,2,2.0,2,1.0,7,19,4,0,0,0
100984,E100984,46,Male,Married,Research & Development,Manufacturing Director,12,3,Other,Travel_Rarely,Yes,7950.0,18.0,3.0,3.0,4.0,3.0,1.0,1.0,4.0,Yes,1,10,9,4.0,1,0.0,5,12,4,0,0,0
100985,E100985,50,Male,Married,Research & Development,Research Scientist,17,5,Medical,Travel_Rarely,No,15313.0,13.0,2.0,3.0,4.0,4.0,3.0,2.0,3.0,No,4,2,1,0.0,1,2.0,3,5,2,0,0,0
100986,E100986,47,Male,Single,Research & Development,Healthcare Representative,14,3,Medical,Non-Travel,No,8192.0,11.0,1.0,4.0,2.0,1.0,1.0,2.0,4.0,No,1,9,4,1.0,2,0.0,6,23,3,0,0,0
100987,E100987,56,Male,Married,Sales,Manager,6,2,Life Sciences,Travel_Frequently,No,10452.0,20.0,0.0,4.0,1.0,4.0,2.0,1.0,1.0,Yes,2,2,1,1.0,0,1.0,4,14,1,0,0,0
100988,E100988,44,Male,Married,Sales,Manager,19,1,Human Resources,Travel_Rarely,No,6846.0,19.0,0.0,3.0,1.0,3.0,4.0,1.0,3.0,No,1,2,0,0.0,1,2.0,4,7,0,0,0,0
100989,E100989,53,Female,Single,Human Resources,Manager,24,4,Medical,Travel_Frequently,No,15650.0,15.0,1.0,3.0,1.0,4.0,1.0,3.0,2.0,No,4,0,0,0.0,0,3.0,8,13,0,0,0,0
100990,E100990,46,Female,Married,Research & Development,Manufacturing Director,6,5,Life Sciences,Travel_Frequently,No,16983.0,11.0,1.0,3.0,4.0,2.0,3.0,2.0,3.0,No,5,5,3,1.0,4,0.0,2,11,1,0,0,1
100991,E100991,55,Male,Divorced,Research & Development,Manufacturing Director,27,1,Other,Travel_Rarely,No,17365.0,20.0,3.0,3.0,3.0,1.0,1.0,1.0,1.0,No,5,8,2,0.0,4,1.0,9,8,0,0,0,0
100992,E100992,50,Female,Single,Sales,Manager,18,1,Other,Travel_Rarely,No,10979.0,21.0,1.0,3.0,1.0,3.0,1.0,3.0,3.0,No,2,5,4,0.0,4,0.0,3,19,0,0,0,0
100993,E100993,54,Male,Single,Research & Development,Healthcare Representative,24,3,Human Resources,Travel_Rarely,No,15645.0,16.0,2.0,3.0,4.0,3.0,2.0,1.0,2.0,Yes,4,0,0,0.0,0,0.0,4,12,6,0,0,0
100994,E100994,44,Female,Single,Human Resources,Human Resources,5,2,Technical Degree,Travel_Frequently,Yes,6540.0,20.0,0.0,3.0,4.0,4.0,1.0,3.0,2.0,No,1,0,0,0.0,0,1.0,0,3,1,0,0,0
100995,E100995,50,Female,Single,Research & Development,Research Scientist,24,3,Life Sciences,Travel_Rarely,No,17904.0,13.0,2.0,3.0,4.0,1.0,1.0,3.0,3.0,No,5,4,3,1.0,1,0.0,6,15,2,0,0,0
100996,E100996,21,Male,Divorced,Sales,Manager,24,2,Technical Degree,Travel_Frequently,No,14695.0,21.0,2.0,3.0,2.0,3.0,2.0,1.0,3.0,No,3,2,1,0.0,0,0.0,7,8,0,0,0,0
100997,E100997,39,Female,Married,Research & Development,Laboratory Technician,6,3,Other,Travel_Rarely,No,18725.0,25.0,2.0,3.0,4.0,2.0,3.0,1.0,4.0,Yes,4,2,0,1.0,0,1.0,5,12,4,0,0,0
100998,E100998,19,Male,Married,Research & Development,Research Scientist,2,1,Other,Travel_Frequently,No,19601.0,14.0,0.0,4.0,3.0,4.0,2.0,2.0,4.0,No,4,17,6,1.0,12,0.0,8,18,5,0,0,0
100999,E100999,27,Male,Married,Research & Development,Research Scientist,8,4,Marketing,Travel_Rarely,Yes,13741.0,18.0,0.0,3.0,2.0,2.0,1.0,2.0,1.0,No,3,6,2,1.0,1,1.0,2,6,4,0,0,0
101000,E101000,22,Female,Single,Research & Development,Manager,15,2,Unknown,Travel_Frequently,No,16530.0,25.0,0.0,3.0,4.0,2.0,4.0,3.0,4.0,No,5,2,0,1.0,1,1.0,1,2,6,0,0,0
101001,E101001,27,Male,Married,Research & Development,Healthcare Representative,15,5,Marketing,Travel_Rarely,No,12935.0,15.0,1.0,3.0,3.0,4.0,2.0,1.0,1.0,No,3,0,0,0.0,0,1.0,4,9,6,0,0,0
101002,E101002,50,Male,Married,Research & Development,Manager,11,5,Marketing,Travel_Rarely,No,9303.0,22.0,2.0,3.0,3.0,2.0,2.0,2.0,1.0,No,2,0,0,0.0,0,2.0,8,13,5,0,0,0
101003,E101003,55,Male,Married,Research & Development,Healthcare Representative,22,1,Medical,Travel_Rarely,No,9009.0,16.0,3.0,3.0,1.0,4.0,1.0,3.0,3.0,No,1,5,2,1.0,3,0.0,0,18,5,0,0,0
101004,E101004,30,Female,Divorced,Sales,Sales Executive,22,3,Marketing,Travel_Rarely,No,7010.0,20.0,1.0,3.0,4.0,4.0,4.0,2.0,4.0,No,1,9,6,2.0,8,0.0,0,14,4,0,0,0
101005,E101005,48,Male,Married,Research & Development,Research Scientist,24,3,Medical,Travel_Rarely,No,21065.0,14.0,1.0,3.0,4.0,3.0,3.0,3.0,2.0,No,5,6,4,0.0,2,1.0,9,17,1,0,0,0
101006,E101006,53,Male,Married,Sales,Sales Executive,1,1,Medical,Travel_Rarely,No,13894.0,16.0,3.0,3.0,1.0,3.0,4.0,2.0,2.0,Yes,3,2,1,0.0,1,1.0,2,6,5,0,0,0
101007,E101007,41,Female,Divorced,Human Resources,Human Resources,18,5,Human Resources,Travel_Rarely,No,17230.0,13.0,2.0,3.0,3.0,2.0,2.0,1.0,3.0,No,4,0,0,0.0,0,1.0,9,0,4,0,0,0
101008,E101008,32,Female,Single,Research & Development,Laboratory Technician,12,5,Medical,Travel_Rarely,No,19832.0,20.0,3.0,3.0,4.0,2.0,4.0,4.0,2.0,No,4,17,8,5.0,11,0.0,2,26,3,0,0,0
101009,E101009,46,Male,Single,Research & Development,Manager,12,3,Medical,Travel_Rarely,No,19005.0,22.0,0.0,3.0,1.0,2.0,3.0,4.0,2.0,No,4,21,17,0.0,14,0.0,4,23,0,0,0,0
101010,E101010,25,Male,Single,Research & Development,Manager,25,2,Marketing,Travel_Rarely,No,10828.0,11.0,2.0,3.0,1.0,2.0,4.0,3.0,3.0,No,2,3,2,1.0,0,0.0,3,17,6,0,0,0
101011,E101011,22,Male,Married,Sales,Sales Executive,11,4,Medical,Travel_Rarely,Yes,10419.0,16.0,1.0,4.0,3.0,2.0,4.0,4.0,2.0,Yes,2,0,0,0.0,0,0.0,5,10,2,0,0,0
101012,E101012,46,Male,Married,Research & Development,Manufacturing Director,28,2,Technical Degree,Non-Travel,No,14385.0,24.0,0.0,3.0,3.0,3.0,4.0,4.0,3.0,No,4,3,2,0.0,1,1.0,7,9,5,0,0,0
101013,E101013,21,Unknown,Married,Research & Development,Laboratory Technician,8,5,Marketing,Travel_Rarely,No,23574.0,23.0,0.0,3.0,4.0,2.0,2.0,3.0,1.0,Yes,5,11,4,5.0,5,1.0,7,22,4,0,0,0
101014,E101014,29,Female,Divorced,Sales,Sales Representative,28,2,Unknown,Travel_Rarely,No,10597.0,11.0,1.0,3.0,4.0,2.0,1.0,4.0,4.0,Yes,2,5,3,0.0,4,0.0,3,13,1,0,0,0
101015,E101015,19,Female,Married,Research & Development,Manager,7,4,Marketing,Travel_Frequently,Yes,9534.0,20.0,3.0,3.0,2.0,1.0,1.0,2.0,2.0,No,2,6,1,3.0,3,0.0,0,18,6,0,0,0
101016,E101016,44,Female,Married,Sales,Manager,23,2,Medical,Travel_Rarely,Yes,13611.0,22.0,0.0,3.0,3.0,4.0,4.0,2.0,3.0,No,1,0,0,0.0,0,0.0,6,8,5,1,0,0
101017,E101017,48,Male,Single,Research & Development,Manager,21,2,Technical Degree,Travel_Frequently,Yes,7356.0,13.0,0.0,3.0,2.0,4.0,2.0,2.0,2.0,Yes,1,0,0,0.0,0,1.0,5,14,2,0,0,0
101018,E101018,53,Female,Single,Research & Development,Laboratory Technician,2,2,Marketing,Travel_Rarely,No,21212.0,22.0,2.0,3.0,2.0,3.0,2.0,1.0,4.0,No,5,0,0,0.0,0,0.0,4,5,6,0,0,0
101019,E101019,53,Male,Married,Sales,Manager,11,2,Technical Degree,Travel_Rarely,No,11579.0,18.0,2.0,3.0,1.0,4.0,2.0,2.0,2.0,No,2,11,10,1.0,10,2.0,3,13,1,0,0,0
101020,E101020,43,Female,Married,Human Resources,Manager,22,1,Life Sciences,Travel_Rarely,Yes,10137.0,17.0,1.0,3.0,1.0,2.0,1.0,4.0,1.0,Yes,2,3,2,1.0,1,1.0,5,3,2,0,0,0
101021,E101021,60,Female,Divorced,Sales,Sales Executive,10,5,Other,Travel_Frequently,No,11445.0,18.0,1.0,3.0,4.0,4.0,2.0,4.0,3.0,No,3,7,3,4.0,1,0.0,7,9,2,0,0,0
101022,E101022,44,Male,Single,Sales,Sales Executive,3,4,Life Sciences,Travel_Rarely,No,18094.0,20.0,1.0,4.0,3.0,3.0,4.0,2.0,4.0,No,5,0,0,0.0,0,2.0,5,9,0,0,0,0
101023,E101023,22,Female,Single,Sales,Sales Representative,20,5,Other,Travel_Rarely,No,22453.0,20.0,3.0,3.0,3.0,4.0,1.0,1.0,1.0,Yes,5,13,11,4.0,8,0.0,2,14,5,0,0,0
101024,E101024,37,Male,Married,Research & Development,Research Scientist,29,1,Human Resources,Travel_Rarely,No,15966.0,12.0,0.0,3.0,2.0,4.0,2.0,2.0,2.0,No,3,8,2,4.0,2,0.0,8,18,5,0,0,0
101025,E101025,28,Female,Single,Research & Development,Manager,10,1,Other,Travel_Frequently,Yes,12540.0,20.0,1.0,3.0,2.0,1.0,4.0,1.0,2.0,No,3,1,0,0.0,0,0.0,2,5,5,0,0,0
101026,E101026,27,Male,Single,Research & Development,Healthcare Representative,28,1,Human Resources,Travel_Rarely,Yes,7600.0,17.0,2.0,3.0,4.0,1.0,1.0,1.0,2.0,No,1,10,3,0.0,5,1.0,3,17,2,0,0,0
101027,E101027,57,Male,Married,Sales,Manager,27,1,Marketing,Travel_Frequently,No,17238.0,24.0,0.0,3.0,1.0,2.0,2.0,2.0,4.0,No,5,1,0,0.0,0,0.0,4,5,3,0,0,0
101028,E101028,55,Female,Single,Sales,Sales Executive,18,2,Human Resources,Travel_Rarely,No,21236.0,14.0,1.0,3.0,3.0,4.0,3.0,1.0,3.0,No,5,1,0,0.0,0,1.0,1,1,3,0,0,0
101029,E101029,23,Male,Married,Research & Development,Healthcare Representative,14,5,Technical Degree,Non-Travel,No,11387.0,11.0,0.0,3.0,3.0,2.0,4.0,4.0,4.0,No,3,1,0,0.0,0,0.0,9,3,6,0,0,0
101030,E101030,25,Female,Single,Research & Development,Laboratory Technician,18,3,Human Resources,Travel_Rarely,No,16385.0,21.0,0.0,3.0,3.0,4.0,3.0,2.0,1.0,No,4,12,11,4.0,3,1.0,9,23,3,0,0,0
101031,E101031,40,Male,Single,Research & Development,Healthcare Representative,28,4,Technical Degree,Travel_Rarely,No,18050.0,13.0,0.0,3.0,3.0,2.0,1.0,4.0,3.0,Yes,4,12,11,6.0,6,1.0,1,16,6,0,0,0
101032,E101032,43,Female,Married,Sales,Sales Representative,24,1,Other,Travel_Rarely,Yes,6035.0,15.0,1.0,3.0,1.0,2.0,2.0,1.0,4.0,No,1,1,0,0.0,0,0.0,5,7,1,0,0,0
101033,E101033,60,Female,Divorced,Research & Development,Manager,8,5,Other,Travel_Rarely,No,18671.0,24.0,0.0,3.0,4.0,4.0,4.0,3.0,2.0,No,4,6,5,1.0,0,0.0,1,10,0,0,0,0
101034,E101034,29,Male,Married,Human Resources,Manager,10,1,Other,Travel_Rarely,No,14898.0,20.0,0.0,3.0,4.0,1.0,4.0,2.0,1.0,No,4,5,4,0.0,1,0.0,9,18,1,0,0,0
101035,E101035,43,Male,Married,Research & Development,Healthcare Representative,22,1,Human Resources,Travel_Rarely,No,14768.0,18.0,0.0,3.0,1.0,3.0,4.0,3.0,2.0,Yes,4,8,7,4.0,2,3.0,0,17,5,0,0,0
101036,E101036,30,Male,Single,Research & Development,Manufacturing Director,13,1,Other,Travel_Rarely,No,9513.0,12.0,2.0,3.0,4.0,2.0,3.0,3.0,4.0,No,2,1,0,0.0,0,2.0,7,5,5,0,0,0
101037,E101037,57,Male,Married,Sales,Sales Executive,21,1,Human Resources,Travel_Rarely,No,6755.0,12.0,1.0,3.0,4.0,3.0,2.0,3.0,1.0,No,1,3,2,0.0,2,1.0,9,9,4,0,0,0
101038,E101038,35,Male,Single,Human Resources,Human Resources,8,1,Human Resources,Travel_Frequently,No,12711.0,18.0,3.0,3.0,2.0,4.0,2.0,3.0,3.0,No,3,5,1,0.0,2,0.0,9,17,5,0,0,0
101039,E101039,42,Female,Married,Research & Development,Manufacturing Director,4,4,Medical,Travel_Rarely,Yes,16952.0,24.0,2.0,3.0,1.0,2.0,2.0,4.0,3.0,No,4,0,0,0.0,0,1.0,0,14,3,0,0,0
101040,E101040,50,Female,Married,Human Resources,Manager,27,5,Medical,Travel_Rarely,No,9715.0,19.0,0.0,3.0,4.0,4.0,3.0,2.0,4.0,No,2,2,0,0.0,1,0.0,9,9,0,0,0,0
101041,E101041,57,Female,Divorced,Research & Development,Research Scientist,4,1,Human Resources,Travel_Rarely,No,19504.0,20.0,0.0,3.0,2.0,2.0,1.0,4.0,4.0,No,4,5,2,0.0,4,0.0,5,18,3,0,0,0
101042,E101042,60,Female,Married,Research & Development,Manager,5,1,Technical Degree,Travel_Rarely,Yes,13611.0,,,,,,,,,,2,1,0,0.0,0,2.0,0,8,0,1,0,0
101043,E101043,29,Female,Single,Human Resources,Manager,1,1,Marketing,Travel_Rarely,No,9394.0,23.0,3.0,3.0,1.0,2.0,1.0,2.0,3.0,Yes,1,15,8,3.0,2,0.0,7,21,1,0,0,0
101044,E101044,53,Female,Single,Sales,Sales Executive,17,1,Life Sciences,Travel_Rarely,No,17364.0,11.0,2.0,3.0,3.0,2.0,3.0,2.0,4.0,No,4,0,0,0.0,0,0.0,4,12,5,0,0,0
101045,E101045,21,Male,Divorced,Research & Development,Healthcare Representative,2,2,Medical,Travel_Rarely,No,10979.0,24.0,0.0,4.0,2.0,2.0,2.0,4.0,3.0,Yes,2,15,14,6.0,12,1.0,2,28,1,0,0,0
101046,E101046,22,Female,Married,Research & Development,Healthcare Representative,8,2,Human Resources,Travel_Rarely,No,16295.0,12.0,3.0,3.0,2.0,4.0,2.0,1.0,1.0,No,5,1,0,0.0,0,0.0,4,3,3,0,0,0
101047,E101047,54,Female,Married,Research & Development,Laboratory Technician,7,3,Life Sciences,Travel_Rarely,No,19925.0,25.0,2.0,3.0,2.0,1.0,2.0,3.0,4.0,No,5,0,0,0.0,0,0.0,0,10,2,0,0,0
101048,E101048,25,Male,Single,Human Resources,Human Resources,15,1,Medical,Travel_Frequently,Yes,8413.0,14.0,3.0,3.0,1.0,4.0,3.0,1.0,1.0,Yes,2,1,0,0.0,0,1.0,0,2,0,0,0,0
101049,E101049,59,Male,Married,Sales,Sales Representative,26,3,Marketing,Travel_Rarely,No,15177.0,22.0,0.0,3.0,3.0,3.0,4.0,4.0,2.0,No,4,7,3,0.0,6,1.0,3,7,5,0,0,0
101050,E101050,45,Male,Single,Research & Development,Healthcare Representative,25,4,Technical Degree,Travel_Rarely,No,15349.0,13.0,0.0,3.0,1.0,1.0,3.0,4.0,1.0,No,4,6,3,0.0,3,0.0,8,11,4,0,0,0
101051,E101051,48,Male,Divorced,Research & Development,Manager,5,3,Human Resources,Travel_Rarely,Yes,7587.0,11.0,0.0,3.0,4.0,2.0,1.0,4.0,4.0,No,1,1,0,0.0,0,5.0,8,13,6,0,0,0
101052,E101052,26,Female,Married,Sales,Manager,2,5,Marketing,Travel_Rarely,No,6888.0,14.0,0.0,3.0,4.0,2.0,3.0,3.0,2.0,No,1,1,0,0.0,0,1.0,0,9,2,0,0,0
101053,E101053,46,Male,Divorced,Research & Development,Healthcare Representative,7,2,Unknown,Travel_Rarely,No,11301.0,21.0,1.0,3.0,4.0,2.0,1.0,2.0,3.0,No,3,5,2,0.0,2,0.0,2,7,1,0,0,0
101054,E101054,31,Male,Single,Sales,Sales Executive,8,2,Human Resources,Travel_Frequently,No,6592.0,23.0,1.0,3.0,3.0,3.0,3.0,1.0,1.0,No,1,3,0,1.0,0,0.0,3,7,0,0,0,0
101055,E101055,57,Female,Married,Research & Development,Laboratory Technician,28,1,Life Sciences,Travel_Frequently,Yes,18593.0,21.0,1.0,3.0,1.0,3.0,4.0,1.0,1.0,No,4,7,6,0.0,2,1.0,1,15,2,0,0,0
101056,E101056,58,Male,Married,Human Resources,Manager,7,1,Other,Travel_Rarely,No,11943.0,12.0,2.0,4.0,2.0,2.0,4.0,3.0,4.0,No,3,0,0,0.0,0,1.0,6,13,6,0,0,0
101057,E101057,39,Male,Single,Research & Development,Manager,7,4,Technical Degree,Travel_Rarely,Yes,8644.0,20.0,2.0,3.0,4.0,2.0,2.0,4.0,3.0,Yes,1,4,3,1.0,1,0.0,2,17,4,0,0,0
101058,E101058,28,Unknown,Divorced,Research & Development,Healthcare Representative,28,4,Medical,Travel_Rarely,No,10828.0,15.0,3.0,4.0,4.0,3.0,4.0,1.0,4.0,Yes,2,6,4,0.0,3,0.0,0,14,2,0,0,0
101059,E101059,40,Female,Divorced,Human Resources,Human Resources,14,5,Technical Degree,Travel_Rarely,No,25223.0,11.0,3.0,3.0,1.0,4.0,3.0,2.0,3.0,Yes,5,25,7,7.0,21,0.0,0,31,4,0,0,0
101060,E101060,18,Female,Divorced,Research & Development,Healthcare Representative,21,1,Human Resources,Travel_Frequently,No,7030.0,24.0,2.0,3.0,2.0,1.0,4.0,1.0,4.0,No,1,5,4,1.0,2,0.0,2,18,1,0,0,0
101061,E101061,54,Male,Married,Research & Development,Manufacturing Director,18,1,Other,Non-Travel,No,7095.0,18.0,3.0,4.0,3.0,1.0,2.0,4.0,3.0,No,1,1,0,0.0,0,0.0,5,4,0,0,0,0
101062,E101062,38,Female,Single,Research & Development,Healthcare Representative,6,4,Marketing,Non-Travel,No,10537.0,20.0,2.0,4.0,4.0,3.0,3.0,1.0,2.0,No,2,0,0,0.0,0,1.0,3,10,1,0,0,0
101063,E101063,43,Male,Single,Research & Development,Manager,4,4,Technical Degree,Travel_Rarely,No,13611.0,12.0,1.0,3.0,4.0,3.0,1.0,4.0,4.0,No,4,5,1,1.0,1,0.0,0,6,0,1,0,0
101064,E101064,53,Female,Divorced,Sales,Sales Representative,10,4,Life Sciences,Travel_Rarely,No,9422.0,21.0,2.0,4.0,4.0,4.0,3.0,2.0,2.0,No,2,3,2,0.0,0,0.0,6,4,2,0,0,0
101065,E101065,40,Female,Single,Human Resources,Human Resources,18,2,Medical,Travel_Rarely,No,6325.0,13.0,2.0,3.0,2.0,2.0,2.0,3.0,4.0,No,1,11,8,0.0,7,1.0,1,14,1,0,0,0
101066,E101066,18,Female,Married,Sales,Manager,12,3,Life Sciences,Travel_Rarely,No,18132.0,13.0,3.0,3.0,4.0,3.0,4.0,4.0,4.0,No,4,6,5,2.0,5,1.0,4,6,0,0,0,0
101067,E101067,57,Male,Married,Research & Development,Manager,16,3,Technical Degree,Travel_Frequently,No,14625.0,14.0,3.0,3.0,2.0,4.0,4.0,4.0,4.0,No,3,3,0,0.0,2,0.0,7,16,5,0,0,0
101068,E101068,32,Female,Married,Research & Development,Manufacturing Director,25,1,Other,Travel_Rarely,No,5528.0,17.0,2.0,3.0,4.0,3.0,3.0,1.0,1.0,Yes,1,2,0,0.0,0,2.0,6,5,4,0,0,0
101069,E101069,38,Female,Divorced,Research & Development,Research Scientist,7,2,Marketing,Travel_Rarely,No,8956.0,23.0,0.0,3.0,4.0,2.0,1.0,3.0,4.0,No,2,2,1,0.0,0,0.0,7,13,0,0,0,0
101070,E101070,26,Male,Single,Research & Development,Research Scientist,6,4,Marketing,Travel_Rarely,Yes,11922.0,19.0,3.0,3.0,2.0,3.0,1.0,4.0,3.0,No,3,1,0,0.0,0,0.0,9,14,5,0,0,0
101071,E101071,26,Female,Married,Research & Development,Laboratory Technician,28,1,Life Sciences,Travel_Rarely,No,20346.0,13.0,2.0,4.0,2.0,2.0,1.0,1.0,1.0,No,5,0,0,0.0,0,0.0,5,10,1,0,0,1
101072,E101072,27,Male,Single,Research & Development,Laboratory Technician,5,2,Human Resources,Travel_Rarely,No,13630.0,11.0,3.0,3.0,3.0,4.0,1.0,2.0,3.0,No,3,4,2,0.0,1,1.0,6,9,1,0,0,0
101073,E101073,43,Female,Married,Sales,Sales Representative,3,5,Human Resources,Travel_Rarely,No,9619.0,25.0,0.0,4.0,1.0,1.0,3.0,3.0,3.0,No,2,1,0,0.0,0,0.0,8,6,2,0,0,0
101074,E101074,58,Male,Single,Sales,Sales Executive,12,2,Other,Travel_Frequently,No,12189.0,21.0,3.0,3.0,4.0,4.0,4.0,1.0,3.0,No,3,1,0,0.0,0,0.0,5,7,4,0,0,0
101075,E101075,52,Female,Married,Sales,Sales Executive,15,1,Marketing,Non-Travel,Yes,9469.0,20.0,2.0,3.0,4.0,1.0,1.0,3.0,3.0,No,2,0,0,0.0,0,3.0,8,4,0,0,0,0
101076,E101076,42,Male,Divorced,Research & Development,Healthcare Representative,10,3,Life Sciences,Travel_Frequently,Yes,6813.0,25.0,2.0,3.0,1.0,4.0,3.0,4.0,3.0,Yes,1,1,0,0.0,0,1.0,1,9,1,0,0,0
101077,E101077,43,Male,Divorced,Sales,Sales Representative,26,4,Life Sciences,Travel_Frequently,Yes,13196.0,11.0,0.0,3.0,1.0,1.0,3.0,1.0,2.0,No,4,0,0,0.0,0,0.0,1,1,0,0,0,0
101078,E101078,28,Male,Single,Research & Development,Healthcare Representative,20,5,Life Sciences,Travel_Rarely,No,17965.0,22.0,2.0,3.0,1.0,4.0,3.0,2.0,1.0,No,5,5,4,2.0,3,0.0,1,6,3,0,0,0
101079,E101079,55,Male,Married,Research & Development,Research Scientist,19,2,Technical Degree,Travel_Rarely,No,13768.0,21.0,0.0,3.0,4.0,2.0,1.0,2.0,3.0,No,4,2,0,0.0,1,1.0,5,5,4,0,0,0
101080,E101080,19,Male,Divorced,Sales,Sales Executive,16,1,Unknown,Travel_Rarely,Yes,19556.0,16.0,2.0,3.0,4.0,1.0,1.0,1.0,2.0,Yes,4,4,1,1.0,0,1.0,1,18,4,0,0,0
101081,E101081,24,Male,Single,Research & Development,Manufacturing Director,28,1,Human Resources,Travel_Rarely,No,17358.0,15.0,2.0,3.0,4.0,1.0,3.0,1.0,2.0,No,4,5,4,1.0,2,0.0,2,8,5,0,0,0
101082,E101082,35,Male,Single,Research & Development,Manager,11,4,Human Resources,Travel_Rarely,No,12981.0,20.0,3.0,3.0,2.0,2.0,3.0,3.0,3.0,No,2,17,8,3.0,16,0.0,7,20,3,0,0,0
101083,E101083,44,Male,Single,Sales,Sales Executive,8,1,Technical Degree,Travel_Rarely,No,8371.0,17.0,3.0,3.0,3.0,2.0,3.0,1.0,4.0,Yes,2,0,0,0.0,0,0.0,7,0,4,0,0,0
101084,E101084,51,Male,Married,Research & Development,Manager,3,1,Medical,Travel_Rarely,No,21268.0,17.0,0.0,3.0,3.0,1.0,4.0,3.0,3.0,No,5,2,1,0.0,1,0.0,3,5,3,0,0,0
101085,E101085,44,Female,Single,Research & Development,Manager,23,4,Technical Degree,Travel_Frequently,Yes,10659.0,13.0,3.0,3.0,1.0,1.0,4.0,4.0,2.0,No,2,1,0,0.0,0,0.0,8,12,0,0,0,0
101086,E101086,34,Male,Divorced,Research & Development,Manager,7,5,Other,Travel_Rarely,No,9603.0,17.0,1.0,3.0,1.0,1.0,2.0,1.0,3.0,No,2,3,2,0.0,0,0.0,7,7,6,0,0,0
101087,E101087,60,Female,Married,Research & Development,Research Scientist,23,3,Life Sciences,Travel_Frequently,No,10359.0,19.0,0.0,3.0,4.0,3.0,2.0,4.0,2.0,Yes,2,12,8,1.0,2,0.0,0,20,3,0,0,1
101088,E101088,41,Unknown,Married,Research & Development,Healthcare Representative,29,3,Unknown,Travel_Rarely,No,10565.0,18.0,1.0,4.0,3.0,4.0,1.0,2.0,3.0,No,2,6,4,1.0,2,0.0,7,8,2,0,0,0
101089,E101089,42,Female,Single,Research & Development,Manufacturing Director,7,2,Life Sciences,Travel_Rarely,No,8947.0,13.0,0.0,3.0,3.0,2.0,4.0,3.0,2.0,Yes,1,5,1,0.0,3,0.0,0,19,5,0,0,0
101090,E101090,24,Male,Married,Sales,Sales Executive,14,5,Other,Travel_Rarely,No,17472.0,20.0,1.0,3.0,2.0,2.0,2.0,3.0,3.0,No,5,2,1,1.0,0,0.0,3,4,3,0,0,0
101091,E101091,23,Female,Married,Research & Development,Manufacturing Director,2,2,Other,Travel_Rarely,No,9982.0,15.0,3.0,3.0,4.0,4.0,3.0,2.0,4.0,No,2,5,2,0.0,2,0.0,9,18,0,0,0,0
101092,E101092,41,Male,Married,Research & Development,Research Scientist,10,3,Marketing,Non-Travel,No,20097.0,23.0,3.0,4.0,4.0,2.0,3.0,4.0,4.0,Yes,5,0,0,0.0,0,0.0,5,4,4,0,0,0
101093,E101093,50,Male,Married,Sales,Sales Executive,19,4,Life Sciences,Non-Travel,No,15614.0,23.0,2.0,3.0,3.0,2.0,1.0,3.0,2.0,No,3,4,3,1.0,3,1.0,6,13,2,0,0,0
101094,E101094,46,Male,Married,Research & Development,Laboratory Technician,26,1,Human Resources,Travel_Rarely,No,7288.0,24.0,1.0,3.0,3.0,1.0,1.0,2.0,4.0,No,1,4,2,2.0,0,0.0,9,9,3,0,0,0
101095,E101095,60,Female,Divorced,Human Resources,Human Resources,9,3,Technical Degree,Travel_Frequently,No,8773.0,18.0,2.0,3.0,2.0,2.0,2.0,2.0,4.0,No,2,2,1,0.0,0,3.0,3,4,5,0,0,0
101096,E101096,39,Male,Divorced,Research & Development,Laboratory Technician,16,5,Other,Travel_Rarely,No,5680.0,12.0,0.0,3.0,2.0,3.0,3.0,2.0,1.0,No,1,1,0,0.0,0,0.0,7,1,5,0,0,0
101097,E101097,43,Male,Married,Research & Development,Manufacturing Director,19,3,Life Sciences,Travel_Rarely,No,7471.0,24.0,1.0,3.0,4.0,3.0,1.0,1.0,3.0,No,1,8,3,1.0,1,0.0,7,17,0,0,0,0
101098,E101098,45,Female,Single,Human Resources,Manager,18,5,Medical,Travel_Rarely,No,14306.0,24.0,2.0,3.0,2.0,1.0,1.0,4.0,3.0,Yes,3,0,0,0.0,0,2.0,8,7,2,0,0,0
101099,E101099,38,Female,Single,Research & Development,Healthcare Representative,9,5,Marketing,Travel_Rarely,Yes,21433.0,17.0,0.0,3.0,3.0,1.0,4.0,2.0,4.0,Yes,5,0,0,0.0,0,1.0,5,11,2,0,0,0
101100,E101100,24,Male,Single,Research & Development,Laboratory Technician,16,5,Medical,Travel_Rarely,No,6098.0,21.0,1.0,3.0,4.0,2.0,2.0,4.0,4.0,No,1,2,0,0.0,1,0.0,3,2,2,0,0,0
101101,E101101,34,Male,Married,Research & Development,Research Scientist,13,2,Other,Travel_Frequently,No,14490.0,20.0,2.0,3.0,3.0,1.0,1.0,3.0,2.0,Yes,4,1,0,0.0,0,3.0,1,2,3,0,0,0
101102,E101102,37,Female,Married,Research & Development,Manager,10,4,Medical,Travel_Rarely,No,14776.0,20.0,1.0,3.0,4.0,1.0,2.0,1.0,3.0,Yes,3,6,5,2.0,4,0.0,6,8,0,0,0,0
101103,E101103,58,Male,Married,Research & Development,Manufacturing Director,25,3,Medical,Travel_Rarely,No,17258.0,17.0,1.0,3.0,4.0,4.0,3.0,2.0,1.0,No,4,5,4,1.0,4,0.0,9,10,0,0,0,0
101104,E101104,37,Male,Divorced,Research & Development,Research Scientist,20,4,Marketing,Travel_Rarely,Yes,15177.0,21.0,2.0,3.0,3.0,1.0,2.0,2.0,1.0,Yes,3,7,6,0.0,6,1.0,2,10,0,0,0,0
101105,E101105,39,Male,Divorced,Research & Development,Healthcare Representative,14,1,Marketing,Travel_Rarely,No,16159.0,22.0,3.0,4.0,4.0,3.0,1.0,2.0,4.0,Yes,4,1,0,0.0,0,0.0,2,4,6,0,0,0
101106,E101106,45,Female,Divorced,Human Resources,Manager,12,3,Marketing,Travel_Rarely,No,19405.0,24.0,3.0,3.0,4.0,2.0,4.0,3.0,2.0,No,4,6,1,1.0,3,0.0,2,20,1,0,0,0
101107,E101107,57,Female,Single,Research & Development,Manager,25,4,Marketing,Travel_Rarely,No,8467.0,23.0,2.0,3.0,2.0,1.0,2.0,1.0,2.0,Yes,1,9,2,0.0,5,0.0,3,17,4,0,0,0
101108,E101108,24,Female,Married,Sales,Manager,19,4,Medical,Travel_Rarely,No,6220.0,18.0,0.0,4.0,3.0,4.0,2.0,4.0,3.0,No,1,2,1,1.0,0,0.0,1,7,0,0,0,0
101109,E101109,18,Female,Single,Research & Development,Healthcare Representative,7,1,Human Resources,Travel_Rarely,Yes,15561.0,11.0,2.0,3.0,3.0,2.0,3.0,4.0,4.0,Yes,3,2,1,1.0,1,1.0,4,13,1,0,0,0
101110,E101110,49,Male,Single,Research & Development,Manager,23,5,Human Resources,Non-Travel,No,17080.0,18.0,2.0,3.0,2.0,2.0,4.0,4.0,4.0,No,5,11,5,5.0,8,0.0,2,12,1,0,0,0
101111,E101111,30,Male,Single,Sales,Sales Executive,15,3,Marketing,Travel_Rarely,Yes,6937.0,24.0,1.0,3.0,4.0,2.0,2.0,4.0,2.0,No,1,0,0,0.0,0,1.0,9,6,2,0,0,0
101112,E101112,47,Male,Married,Research & Development,Healthcare Representative,16,3,Technical Degree,Travel_Rarely,No,8684.0,11.0,3.0,3.0,1.0,4.0,4.0,4.0,1.0,No,1,2,1,0.0,0,1.0,4,16,4,0,0,0
101113,E101113,40,Male,Married,Research & Development,Manufacturing Director,27,1,Life Sciences,Travel_Frequently,No,9840.0,13.0,3.0,3.0,1.0,3.0,1.0,4.0,1.0,Yes,2,0,0,0.0,0,1.0,6,12,2,0,0,0
101114,E101114,36,Male,Divorced,Research & Development,Manager,8,5,Other,Non-Travel,No,6203.0,19.0,3.0,3.0,3.0,4.0,4.0,4.0,3.0,No,1,0,0,0.0,0,0.0,8,2,4,0,0,0
101115,E101115,49,Female,Single,Sales,Sales Executive,10,3,Technical Degree,Travel_Rarely,No,19823.0,14.0,3.0,3.0,2.0,4.0,1.0,1.0,4.0,No,5,0,0,0.0,0,2.0,1,8,6,0,0,0
101116,E101116,47,Female,Married,Research & Development,Laboratory Technician,4,3,Other,Travel_Rarely,No,10504.0,20.0,2.0,3.0,4.0,2.0,3.0,1.0,4.0,Yes,2,2,0,0.0,0,0.0,8,7,2,0,0,1
101117,E101117,46,Female,Married,Research & Development,Manufacturing Director,19,3,Technical Degree,Travel_Rarely,Yes,18578.0,23.0,1.0,4.0,2.0,4.0,3.0,3.0,1.0,Yes,4,5,3,0.0,1,1.0,9,12,5,0,0,0
101118,E101118,46,Male,Single,Sales,Manager,19,5,Technical Degree,Travel_Rarely,No,17381.0,19.0,3.0,3.0,4.0,2.0,3.0,2.0,4.0,No,4,1,0,0.0,0,0.0,5,13,3,0,0,0
101119,E101119,47,Female,Married,Human Resources,Manager,28,1,Human Resources,Travel_Rarely,No,12502.0,11.0,3.0,3.0,3.0,1.0,1.0,1.0,4.0,No,2,9,5,0.0,2,0.0,5,21,4,0,0,0
101120,E101120,33,Female,Single,Research & Development,Manager,21,3,Life Sciences,Travel_Rarely,No,8625.0,18.0,1.0,3.0,3.0,1.0,2.0,2.0,2.0,No,2,2,0,0.0,0,0.0,2,2,5,0,0,0
101121,E101121,57,Male,Married,Sales,Sales Executive,27,4,Unknown,Travel_Rarely,No,10159.0,13.0,2.0,4.0,1.0,4.0,1.0,3.0,3.0,No,2,17,7,5.0,8,0.0,9,18,1,0,0,0
101122,E101122,36,Female,Married,Research & Development,Manufacturing Director,15,5,Marketing,Travel_Rarely,No,14198.0,21.0,2.0,3.0,2.0,3.0,4.0,1.0,3.0,Yes,3,15,13,4.0,13,0.0,8,20,1,0,0,0
101123,E101123,35,Male,Single,Research & Development,Laboratory Technician,14,2,Other,Travel_Frequently,No,20624.0,17.0,2.0,3.0,3.0,2.0,4.0,3.0,3.0,No,5,7,3,0.0,3,0.0,3,9,4,0,0,0
101124,E101124,18,Male,Single,Research & Development,Healthcare Representative,1,1,Human Resources,Travel_Frequently,No,18177.0,12.0,3.0,3.0,2.0,4.0,1.0,1.0,2.0,No,5,13,10,3.0,6,0.0,4,13,2,0,0,0
101125,E101125,31,Male,Married,Sales,Sales Executive,16,4,Other,Travel_Rarely,No,17519.0,23.0,3.0,3.0,3.0,4.0,3.0,1.0,3.0,No,4,6,5,1.0,3,0.0,2,11,6,0,0,0
101126,E101126,19,Male,Divorced,Sales,Sales Executive,10,3,Marketing,Travel_Frequently,No,16556.0,17.0,3.0,3.0,4.0,3.0,3.0,4.0,3.0,Yes,4,11,10,1.0,3,1.0,4,15,3,0,0,0
101127,E101127,45,Male,Married,Sales,Sales Representative,19,2,Marketing,Travel_Frequently,Yes,18355.0,17.0,2.0,3.0,4.0,2.0,4.0,2.0,1.0,Yes,4,1,0,0.0,0,2.0,7,13,3,0,0,0
101128,E101128,47,Female,Married,Research & Development,Laboratory Technician,22,1,Technical Degree,Travel_Rarely,No,5941.0,19.0,3.0,3.0,1.0,4.0,4.0,3.0,1.0,No,1,2,1,0.0,0,1.0,7,10,0,0,0,0
101129,E101129,55,Female,Married,Research & Development,Research Scientist,3,5,Marketing,Travel_Rarely,No,17457.0,12.0,0.0,3.0,3.0,3.0,2.0,4.0,3.0,No,4,6,5,3.0,3,0.0,7,11,4,0,0,0
101130,E101130,21,Female,Divorced,Sales,Sales Representative,5,2,Life Sciences,Travel_Rarely,No,13611.0,18.0,1.0,3.0,1.0,2.0,2.0,1.0,2.0,No,2,2,0,0.0,1,0.0,5,6,3,1,0,0
101131,E101131,18,Female,Divorced,Sales,Manager,9,2,Marketing,Travel_Frequently,No,18546.0,15.0,0.0,3.0,1.0,1.0,2.0,1.0,2.0,No,4,9,3,1.0,6,0.0,0,9,2,0,0,0
101132,E101132,25,Male,Married,Research & Development,Manager,18,4,Technical Degree,Travel_Rarely,No,12534.0,20.0,0.0,3.0,3.0,3.0,4.0,3.0,2.0,Yes,2,10,2,1.0,3,1.0,9,24,2,0,0,0
101133,E101133,46,Female,Married,Human Resources,Manager,11,1,Other,Travel_Frequently,No,13306.0,19.0,3.0,3.0,3.0,4.0,2.0,2.0,4.0,No,3,1,0,0.0,0,0.0,5,1,1,0,0,0
101134,E101134,56,Male,Divorced,Research & Development,Manufacturing Director,16,4,Marketing,Travel_Rarely,No,8814.0,18.0,1.0,3.0,4.0,1.0,4.0,3.0,4.0,No,1,8,7,0.0,2,1.0,9,18,3,0,0,0
101135,E101135,20,Male,Married,Human Resources,Human Resources,2,4,Human Resources,Travel_Rarely,Yes,5999.0,13.0,0.0,3.0,1.0,2.0,4.0,1.0,2.0,No,1,0,0,0.0,0,0.0,6,0,3,0,0,0
101136,E101136,49,Male,Married,Research & Development,Laboratory Technician,12,3,Human Resources,Travel_Rarely,No,18234.0,13.0,2.0,3.0,4.0,3.0,1.0,4.0,1.0,No,5,2,1,0.0,0,1.0,8,8,2,0,0,0
101137,E101137,27,Male,Single,Sales,Manager,22,5,Human Resources,Travel_Rarely,Yes,14508.0,21.0,2.0,3.0,2.0,1.0,2.0,3.0,4.0,Yes,3,3,2,0.0,1,1.0,7,8,1,0,0,0
101138,E101138,27,Male,Divorced,Research & Development,Research Scientist,6,2,Other,Travel_Frequently,Yes,11365.0,22.0,2.0,3.0,2.0,1.0,1.0,4.0,2.0,Yes,2,1,0,0.0,0,0.0,7,14,3,0,0,0
101139,E101139,36,Male,Divorced,Research & Development,Research Scientist,11,1,Medical,Travel_Rarely,No,12763.0,20.0,2.0,4.0,1.0,4.0,1.0,2.0,4.0,No,3,4,2,2.0,2,0.0,6,8,6,0,0,0
101140,E101140,51,Male,Single,Research & Development,Manager,27,5,Human Resources,Travel_Rarely,Yes,13611.0,18.0,1.0,3.0,1.0,1.0,2.0,2.0,4.0,No,1,4,0,0.0,3,0.0,1,7,6,1,0,0
101141,E101141,50,Female,Married,Human Resources,Human Resources,8,5,Human Resources,Non-Travel,No,11347.0,19.0,2.0,3.0,3.0,4.0,4.0,4.0,4.0,Yes,2,1,0,0.0,0,1.0,0,11,2,0,0,0
101142,E101142,40,Male,Married,Sales,Sales Representative,12,1,Medical,Travel_Rarely,No,16569.0,12.0,1.0,3.0,3.0,2.0,4.0,2.0,4.0,No,3,7,3,3.0,3,0.0,1,20,1,0,0,0
101143,E101143,45,Male,Single,Sales,Sales Executive,29,5,Other,Travel_Rarely,No,8654.0,13.0,1.0,3.0,1.0,4.0,4.0,4.0,2.0,No,1,4,2,1.0,1,2.0,5,16,1,0,0,0
101144,E101144,49,Male,Divorced,Research & Development,Laboratory Technician,27,3,Human Resources,Travel_Frequently,No,9911.0,24.0,1.0,3.0,1.0,3.0,2.0,4.0,4.0,No,2,1,0,0.0,0,0.0,1,13,2,0,0,0
101145,E101145,24,Female,Single,Sales,Sales Executive,2,5,Technical Degree,Travel_Rarely,Yes,9979.0,24.0,1.0,3.0,2.0,1.0,4.0,4.0,3.0,Yes,2,1,0,0.0,0,0.0,9,11,1,0,0,0
101146,E101146,46,Male,Single,Sales,Sales Representative,9,3,Other,Travel_Rarely,Yes,6833.0,18.0,3.0,3.0,4.0,2.0,1.0,2.0,2.0,Yes,1,10,9,2.0,9,0.0,3,17,5,0,0,0
101147,E101147,25,Male,Married,Sales,Sales Representative,15,2,Human Resources,Travel_Frequently,No,10333.0,12.0,0.0,3.0,2.0,4.0,3.0,4.0,2.0,Yes,2,9,5,3.0,4,1.0,9,19,5,0,0,0
101148,E101148,18,Male,Married,Sales,Sales Representative,2,2,Human Resources,Travel_Frequently,No,7424.0,18.0,3.0,3.0,2.0,4.0,2.0,2.0,2.0,No,1,1,0,0.0,0,2.0,2,8,1,0,0,0
101149,E101149,20,Male,Single,Research & Development,Manager,29,4,Medical,Travel_Rarely,No,15121.0,15.0,0.0,4.0,4.0,4.0,3.0,4.0,4.0,Yes,4,0,0,0.0,0,0.0,5,4,0,0,0,0
101150,E101150,41,Male,Married,Sales,Manager,1,3,Technical Degree,Travel_Rarely,No,18588.0,16.0,3.0,3.0,1.0,2.0,1.0,4.0,2.0,No,4,8,3,1.0,6,3.0,7,22,1,0,0,0
101151,E101151,40,Male,Married,Research & Development,Manufacturing Director,10,2,Other,Travel_Rarely,No,13611.0,,,,,,,,,,2,4,1,2.0,3,0.0,5,7,6,1,0,0
101152,E101152,25,Male,Single,Research & Development,Manager,2,5,Unknown,Non-Travel,Yes,11474.0,20.0,1.0,3.0,2.0,3.0,1.0,4.0,3.0,No,2,0,0,0.0,0,1.0,1,14,3,0,0,0
101153,E101153,54,Male,Single,Research & Development,Laboratory Technician,12,1,Life Sciences,Travel_Rarely,Yes,5700.0,25.0,2.0,3.0,2.0,2.0,3.0,4.0,1.0,No,1,4,1,0.0,3,0.0,4,5,1,0,0,0
101154,E101154,20,Male,Married,Sales,Sales Executive,23,1,Technical Degree,Travel_Rarely,Yes,9395.0,22.0,2.0,3.0,4.0,4.0,3.0,2.0,3.0,Yes,2,3,1,0.0,0,0.0,5,9,3,0,0,0
101155,E101155,50,Female,Single,Research & Development,Healthcare Representative,8,3,Marketing,Non-Travel,No,19512.0,14.0,2.0,3.0,3.0,2.0,4.0,1.0,3.0,No,5,7,4,3.0,3,1.0,8,11,2,0,0,0
101156,E101156,45,Male,Divorced,Sales,Sales Representative,5,4,Technical Degree,Travel_Frequently,No,13611.0,13.0,3.0,4.0,3.0,4.0,3.0,3.0,4.0,No,4,1,0,0.0,0,1.0,5,3,1,1,0,0
101157,E101157,25,Male,Divorced,Research & Development,Manager,22,5,Marketing,Travel_Frequently,Yes,11700.0,18.0,2.0,3.0,1.0,3.0,1.0,2.0,3.0,No,2,3,1,1.0,1,1.0,9,11,2,0,0,0
101158,E101158,51,Male,Divorced,Research & Development,Research Scientist,28,3,Marketing,Travel_Rarely,Yes,10850.0,19.0,1.0,3.0,3.0,3.0,1.0,4.0,3.0,No,2,0,0,0.0,0,0.0,4,8,4,0,0,0
101159,E101159,52,Female,Single,Research & Development,Research Scientist,1,1,Technical Degree,Travel_Rarely,No,15007.0,25.0,1.0,3.0,1.0,4.0,1.0,3.0,1.0,No,3,15,7,0.0,4,2.0,0,25,6,0,0,0
101160,E101160,49,Male,Divorced,Research & Development,Laboratory Technician,15,3,Medical,Travel_Rarely,No,12719.0,23.0,0.0,3.0,1.0,2.0,2.0,3.0,3.0,No,2,7,4,0.0,1,0.0,9,21,5,0,0,0
101161,E101161,41,Male,Married,Research & Development,Laboratory Technician,6,5,Technical Degree,Travel_Rarely,No,19486.0,25.0,3.0,3.0,1.0,2.0,1.0,4.0,2.0,No,5,6,4,1.0,1,1.0,4,16,1,0,0,0
101162,E101162,31,Female,Married,Research & Development,Healthcare Representative,12,2,Technical Degree,Travel_Rarely,No,18436.0,18.0,1.0,3.0,4.0,1.0,2.0,4.0,2.0,No,4,5,4,0.0,4,0.0,4,14,2,0,0,0
101163,E101163,49,Male,Single,Research & Development,Manager,8,5,Marketing,Travel_Rarely,No,12747.0,19.0,1.0,3.0,2.0,3.0,1.0,1.0,3.0,Yes,3,2,0,0.0,1,1.0,5,15,4,0,0,0
101164,E101164,60,Male,Single,Research & Development,Manager,13,2,Life Sciences,Non-Travel,No,9021.0,11.0,3.0,3.0,3.0,3.0,2.0,4.0,2.0,No,1,12,10,4.0,7,0.0,6,22,3,0,0,0
101165,E101165,33,Male,Married,Research & Development,Manufacturing Director,19,2,Marketing,Travel_Rarely,No,6454.0,15.0,2.0,3.0,4.0,4.0,3.0,3.0,4.0,No,1,0,0,0.0,0,0.0,3,7,3,0,0,0
101166,E101166,21,Female,Married,Research & Development,Manufacturing Director,27,2,Human Resources,Travel_Rarely,No,14345.0,22.0,1.0,3.0,3.0,1.0,3.0,4.0,2.0,No,4,8,5,3.0,5,0.0,6,8,5,0,0,0
101167,E101167,54,Male,Single,Human Resources,Manager,1,3,Technical Degree,Travel_Rarely,Yes,6654.0,17.0,2.0,3.0,4.0,2.0,1.0,3.0,4.0,Yes,1,1,0,0.0,0,2.0,4,12,5,0,0,0
101168,E101168,38,Female,Married,Human Resources,Human Resources,11,1,Other,Travel_Rarely,No,18307.0,18.0,1.0,4.0,3.0,4.0,2.0,2.0,3.0,No,5,1,0,0.0,0,1.0,5,3,6,0,0,0
101169,E101169,31,Female,Single,Research & Development,Manufacturing Director,20,3,Technical Degree,Travel_Frequently,No,10081.0,24.0,0.0,3.0,3.0,2.0,4.0,2.0,4.0,No,2,3,2,0.0,2,1.0,3,4,6,0,0,0
101170,E101170,48,Male,Married,Research & Development,Manufacturing Director,1,1,Medical,Travel_Rarely,No,14386.0,21.0,2.0,3.0,2.0,2.0,4.0,3.0,4.0,No,4,7,3,1.0,3,0.0,7,10,3,0,0,0
101171,E101171,35,Male,Married,Sales,Sales Executive,8,5,Other,Travel_Rarely,No,13936.0,12.0,1.0,3.0,3.0,2.0,4.0,2.0,3.0,No,3,9,4,5.0,5,0.0,8,10,3,0,0,0
101172,E101172,24,Male,Divorced,Human Resources,Manager,5,4,Marketing,Travel_Rarely,No,11393.0,22.0,3.0,3.0,4.0,1.0,3.0,1.0,3.0,No,2,4,3,1.0,0,1.0,1,15,3,0,0,0
101173,E101173,27,Male,Divorced,Sales,Manager,17,5,Medical,Travel_Rarely,No,7469.0,21.0,3.0,3.0,3.0,3.0,3.0,3.0,4.0,No,1,2,0,0.0,1,0.0,3,12,0,0,0,0
101174,E101174,24,Male,Married,Research & Development,Research Scientist,8,3,Technical Degree,Non-Travel,No,8862.0,24.0,3.0,3.0,2.0,3.0,2.0,3.0,1.0,No,1,14,4,6.0,11,0.0,7,21,6,0,0,0
101175,E101175,50,Female,Married,Sales,Manager,25,3,Marketing,Travel_Frequently,Yes,11040.0,14.0,1.0,3.0,3.0,2.0,1.0,4.0,3.0,No,3,1,0,0.0,0,0.0,7,1,5,0,0,0
101176,E101176,40,Female,Married,Sales,Manager,10,1,Marketing,Travel_Frequently,No,20337.0,17.0,2.0,3.0,4.0,1.0,3.0,1.0,3.0,No,5,8,2,0.0,6,1.0,8,11,2,0,0,0
101177,E101177,38,Unknown,Divorced,Research & Development,Manager,2,3,Human Resources,Travel_Rarely,No,14788.0,15.0,0.0,3.0,3.0,2.0,1.0,4.0,1.0,Yes,3,4,2,1.0,2,1.0,2,8,4,0,0,0
101178,E101178,36,Unknown,Married,Human Resources,Human Resources,9,2,Human Resources,Travel_Rarely,No,17668.0,11.0,0.0,4.0,2.0,2.0,4.0,1.0,2.0,No,4,2,1,0.0,1,1.0,0,15,4,0,0,0
101179,E101179,36,Female,Single,Sales,Manager,24,3,Life Sciences,Travel_Rarely,No,13620.0,23.0,1.0,3.0,2.0,4.0,4.0,1.0,1.0,No,3,0,0,0.0,0,1.0,8,9,1,0,0,0
101180,E101180,53,Female,Single,Research & Development,Healthcare Representative,23,1,Human Resources,Travel_Rarely,Yes,6746.0,24.0,1.0,3.0,2.0,1.0,1.0,1.0,2.0,No,1,2,0,1.0,1,2.0,0,5,2,0,0,0
101181,E101181,46,Female,Married,Sales,Sales Representative,3,1,Other,Travel_Rarely,No,18486.0,12.0,1.0,3.0,2.0,1.0,2.0,3.0,1.0,No,5,1,0,0.0,0,0.0,2,8,5,0,0,0
101182,E101182,35,Male,Married,Sales,Sales Representative,18,2,Marketing,Non-Travel,No,19739.0,15.0,2.0,3.0,1.0,3.0,4.0,2.0,4.0,No,5,0,0,0.0,0,2.0,2,1,0,0,0,0
101183,E101183,19,Female,Divorced,Research & Development,Healthcare Representative,7,1,Human Resources,Travel_Frequently,No,14690.0,16.0,3.0,3.0,2.0,3.0,2.0,2.0,3.0,No,3,0,0,0.0,0,0.0,8,8,0,0,0,0
101184,E101184,18,Male,Single,Research & Development,Manager,15,4,Life Sciences,Non-Travel,No,13362.0,11.0,2.0,3.0,3.0,2.0,4.0,4.0,1.0,No,4,2,1,0.0,1,0.0,0,3,2,0,0,0
101185,E101185,22,Male,Married,Sales,Manager,21,5,Technical Degree,Travel_Rarely,No,6999.0,22.0,2.0,3.0,3.0,4.0,3.0,4.0,3.0,No,1,4,3,1.0,3,0.0,6,5,3,0,0,0
101186,E101186,37,Male,Divorced,Research & Development,Laboratory Technician,22,3,Other,Non-Travel,No,10455.0,13.0,1.0,3.0,3.0,4.0,4.0,2.0,2.0,No,2,9,7,4.0,5,1.0,1,21,3,0,0,0
101187,E101187,28,Female,Divorced,Sales,Sales Representative,20,4,Human Resources,Travel_Rarely,No,18492.0,16.0,0.0,4.0,3.0,4.0,2.0,2.0,4.0,No,5,1,0,0.0,0,0.0,6,2,2,0,0,0
101188,E101188,59,Female,Married,Research & Development,Healthcare Representative,18,3,Marketing,Travel_Frequently,Yes,15103.0,16.0,2.0,3.0,1.0,2.0,3.0,1.0,3.0,Yes,3,2,0,0.0,1,1.0,0,13,5,0,0,0
101189,E101189,19,Male,Married,Human Resources,Manager,25,4,Technical Degree,Travel_Rarely,Yes,18235.0,17.0,0.0,3.0,1.0,3.0,4.0,4.0,1.0,Yes,4,2,1,0.0,1,4.0,9,11,4,0,0,0
101190,E101190,20,Male,Single,Human Resources,Human Resources,3,3,Marketing,Travel_Rarely,No,18440.0,20.0,1.0,3.0,1.0,1.0,3.0,4.0,1.0,No,4,3,0,1.0,2,0.0,9,10,3,0,0,0
101191,E101191,40,Male,Divorced,Research & Development,Research Scientist,28,2,Technical Degree,Travel_Rarely,No,7811.0,22.0,2.0,3.0,3.0,2.0,3.0,4.0,4.0,No,1,8,7,2.0,2,0.0,7,10,1,0,0,0
101192,E101192,29,Male,Single,Research & Development,Manufacturing Director,23,1,Other,Travel_Rarely,No,19741.0,24.0,3.0,3.0,4.0,4.0,4.0,4.0,2.0,Yes,5,4,2,1.0,3,0.0,9,13,5,0,0,0
101193,E101193,37,Male,Divorced,Human Resources,Human Resources,14,1,Marketing,Travel_Rarely,No,8354.0,24.0,3.0,3.0,4.0,4.0,1.0,2.0,4.0,No,1,9,6,0.0,5,1.0,9,19,5,0,0,0
101194,E101194,22,Male,Married,Sales,Sales Representative,24,2,Human Resources,Travel_Rarely,Yes,10464.0,13.0,2.0,3.0,3.0,2.0,1.0,2.0,4.0,No,2,3,0,0.0,2,2.0,1,16,0,0,0,0
101195,E101195,54,Female,Married,Research & Development,Laboratory Technician,2,4,Human Resources,Travel_Rarely,No,9991.0,11.0,3.0,3.0,2.0,4.0,2.0,3.0,3.0,No,2,4,2,1.0,2,0.0,2,13,6,0,0,1
101196,E101196,55,Male,Single,Human Resources,Manager,14,5,Life Sciences,Non-Travel,No,10597.0,23.0,2.0,3.0,2.0,1.0,2.0,3.0,2.0,Yes,2,2,0,0.0,0,0.0,7,16,3,0,0,0
101197,E101197,47,Male,Married,Sales,Sales Representative,22,4,Technical Degree,Travel_Rarely,No,19119.0,17.0,3.0,3.0,3.0,2.0,4.0,2.0,4.0,No,4,8,3,1.0,3,2.0,2,21,4,0,0,0
101198,E101198,26,Male,Married,Sales,Sales Representative,11,1,Life Sciences,Travel_Frequently,No,20788.0,22.0,1.0,3.0,2.0,1.0,3.0,1.0,3.0,Yes,5,12,6,0.0,6,0.0,0,19,5,0,0,0
101199,E101199,51,Female,Single,Human Resources,Human Resources,16,5,Medical,Travel_Rarely,Yes,7681.0,21.0,3.0,3.0,2.0,3.0,3.0,2.0,3.0,Yes,1,5,1,0.0,4,0.0,8,11,3,0,0,0
101200,E101200,52,Female,Married,Research & Development,Manager,8,3,Human Resources,Travel_Rarely,No,8309.0,13.0,3.0,3.0,4.0,4.0,1.0,1.0,2.0,Yes,1,8,4,3.0,6,1.0,7,17,3,0,0,0
101201,E101201,39,Female,Divorced,Sales,Sales Executive,7,5,Technical Degree,Travel_Frequently,No,7927.0,15.0,1.0,4.0,3.0,4.0,1.0,4.0,2.0,No,2,0,0,0.0,0,0.0,3,3,0,0,0,0
101202,E101202,41,Male,Married,Sales,Sales Representative,11,4,Other,Travel_Frequently,No,21342.0,14.0,1.0,3.0,1.0,3.0,3.0,3.0,3.0,Yes,5,11,9,0.0,7,3.0,7,17,1,0,0,0
101203,E101203,34,Male,Married,Research & Development,Healthcare Representative,3,2,Life Sciences,Travel_Rarely,No,19442.0,22.0,3.0,3.0,4.0,3.0,3.0,1.0,2.0,Yes,5,1,0,0.0,0,1.0,4,11,5,0,0,0
101204,E101204,27,Male,Single,Research & Development,Laboratory Technician,17,3,Other,Non-Travel,Yes,13611.0,25.0,0.0,4.0,3.0,3.0,2.0,4.0,3.0,Yes,3,1,0,0.0,0,0.0,2,8,6,1,0,0
101205,E101205,47,Female,Married,Research & Development,Manager,14,4,Unknown,Travel_Frequently,No,20924.0,11.0,0.0,3.0,3.0,4.0,3.0,2.0,2.0,No,5,0,0,0.0,0,1.0,0,5,1,0,0,0
101206,E101206,40,Female,Single,Human Resources,Manager,6,3,Other,Travel_Frequently,No,21320.0,22.0,2.0,3.0,4.0,3.0,3.0,3.0,2.0,No,5,16,10,7.0,6,0.0,9,21,4,0,0,0
101207,E101207,49,Female,Married,Sales,Sales Executive,8,5,Life Sciences,Travel_Rarely,No,7832.0,17.0,3.0,3.0,2.0,2.0,4.0,2.0,2.0,Yes,1,9,5,4.0,2,1.0,4,11,6,0,0,0
101208,E101208,34,Female,Divorced,Research & Development,Laboratory Technician,22,1,Medical,Travel_Frequently,No,21723.0,24.0,2.0,4.0,2.0,3.0,3.0,4.0,1.0,No,5,12,7,6.0,2,1.0,5,16,2,0,0,0
101209,E101209,34,Female,Married,Research & Development,Healthcare Representative,5,4,Life Sciences,Travel_Rarely,No,13611.0,,,,,,,,,,5,9,7,3.0,1,0.0,3,18,2,1,0,0
101210,E101210,31,Male,Single,Research & Development,Research Scientist,27,2,Marketing,Travel_Rarely,No,6651.0,14.0,3.0,3.0,3.0,2.0,1.0,2.0,1.0,Yes,1,3,1,0.0,2,1.0,6,4,6,0,0,0
101211,E101211,26,Female,Married,Sales,Manager,28,5,Human Resources,Travel_Rarely,Yes,18315.0,11.0,1.0,3.0,1.0,1.0,2.0,4.0,3.0,Yes,5,12,6,4.0,4,0.0,2,23,2,0,0,0
101212,E101212,57,Male,Married,Human Resources,Manager,8,4,Life Sciences,Travel_Frequently,No,7053.0,21.0,3.0,3.0,3.0,2.0,2.0,4.0,4.0,Yes,1,17,13,0.0,6,1.0,6,21,4,0,0,0
101213,E101213,19,Male,Married,Research & Development,Manager,2,2,Life Sciences,Travel_Rarely,No,11322.0,16.0,3.0,3.0,1.0,2.0,4.0,1.0,4.0,No,3,3,0,0.0,0,1.0,0,7,5,0,0,0
101214,E101214,42,Male,Divorced,Research & Development,Manufacturing Director,15,4,Medical,Travel_Rarely,No,15719.0,14.0,1.0,3.0,1.0,3.0,2.0,2.0,4.0,No,4,0,0,0.0,0,1.0,6,6,3,0,0,0
101215,E101215,56,Male,Divorced,Research & Development,Healthcare Representative,12,5,Marketing,Non-Travel,No,6131.0,23.0,3.0,3.0,3.0,4.0,3.0,2.0,3.0,Yes,1,5,2,1.0,2,2.0,0,8,1,0,0,0
101216,E101216,26,Male,Married,Sales,Sales Representative,17,4,Life Sciences,Travel_Rarely,No,10788.0,14.0,3.0,3.0,3.0,3.0,3.0,3.0,2.0,Yes,1,18,11,2.0,5,1.0,0,31,1,0,0,0
101217,E101217,39,Male,Married,Research & Development,Research Scientist,1,3,Human Resources,Travel_Frequently,No,21165.0,25.0,2.0,4.0,3.0,1.0,4.0,1.0,1.0,No,5,10,8,0.0,6,0.0,1,20,3,0,0,0
101218,E101218,60,Male,Single,Research & Development,Laboratory Technician,15,5,Human Resources,Travel_Rarely,No,7739.0,12.0,1.0,3.0,1.0,1.0,1.0,1.0,3.0,No,1,9,3,3.0,6,1.0,1,14,5,0,0,0
101219,E101219,21,Male,Single,Research & Development,Laboratory Technician,14,4,Life Sciences,Travel_Rarely,No,10662.0,11.0,0.0,3.0,2.0,4.0,3.0,4.0,4.0,No,2,13,11,7.0,5,0.0,3,21,6,0,0,0
101220,E101220,43,Male,Married,Human Resources,Manager,20,1,Other,Travel_Rarely,No,10014.0,13.0,0.0,3.0,1.0,2.0,3.0,3.0,4.0,Yes,2,11,10,1.0,6,0.0,0,14,1,0,0,0
101221,E101221,46,Male,Married,Research & Development,Research Scientist,22,4,Other,Travel_Rarely,No,13442.0,20.0,3.0,4.0,1.0,1.0,4.0,3.0,4.0,No,3,7,4,2.0,3,1.0,3,17,5,0,0,0
101222,E101222,51,Male,Married,Research & Development,Manufacturing Director,16,3,Marketing,Travel_Frequently,Yes,8455.0,15.0,2.0,3.0,1.0,4.0,1.0,1.0,4.0,Yes,1,6,5,0.0,1,0.0,1,19,6,0,0,0
101223,E101223,40,Male,Married,Research & Development,Laboratory Technician,29,2,Human Resources,Travel_Rarely,No,19068.0,22.0,3.0,3.0,4.0,3.0,2.0,3.0,1.0,No,5,1,0,0.0,0,3.0,3,6,6,0,0,0
101224,E101224,54,Female,Single,Sales,Sales Executive,9,2,Other,Travel_Rarely,Yes,20528.0,19.0,2.0,4.0,2.0,3.0,3.0,1.0,4.0,Yes,5,4,3,0.0,3,1.0,3,16,6,0,0,0
101225,E101225,28,Female,Married,Research & Development,Manufacturing Director,1,2,Human Resources,Travel_Rarely,Yes,17448.0,24.0,3.0,3.0,1.0,3.0,1.0,3.0,1.0,Yes,4,3,1,1.0,2,0.0,8,14,1,0,0,0
101226,E101226,23,Female,Single,Research & Development,Laboratory Technician,28,1,Marketing,Travel_Rarely,No,15280.0,25.0,0.0,3.0,1.0,2.0,4.0,1.0,4.0,No,3,9,4,1.0,3,2.0,8,17,2,0,0,0
101227,E101227,35,Female,Single,Research & Development,Research Scientist,17,3,Marketing,Travel_Rarely,No,17489.0,17.0,1.0,3.0,4.0,2.0,4.0,1.0,3.0,No,5,3,1,1.0,2,0.0,0,12,2,0,0,0
101228,E101228,38,Male,Divorced,Research & Development,Healthcare Representative,29,5,Other,Travel_Rarely,No,18000.0,14.0,2.0,3.0,1.0,4.0,1.0,4.0,1.0,No,4,0,0,0.0,0,0.0,4,11,0,0,0,0
101229,E101229,59,Female,Single,Research & Development,Laboratory Technician,13,2,Life Sciences,Travel_Frequently,No,18850.0,18.0,3.0,3.0,2.0,1.0,4.0,4.0,1.0,Yes,5,0,0,0.0,0,1.0,6,0,0,0,0,0
101230,E101230,53,Male,Married,Research & Development,Laboratory Technician,21,3,Unknown,Travel_Rarely,No,17589.0,22.0,3.0,3.0,1.0,3.0,2.0,3.0,3.0,No,4,5,4,0.0,2,1.0,3,12,1,0,0,0
101231,E101231,58,Male,Single,Research & Development,Research Scientist,26,4,Medical,Travel_Rarely,No,8780.0,14.0,2.0,3.0,2.0,2.0,1.0,4.0,4.0,No,2,3,2,0.0,2,0.0,4,3,2,0,0,0
101232,E101232,55,Female,Divorced,Research & Development,Laboratory Technician,21,1,Technical Degree,Travel_Rarely,No,9241.0,16.0,2.0,3.0,2.0,2.0,2.0,2.0,4.0,No,2,2,0,1.0,1,2.0,1,5,5,0,0,0
101233,E101233,51,Male,Married,Research & Development,Manufacturing Director,5,3,Technical Degree,Travel_Rarely,No,17228.0,22.0,0.0,4.0,3.0,1.0,4.0,2.0,2.0,No,5,0,0,0.0,0,0.0,2,2,0,0,0,0
101234,E101234,34,Female,Single,Sales,Sales Representative,10,3,Human Resources,Travel_Rarely,Yes,14663.0,11.0,2.0,3.0,4.0,3.0,2.0,3.0,2.0,Yes,3,3,2,0.0,0,2.0,6,6,0,0,0,0
101235,E101235,54,Female,Married,Sales,Sales Representative,6,5,Marketing,Travel_Frequently,No,7253.0,24.0,3.0,4.0,4.0,3.0,2.0,1.0,1.0,No,1,0,0,0.0,0,0.0,9,13,2,0,0,0
101236,E101236,42,Female,Married,Research & Development,Manager,24,3,Human Resources,Travel_Rarely,No,15003.0,16.0,0.0,4.0,4.0,1.0,2.0,4.0,2.0,No,3,2,0,0.0,1,0.0,6,8,5,0,0,0
101237,E101237,55,Female,Divorced,Sales,Sales Representative,19,5,Other,Travel_Rarely,No,13737.0,20.0,0.0,3.0,3.0,4.0,2.0,3.0,3.0,No,3,2,1,1.0,0,0.0,3,14,0,0,0,0
101238,E101238,29,Male,Single,Sales,Manager,25,1,Medical,Travel_Rarely,No,6979.0,15.0,1.0,3.0,3.0,4.0,1.0,2.0,3.0,No,1,3,1,0.0,2,1.0,0,16,3,0,0,0
101239,E101239,40,Male,Divorced,Research & Development,Research Scientist,13,1,Other,Travel_Rarely,Yes,10242.0,24.0,1.0,3.0,2.0,1.0,4.0,1.0,3.0,No,2,3,1,1.0,1,1.0,0,11,6,0,0,0
101240,E101240,59,Male,Divorced,Research & Development,Manufacturing Director,1,4,Life Sciences,Travel_Rarely,No,8601.0,12.0,1.0,3.0,4.0,1.0,4.0,4.0,1.0,No,2,1,0,0.0,0,0.0,3,9,5,0,0,0
101241,E101241,39,Male,Divorced,Research & Development,Manager,20,5,Medical,Travel_Rarely,No,8814.0,11.0,2.0,3.0,3.0,4.0,3.0,1.0,3.0,No,1,9,6,2.0,4,0.0,3,18,3,0,0,0
101242,E101242,38,Female,Married,Human Resources,Human Resources,25,5,Human Resources,Travel_Rarely,No,17025.0,23.0,0.0,3.0,3.0,1.0,2.0,1.0,1.0,No,4,2,0,0.0,0,0.0,5,2,2,0,0,0
101243,E101243,44,Female,Married,Research & Development,Laboratory Technician,15,2,Human Resources,Travel_Rarely,No,13611.0,16.0,2.0,4.0,3.0,3.0,2.0,4.0,1.0,No,3,1,0,0.0,0,0.0,6,15,2,1,0,0
101244,E101244,48,Female,Married,Research & Development,Laboratory Technician,14,2,Other,Travel_Rarely,No,20225.0,21.0,0.0,3.0,2.0,4.0,3.0,4.0,3.0,No,5,0,0,0.0,0,0.0,8,9,0,0,0,0
101245,E101245,23,Male,Married,Sales,Sales Representative,8,4,Human Resources,Travel_Rarely,No,9236.0,12.0,3.0,4.0,1.0,4.0,3.0,2.0,3.0,No,2,1,0,0.0,0,1.0,8,1,1,0,0,0
101246,E101246,44,Male,Married,Research & Development,Healthcare Representative,10,1,Human Resources,Travel_Frequently,No,22359.0,19.0,2.0,3.0,3.0,4.0,2.0,2.0,1.0,No,5,0,0,0.0,0,2.0,9,8,4,0,0,0
101247,E101247,57,Male,Married,Research & Development,Manufacturing Director,9,2,Technical Degree,Travel_Rarely,No,5656.0,19.0,0.0,4.0,3.0,3.0,4.0,1.0,3.0,Yes,1,0,0,0.0,0,1.0,4,3,3,0,0,0
101248,E101248,51,Male,Married,Research & Development,Healthcare Representative,17,3,Life Sciences,Travel_Rarely,No,22003.0,11.0,1.0,3.0,3.0,1.0,3.0,1.0,2.0,No,5,4,2,2.0,1,1.0,9,15,3,0,0,0
101249,E101249,29,Female,Married,Research & Development,Manager,9,1,Technical Degree,Travel_Rarely,No,20918.0,25.0,1.0,3.0,4.0,2.0,2.0,2.0,1.0,Yes,5,4,1,2.0,3,0.0,2,16,5,0,0,0
101250,E101250,24,Male,Divorced,Research & Development,Laboratory Technician,3,3,Human Resources,Non-Travel,No,16021.0,15.0,3.0,3.0,4.0,2.0,4.0,2.0,4.0,No,3,3,1,1.0,0,0.0,2,16,5,0,0,0
101251,E101251,27,Male,Single,Sales,Sales Representative,11,5,Marketing,Travel_Rarely,No,7446.0,18.0,2.0,3.0,3.0,3.0,1.0,1.0,1.0,No,1,7,2,4.0,5,3.0,5,9,2,0,0,0
101252,E101252,34,Male,Divorced,Research & Development,Laboratory Technician,12,1,Technical Degree,Non-Travel,No,22922.0,14.0,0.0,3.0,2.0,3.0,3.0,3.0,3.0,No,5,0,0,0.0,0,0.0,0,12,6,0,0,0
101253,E101253,43,Female,Married,Research & Development,Research Scientist,10,4,Human Resources,Travel_Rarely,No,11722.0,13.0,1.0,3.0,1.0,1.0,3.0,3.0,3.0,No,2,13,10,3.0,12,3.0,6,21,1,0,0,0
101254,E101254,38,Female,Divorced,Research & Development,Manager,25,5,Human Resources,Non-Travel,No,5632.0,15.0,0.0,3.0,4.0,2.0,4.0,3.0,1.0,No,1,0,0,0.0,0,0.0,2,4,2,0,0,0
101255,E101255,45,Male,Married,Sales,Manager,17,5,Life Sciences,Travel_Rarely,No,10831.0,15.0,2.0,3.0,1.0,4.0,1.0,4.0,1.0,No,2,5,3,2.0,0,1.0,4,16,0,0,0,0
101256,E101256,19,Male,Married,Human Resources,Manager,17,3,Other,Travel_Rarely,No,16907.0,18.0,1.0,3.0,3.0,3.0,4.0,2.0,4.0,No,4,0,0,0.0,0,1.0,6,5,1,0,0,0
101257,E101257,60,Male,Divorced,Human Resources,Manager,25,5,Medical,Travel_Rarely,No,21321.0,16.0,3.0,3.0,4.0,2.0,3.0,3.0,4.0,No,5,10,7,2.0,8,1.0,6,10,0,0,0,0
101258,E101258,18,Male,Single,Sales,Sales Representative,11,2,Technical Degree,Travel_Rarely,Yes,5151.0,25.0,3.0,3.0,1.0,4.0,1.0,3.0,1.0,Yes,1,3,1,0.0,1,1.0,8,3,3,0,0,0
101259,E101259,53,Female,Divorced,Research & Development,Manager,22,1,Technical Degree,Non-Travel,Yes,10355.0,12.0,2.0,3.0,3.0,4.0,2.0,2.0,3.0,No,2,0,0,0.0,0,1.0,0,12,2,0,0,0
101260,E101260,43,Female,Married,Research & Development,Laboratory Technician,4,2,Technical Degree,Travel_Rarely,No,18908.0,21.0,2.0,3.0,4.0,1.0,3.0,4.0,1.0,Yes,5,4,3,2.0,3,2.0,2,17,5,0,0,0
101261,E101261,46,Unknown,Married,Human Resources,Manager,7,3,Human Resources,Travel_Rarely,Yes,14261.0,11.0,0.0,3.0,3.0,3.0,4.0,3.0,2.0,No,3,0,0,0.0,0,1.0,8,6,2,0,0,0
101262,E101262,38,Male,Single,Research & Development,Manufacturing Director,21,3,Life Sciences,Travel_Rarely,No,9693.0,23.0,3.0,3.0,4.0,4.0,4.0,4.0,2.0,No,2,7,3,0.0,5,0.0,7,16,4,0,0,0
101263,E101263,28,Female,Married,Research & Development,Manager,26,1,Human Resources,Travel_Rarely,Yes,11738.0,13.0,2.0,3.0,1.0,3.0,4.0,4.0,3.0,No,2,5,3,0.0,1,0.0,1,19,1,0,0,0
101264,E101264,57,Male,Married,Research & Development,Healthcare Representative,14,5,Human Resources,Travel_Rarely,Yes,15118.0,12.0,2.0,3.0,1.0,2.0,4.0,1.0,1.0,Yes,4,1,0,0.0,0,1.0,7,8,6,0,0,0
101265,E101265,28,Female,Single,Research & Development,Research Scientist,7,4,Unknown,Travel_Rarely,No,12957.0,14.0,3.0,4.0,4.0,2.0,4.0,2.0,1.0,No,3,2,1,0.0,1,0.0,7,12,3,0,0,0
101266,E101266,53,Male,Single,Sales,Manager,24,3,Marketing,Travel_Rarely,No,18273.0,13.0,0.0,3.0,2.0,3.0,3.0,1.0,2.0,No,4,0,0,0.0,0,2.0,1,7,4,0,0,0
101267,E101267,56,Male,Single,Research & Development,Manager,8,1,Life Sciences,Travel_Rarely,No,13149.0,25.0,0.0,4.0,3.0,4.0,1.0,3.0,1.0,No,3,5,1,2.0,1,2.0,7,18,4,0,0,0
101268,E101268,57,Male,Divorced,Sales,Sales Representative,1,4,Technical Degree,Travel_Rarely,No,9189.0,25.0,3.0,3.0,1.0,4.0,4.0,1.0,3.0,No,2,1,0,0.0,0,1.0,2,13,2,0,0,0
101269,E101269,52,Male,Divorced,Sales,Sales Representative,24,5,Medical,Travel_Rarely,No,14367.0,19.0,3.0,3.0,2.0,2.0,4.0,2.0,3.0,No,4,4,1,0.0,3,1.0,6,10,1,0,0,0
101270,E101270,51,Female,Married,Research & Development,Manager,22,3,Technical Degree,Non-Travel,No,13611.0,,,,,,,,,,5,15,4,8.0,3,1.0,8,27,2,1,0,0
101271,E101271,41,Male,Married,Research & Development,Research Scientist,4,1,Human Resources,Travel_Rarely,No,13990.0,15.0,3.0,3.0,1.0,4.0,2.0,4.0,3.0,No,3,1,0,0.0,0,0.0,3,11,1,0,0,1
101272,E101272,39,Male,Married,Research & Development,Manager,29,1,Life Sciences,Travel_Rarely,No,11966.0,14.0,3.0,3.0,1.0,2.0,1.0,3.0,1.0,No,2,23,19,1.0,12,0.0,5,31,4,0,0,0
101273,E101273,22,Male,Married,Research & Development,Laboratory Technician,12,1,Life Sciences,Travel_Frequently,Yes,6659.0,20.0,2.0,3.0,3.0,1.0,3.0,2.0,1.0,No,1,5,4,1.0,3,0.0,8,5,0,0,0,0
101274,E101274,50,Male,Divorced,Research & Development,Healthcare Representative,24,3,Life Sciences,Travel_Rarely,No,10714.0,19.0,1.0,4.0,2.0,2.0,3.0,4.0,2.0,No,3,1,0,0.0,0,1.0,4,2,3,0,0,0
101275,E101275,53,Male,Divorced,Sales,Manager,3,4,Marketing,Travel_Rarely,No,15257.0,14.0,3.0,3.0,3.0,3.0,1.0,3.0,2.0,No,3,2,0,1.0,0,0.0,0,14,4,0,0,0
101276,E101276,37,Male,Married,Research & Development,Healthcare Representative,13,1,Technical Degree,Travel_Rarely,No,21308.0,16.0,1.0,3.0,4.0,1.0,1.0,2.0,3.0,No,5,6,3,3.0,2,0.0,2,8,2,0,0,0
101277,E101277,36,Female,Divorced,Human Resources,Manager,20,5,Marketing,Travel_Rarely,No,15787.0,24.0,0.0,3.0,1.0,3.0,1.0,2.0,4.0,Yes,3,2,0,0.0,1,1.0,8,14,6,0,0,0
101278,E101278,52,Male,Single,Research & Development,Laboratory Technician,6,1,Other,Travel_Rarely,No,15177.0,20.0,2.0,3.0,2.0,1.0,4.0,1.0,1.0,No,3,0,0,0.0,0,1.0,2,11,6,0,0,0
101279,E101279,60,Male,Divorced,Research & Development,Research Scientist,11,4,Medical,Travel_Rarely,No,19079.0,11.0,1.0,3.0,3.0,1.0,3.0,4.0,4.0,Yes,5,0,0,0.0,0,0.0,9,12,3,0,0,0
101280,E101280,34,Female,Single,Research & Development,Manager,23,3,Other,Travel_Rarely,No,19221.0,25.0,0.0,3.0,2.0,2.0,1.0,2.0,1.0,No,5,7,1,3.0,4,1.0,1,11,4,0,0,0
101281,E101281,60,Male,Married,Human Resources,Manager,4,1,Human Resources,Non-Travel,No,17459.0,23.0,0.0,3.0,4.0,2.0,2.0,4.0,3.0,No,4,5,3,2.0,3,0.0,3,8,1,0,0,0
101282,E101282,51,Female,Married,Sales,Sales Executive,20,1,Marketing,Travel_Rarely,No,8670.0,12.0,0.0,3.0,1.0,3.0,4.0,4.0,3.0,No,2,4,2,0.0,1,0.0,4,7,6,0,0,0
101283,E101283,26,Male,Married,Research & Development,Healthcare Representative,16,5,Marketing,Non-Travel,Yes,9989.0,25.0,3.0,3.0,2.0,2.0,4.0,2.0,2.0,No,2,0,0,0.0,0,0.0,6,14,2,0,0,0
101284,E101284,43,Female,Single,Research & Development,Manufacturing Director,7,5,Other,Travel_Rarely,Yes,15249.0,14.0,2.0,3.0,4.0,1.0,4.0,4.0,4.0,Yes,4,9,8,5.0,6,1.0,6,16,6,0,0,0
101285,E101285,19,Female,Divorced,Research & Development,Manufacturing Director,22,1,Human Resources,Travel_Rarely,No,11502.0,19.0,0.0,3.0,4.0,2.0,4.0,1.0,2.0,No,2,16,6,8.0,2,1.0,8,23,4,0,0,0
101286,E101286,26,Female,Single,Sales,Sales Executive,29,1,Life Sciences,Travel_Rarely,No,13507.0,16.0,3.0,3.0,1.0,3.0,1.0,3.0,3.0,No,3,0,0,0.0,0,0.0,7,10,1,0,0,0
101287,E101287,26,Female,Married,Research & Development,Laboratory Technician,11,5,Human Resources,Travel_Rarely,No,14631.0,16.0,1.0,3.0,3.0,1.0,4.0,3.0,4.0,Yes,4,0,0,0.0,0,0.0,1,6,1,0,0,0
101288,E101288,57,Male,Single,Sales,Sales Executive,24,4,Technical Degree,Travel_Rarely,No,14156.0,21.0,2.0,4.0,1.0,3.0,2.0,2.0,1.0,Yes,4,10,4,3.0,2,1.0,7,10,1,0,0,0
101289,E101289,34,Female,Single,Research & Development,Manager,1,2,Other,Travel_Rarely,Yes,11659.0,19.0,1.0,3.0,1.0,4.0,2.0,1.0,2.0,Yes,2,8,2,0.0,1,0.0,7,17,6,0,0,0
101290,E101290,18,Male,Married,Research & Development,Laboratory Technician,26,2,Human Resources,Travel_Rarely,Yes,6728.0,22.0,1.0,3.0,2.0,2.0,1.0,3.0,3.0,No,1,4,3,0.0,1,1.0,4,18,3,0,0,0
101291,E101291,42,Male,Married,Sales,Sales Executive,29,1,Life Sciences,Travel_Rarely,No,12493.0,14.0,3.0,3.0,2.0,1.0,4.0,1.0,1.0,No,2,14,5,1.0,13,1.0,2,17,2,0,0,0
101292,E101292,60,Male,Single,Research & Development,Healthcare Representative,27,5,Human Resources,Non-Travel,No,5773.0,13.0,1.0,3.0,3.0,3.0,2.0,2.0,3.0,No,1,5,4,0.0,2,0.0,8,5,1,0,0,0
101293,E101293,57,Male,Single,Sales,Sales Executive,7,3,Marketing,Travel_Rarely,No,17437.0,17.0,2.0,3.0,4.0,2.0,3.0,1.0,1.0,Yes,4,1,0,0.0,0,2.0,6,11,4,0,0,0
101294,E101294,59,Unknown,Married,Research & Development,Manufacturing Director,12,3,Medical,Travel_Rarely,No,7823.0,22.0,1.0,4.0,2.0,2.0,4.0,2.0,2.0,Yes,1,6,2,1.0,4,1.0,0,19,1,0,0,0
101295,E101295,42,Male,Married,Research & Development,Research Scientist,7,2,Marketing,Travel_Frequently,Yes,11438.0,25.0,3.0,3.0,3.0,3.0,1.0,3.0,1.0,No,3,5,2,1.0,1,1.0,7,9,2,0,0,0
101296,E101296,56,Male,Divorced,Sales,Sales Executive,27,4,Medical,Travel_Rarely,No,21082.0,17.0,0.0,3.0,1.0,1.0,3.0,3.0,4.0,No,5,21,17,6.0,8,0.0,9,23,5,0,0,1
101297,E101297,52,Female,Single,Sales,Sales Executive,23,2,Human Resources,Travel_Rarely,No,6090.0,19.0,3.0,3.0,4.0,3.0,4.0,3.0,1.0,No,1,1,0,0.0,0,0.0,4,3,5,0,0,0
101298,E101298,20,Female,Married,Human Resources,Human Resources,7,1,Technical Degree,Travel_Rarely,No,21397.0,25.0,0.0,3.0,1.0,2.0,3.0,3.0,3.0,No,5,4,3,1.0,2,0.0,5,7,3,0,0,0
101299,E101299,54,Male,Single,Sales,Manager,10,4,Human Resources,Travel_Rarely,No,13970.0,16.0,1.0,3.0,4.0,3.0,4.0,4.0,1.0,No,3,7,5,1.0,1,0.0,8,8,1,0,0,0
101300,E101300,47,Unknown,Single,Sales,Manager,16,3,Life Sciences,Travel_Rarely,No,17003.0,12.0,0.0,3.0,2.0,4.0,4.0,1.0,2.0,No,5,2,1,0.0,1,0.0,9,8,4,0,0,0
101301,E101301,55,Male,Married,Research & Development,Research Scientist,26,5,Human Resources,Travel_Rarely,No,12468.0,16.0,3.0,3.0,1.0,2.0,2.0,1.0,3.0,No,3,2,1,1.0,1,0.0,7,13,2,0,0,0
101302,E101302,51,Male,Married,Research & Development,Manufacturing Director,8,5,Medical,Travel_Rarely,No,19946.0,25.0,3.0,3.0,1.0,1.0,3.0,1.0,3.0,No,5,10,2,2.0,5,1.0,2,22,6,0,0,0
101303,E101303,29,Male,Single,Research & Development,Healthcare Representative,9,1,Marketing,Travel_Rarely,No,16902.0,18.0,2.0,3.0,4.0,4.0,3.0,2.0,3.0,Yes,5,2,1,0.0,1,1.0,4,5,1,0,0,0
101304,E101304,36,Male,Single,Sales,Sales Executive,9,2,Technical Degree,Travel_Rarely,Yes,9732.0,16.0,2.0,4.0,3.0,3.0,1.0,3.0,3.0,No,2,4,3,0.0,0,4.0,3,8,6,0,0,0
101305,E101305,54,Male,Single,Sales,Manager,2,1,Human Resources,Non-Travel,No,9551.0,19.0,0.0,3.0,4.0,1.0,1.0,3.0,4.0,No,1,11,10,5.0,5,2.0,0,22,3,0,0,0
101306,E101306,34,Female,Divorced,Sales,Sales Executive,13,5,Human Resources,Travel_Rarely,No,20268.0,25.0,0.0,3.0,2.0,4.0,3.0,4.0,3.0,No,5,1,0,0.0,0,0.0,4,14,0,0,0,0
101307,E101307,27,Male,Divorced,Sales,Sales Representative,13,3,Marketing,Travel_Rarely,No,19113.0,14.0,2.0,3.0,3.0,3.0,2.0,4.0,3.0,No,4,20,13,2.0,12,0.0,9,21,5,0,0,0
101308,E101308,29,Male,Single,Research & Development,Laboratory Technician,23,5,Technical Degree,Travel_Rarely,Yes,10780.0,13.0,1.0,4.0,1.0,4.0,2.0,3.0,3.0,Yes,2,6,2,2.0,2,1.0,6,11,4,0,0,0
101309,E101309,33,Male,Single,Research & Development,Manufacturing Director,23,4,Other,Travel_Rarely,Yes,7756.0,21.0,2.0,3.0,1.0,2.0,4.0,1.0,2.0,Yes,1,3,1,0.0,1,1.0,0,11,5,0,0,0
101310,E101310,41,Male,Divorced,Sales,Sales Executive,4,5,Human Resources,Travel_Frequently,Yes,9128.0,15.0,1.0,3.0,1.0,1.0,1.0,1.0,2.0,No,2,2,1,1.0,0,1.0,3,9,1,0,0,0
101311,E101311,36,Male,Divorced,Research & Development,Laboratory Technician,25,5,Human Resources,Travel_Rarely,No,8975.0,13.0,0.0,3.0,2.0,4.0,1.0,3.0,3.0,Yes,1,15,14,3.0,5,1.0,5,22,1,0,0,0
101312,E101312,25,Female,Married,Research & Development,Manufacturing Director,24,4,Other,Travel_Rarely,Yes,13751.0,21.0,0.0,4.0,1.0,2.0,1.0,2.0,4.0,No,3,1,0,0.0,0,0.0,8,2,0,0,0,0
101313,E101313,48,Male,Single,Human Resources,Human Resources,12,2,Medical,Travel_Rarely,No,18299.0,22.0,3.0,3.0,1.0,3.0,4.0,1.0,1.0,No,5,1,0,0.0,0,0.0,7,15,2,0,0,0
101314,E101314,38,Male,Single,Human Resources,Human Resources,17,5,Medical,Travel_Rarely,No,15054.0,12.0,3.0,3.0,3.0,2.0,2.0,3.0,4.0,No,4,1,0,0.0,0,0.0,1,4,6,0,0,0
101315,E101315,34,Female,Married,Research & Development,Manager,2,1,Life Sciences,Travel_Rarely,No,11250.0,12.0,1.0,3.0,2.0,3.0,1.0,3.0,3.0,No,2,1,0,0.0,0,0.0,2,8,6,0,0,0
101316,E101316,40,Female,Married,Sales,Sales Representative,13,5,Marketing,Travel_Rarely,No,11341.0,14.0,1.0,3.0,1.0,1.0,4.0,4.0,3.0,No,2,3,2,1.0,1,1.0,9,13,6,0,0,0
101317,E101317,54,Female,Single,Sales,Manager,29,1,Technical Degree,Travel_Rarely,No,10787.0,13.0,2.0,3.0,3.0,2.0,3.0,4.0,4.0,No,2,22,11,2.0,12,1.0,4,22,0,0,0,0
101318,E101318,33,Male,Married,Research & Development,Laboratory Technician,18,4,Human Resources,Non-Travel,No,11149.0,19.0,1.0,3.0,1.0,2.0,2.0,3.0,3.0,Yes,2,10,9,3.0,8,0.0,6,17,6,0,0,0
101319,E101319,23,Female,Single,Sales,Manager,28,5,Human Resources,Travel_Frequently,Yes,18318.0,24.0,0.0,3.0,3.0,3.0,3.0,2.0,1.0,No,5,1,0,0.0,0,1.0,2,3,2,0,0,0
101320,E101320,25,Unknown,Divorced,Research & Development,Research Scientist,28,4,Life Sciences,Travel_Rarely,No,6759.0,17.0,0.0,3.0,1.0,4.0,1.0,3.0,2.0,No,1,2,1,0.0,0,0.0,6,9,1,0,0,0
101321,E101321,42,Male,Single,Research & Development,Laboratory Technician,27,4,Human Resources,Travel_Frequently,No,18844.0,16.0,0.0,3.0,2.0,3.0,4.0,1.0,1.0,No,5,5,3,1.0,2,0.0,4,10,0,0,0,0
101322,E101322,35,Male,Single,Research & Development,Laboratory Technician,15,2,Marketing,Travel_Rarely,No,11971.0,20.0,3.0,3.0,4.0,4.0,2.0,2.0,1.0,No,3,0,0,0.0,0,0.0,9,6,5,0,0,0
101323,E101323,42,Unknown,Married,Research & Development,Healthcare Representative,8,5,Life Sciences,Travel_Frequently,No,20606.0,22.0,1.0,3.0,2.0,3.0,1.0,2.0,1.0,Yes,5,8,7,2.0,4,0.0,5,9,6,0,0,0
101324,E101324,29,Male,Married,Research & Development,Laboratory Technician,15,1,Marketing,Travel_Rarely,No,23166.0,18.0,1.0,3.0,3.0,1.0,2.0,4.0,4.0,No,5,10,5,1.0,8,0.0,5,24,5,0,0,0
101325,E101325,32,Unknown,Divorced,Research & Development,Manager,1,1,Life Sciences,Travel_Rarely,No,14658.0,19.0,3.0,3.0,1.0,4.0,4.0,3.0,4.0,Yes,3,9,4,2.0,7,0.0,3,9,6,0,0,0
101326,E101326,43,Female,Married,Research & Development,Manufacturing Director,20,5,Human Resources,Travel_Rarely,No,17340.0,13.0,3.0,3.0,2.0,2.0,4.0,4.0,1.0,Yes,5,2,1,0.0,1,1.0,7,7,1,0,0,0
101327,E101327,58,Female,Single,Sales,Sales Executive,10,2,Life Sciences,Travel_Rarely,Yes,8094.0,22.0,3.0,4.0,1.0,4.0,1.0,1.0,4.0,Yes,1,3,1,0.0,2,0.0,8,14,0,0,0,0
101328,E101328,43,Female,Married,Research & Development,Manager,12,2,Medical,Travel_Frequently,Yes,14396.0,20.0,0.0,4.0,2.0,3.0,2.0,4.0,3.0,Yes,4,0,0,0.0,0,2.0,1,2,1,0,0,0
101329,E101329,49,Male,Single,Sales,Manager,5,2,Technical Degree,Travel_Rarely,No,12423.0,17.0,1.0,3.0,3.0,3.0,4.0,1.0,2.0,No,3,2,0,0.0,1,1.0,8,5,5,0,0,0
101330,E101330,27,Female,Divorced,Research & Development,Manager,9,1,Human Resources,Travel_Rarely,No,11988.0,19.0,2.0,3.0,4.0,4.0,2.0,3.0,4.0,Yes,2,3,1,0.0,1,0.0,3,15,5,0,0,0
101331,E101331,33,Male,Married,Research & Development,Manager,23,4,Other,Travel_Frequently,No,8581.0,11.0,2.0,4.0,2.0,2.0,2.0,3.0,4.0,Yes,1,11,10,2.0,8,2.0,5,25,1,0,0,0
101332,E101332,24,Female,Married,Research & Development,Manager,8,2,Technical Degree,Travel_Frequently,No,15982.0,20.0,1.0,3.0,1.0,1.0,3.0,4.0,1.0,Yes,4,11,9,3.0,5,1.0,6,19,6,0,0,0
101333,E101333,34,Male,Single,Research & Development,Research Scientist,16,1,Human Resources,Non-Travel,No,7057.0,19.0,1.0,3.0,1.0,2.0,1.0,4.0,2.0,No,1,16,8,6.0,3,0.0,3,18,1,0,0,1
101334,E101334,40,Female,Married,Research & Development,Healthcare Representative,14,1,Technical Degree,Travel_Rarely,No,6963.0,24.0,3.0,3.0,1.0,4.0,1.0,4.0,3.0,No,1,10,7,2.0,8,0.0,7,11,3,0,0,0
101335,E101335,43,Male,Divorced,Research & Development,Laboratory Technician,27,4,Medical,Travel_Rarely,No,9730.0,17.0,3.0,3.0,3.0,3.0,2.0,1.0,3.0,No,2,0,0,0.0,0,0.0,9,1,0,0,0,0
101336,E101336,38,Female,Divorced,Sales,Manager,25,5,Technical Degree,Non-Travel,No,18409.0,20.0,0.0,3.0,3.0,2.0,3.0,2.0,2.0,No,4,5,1,2.0,4,1.0,7,6,3,0,0,0
101337,E101337,39,Female,Single,Research & Development,Manager,13,5,Life Sciences,Travel_Frequently,Yes,6843.0,24.0,3.0,4.0,4.0,3.0,2.0,2.0,3.0,No,1,0,0,0.0,0,1.0,0,5,1,0,0,0
101338,E101338,24,Male,Single,Research & Development,Laboratory Technician,23,2,Technical Degree,Travel_Rarely,Yes,10173.0,14.0,1.0,3.0,1.0,3.0,1.0,4.0,2.0,No,2,1,0,0.0,0,0.0,7,2,4,0,0,0
101339,E101339,31,Male,Divorced,Research & Development,Laboratory Technician,21,2,Human Resources,Travel_Rarely,Yes,14804.0,23.0,0.0,3.0,4.0,2.0,1.0,4.0,1.0,No,3,4,1,1.0,0,1.0,9,14,5,0,0,0
101340,E101340,32,Female,Divorced,Human Resources,Human Resources,13,4,Other,Travel_Frequently,No,11566.0,25.0,2.0,3.0,1.0,4.0,2.0,3.0,3.0,Yes,2,6,2,1.0,4,0.0,2,12,2,0,0,0
101341,E101341,24,Male,Single,Sales,Manager,5,2,Other,Travel_Rarely,No,17300.0,21.0,1.0,4.0,2.0,2.0,2.0,4.0,3.0,No,5,5,4,0.0,0,0.0,4,11,0,0,0,0
101342,E101342,26,Female,Married,Research & Development,Laboratory Technician,16,4,Marketing,Travel_Frequently,No,10860.0,22.0,2.0,3.0,2.0,1.0,2.0,3.0,2.0,No,2,0,0,0.0,0,1.0,9,6,0,0,0,0
101343,E101343,25,Male,Married,Research & Development,Manufacturing Director,26,1,Technical Degree,Travel_Rarely,No,10134.0,16.0,1.0,4.0,2.0,3.0,1.0,1.0,3.0,No,2,0,0,0.0,0,0.0,7,13,5,0,0,0
101344,E101344,40,Male,Divorced,Human Resources,Manager,11,2,Other,Travel_Frequently,No,11647.0,21.0,1.0,3.0,1.0,3.0,2.0,1.0,4.0,No,2,0,0,0.0,0,1.0,5,12,2,0,0,0
101345,E101345,46,Male,Single,Sales,Sales Representative,22,1,Technical Degree,Travel_Rarely,Yes,13611.0,21.0,0.0,3.0,2.0,4.0,2.0,1.0,1.0,Yes,1,0,0,0.0,0,0.0,3,1,3,1,0,0
101346,E101346,35,Male,Single,Research & Development,Manager,5,3,Other,Non-Travel,No,17054.0,16.0,0.0,3.0,1.0,3.0,4.0,1.0,3.0,No,4,0,0,0.0,0,0.0,3,6,2,0,0,0
101347,E101347,48,Female,Married,Research & Development,Research Scientist,13,4,Technical Degree,Travel_Rarely,No,11328.0,16.0,3.0,4.0,4.0,3.0,1.0,4.0,3.0,No,2,5,2,0.0,1,1.0,3,14,4,0,0,0
101348,E101348,47,Male,Single,Sales,Sales Representative,28,3,Human Resources,Travel_Rarely,No,12295.0,25.0,1.0,3.0,3.0,3.0,2.0,4.0,3.0,Yes,2,8,2,3.0,5,1.0,5,15,1,0,0,0
101349,E101349,56,Male,Married,Research & Development,Healthcare Representative,11,2,Technical Degree,Travel_Rarely,No,21159.0,12.0,1.0,4.0,2.0,2.0,3.0,3.0,2.0,Yes,5,2,0,0.0,0,0.0,6,9,2,0,0,0
101350,E101350,52,Male,Married,Research & Development,Manufacturing Director,25,1,Human Resources,Travel_Rarely,Yes,19932.0,15.0,0.0,3.0,1.0,3.0,1.0,4.0,1.0,No,5,5,4,1.0,1,0.0,4,18,6,0,0,0
101351,E101351,35,Male,Married,Research & Development,Manufacturing Director,19,2,Human Resources,Travel_Rarely,No,12551.0,17.0,2.0,3.0,1.0,2.0,2.0,3.0,1.0,Yes,3,1,0,0.0,0,0.0,9,2,2,0,0,0
101352,E101352,59,Female,Married,Research & Development,Research Scientist,3,3,Marketing,Travel_Rarely,No,14149.0,16.0,3.0,3.0,4.0,4.0,2.0,1.0,3.0,Yes,3,18,4,3.0,13,1.0,7,22,1,0,0,0
101353,E101353,56,Female,Married,Research & Development,Research Scientist,15,2,Other,Travel_Rarely,No,18448.0,13.0,1.0,3.0,4.0,1.0,4.0,3.0,3.0,Yes,5,2,1,0.0,0,1.0,6,15,5,0,0,0
101354,E101354,34,Male,Single,Research & Development,Laboratory Technician,7,5,Life Sciences,Travel_Rarely,No,15698.0,21.0,0.0,3.0,3.0,3.0,4.0,3.0,2.0,Yes,4,9,8,0.0,8,0.0,7,14,0,0,0,0
101355,E101355,31,Female,Married,Research & Development,Manager,7,3,Human Resources,Travel_Rarely,No,13510.0,22.0,1.0,3.0,4.0,1.0,1.0,4.0,1.0,Yes,3,14,7,1.0,2,0.0,3,22,5,0,0,0
101356,E101356,48,Female,Divorced,Sales,Manager,6,2,Other,Travel_Rarely,No,17350.0,15.0,0.0,3.0,3.0,2.0,4.0,1.0,4.0,No,4,10,2,0.0,4,3.0,7,15,6,0,0,0
101357,E101357,41,Male,Married,Sales,Sales Executive,3,1,Medical,Travel_Rarely,No,21965.0,23.0,3.0,3.0,3.0,4.0,4.0,2.0,3.0,Yes,5,0,0,0.0,0,1.0,5,9,4,0,0,0
101358,E101358,52,Female,Single,Research & Development,Healthcare Representative,13,2,Technical Degree,Travel_Frequently,No,14946.0,18.0,2.0,3.0,4.0,4.0,1.0,4.0,4.0,No,3,5,4,0.0,3,2.0,2,10,5,0,0,0
101359,E101359,51,Male,Single,Research & Development,Manager,7,1,Medical,Travel_Rarely,Yes,8646.0,21.0,1.0,3.0,3.0,2.0,3.0,4.0,4.0,Yes,2,0,0,0.0,0,0.0,7,9,2,0,0,0
101360,E101360,20,Male,Single,Sales,Manager,5,5,Technical Degree,Travel_Rarely,Yes,17112.0,15.0,1.0,3.0,2.0,1.0,2.0,2.0,1.0,No,5,0,0,0.0,0,1.0,6,9,2,0,0,0
101361,E101361,54,Female,Married,Research & Development,Manufacturing Director,23,2,Marketing,Travel_Rarely,No,12726.0,22.0,3.0,3.0,3.0,3.0,2.0,1.0,4.0,No,3,0,0,0.0,0,0.0,9,14,0,0,0,0
101362,E101362,60,Male,Married,Research & Development,Manager,18,5,Human Resources,Travel_Rarely,No,16065.0,20.0,2.0,4.0,1.0,2.0,4.0,2.0,3.0,No,4,12,11,3.0,11,2.0,4,17,4,0,0,0
101363,E101363,57,Female,Married,Sales,Manager,22,3,Life Sciences,Travel_Rarely,No,15443.0,13.0,1.0,3.0,1.0,2.0,2.0,3.0,3.0,No,4,11,9,0.0,3,0.0,3,19,1,0,0,0
101364,E101364,43,Female,Single,Research & Development,Manager,8,1,Human Resources,Travel_Rarely,Yes,12854.0,19.0,3.0,3.0,1.0,2.0,4.0,2.0,2.0,No,3,1,0,0.0,0,1.0,0,10,1,0,0,0
101365,E101365,40,Male,Single,Sales,Manager,17,3,Technical Degree,Travel_Rarely,No,16811.0,21.0,1.0,3.0,4.0,2.0,1.0,1.0,1.0,No,4,3,1,0.0,2,0.0,9,9,3,0,0,0
101366,E101366,56,Female,Married,Human Resources,Manager,20,1,Life Sciences,Travel_Rarely,No,14225.0,13.0,1.0,3.0,1.0,2.0,1.0,1.0,1.0,No,3,15,10,6.0,12,1.0,2,15,4,0,0,0
101367,E101367,32,Male,Married,Research & Development,Manager,27,5,Human Resources,Travel_Rarely,No,12622.0,12.0,3.0,3.0,4.0,4.0,1.0,2.0,4.0,Yes,3,3,0,1.0,1,1.0,1,3,4,0,0,0
101368,E101368,21,Male,Single,Research & Development,Healthcare Representative,1,4,Life Sciences,Travel_Rarely,Yes,16272.0,16.0,3.0,3.0,1.0,2.0,2.0,4.0,3.0,No,4,2,0,0.0,1,2.0,7,15,2,0,0,0
101369,E101369,46,Female,Married,Sales,Sales Representative,14,2,Technical Degree,Travel_Rarely,No,6817.0,18.0,0.0,3.0,3.0,4.0,4.0,2.0,3.0,No,1,3,1,0.0,0,2.0,7,6,3,0,0,0
101370,E101370,39,Female,Single,Research & Development,Healthcare Representative,17,5,Marketing,Travel_Rarely,No,12538.0,16.0,0.0,3.0,4.0,1.0,4.0,3.0,2.0,No,2,7,4,2.0,5,1.0,4,21,1,0,0,0
101371,E101371,42,Male,Divorced,Research & Development,Manufacturing Director,10,1,Marketing,Travel_Frequently,No,19249.0,11.0,1.0,3.0,1.0,3.0,2.0,2.0,4.0,No,5,3,1,0.0,1,0.0,4,14,6,0,0,0
101372,E101372,30,Male,Divorced,Research & Development,Healthcare Representative,12,1,Human Resources,Travel_Rarely,No,8634.0,18.0,3.0,3.0,3.0,4.0,1.0,2.0,3.0,No,2,7,5,2.0,1,1.0,3,8,4,0,0,0
101373,E101373,35,Female,Single,Sales,Sales Representative,16,1,Medical,Travel_Frequently,Yes,17820.0,11.0,2.0,4.0,4.0,3.0,3.0,2.0,1.0,Yes,5,2,1,0.0,0,1.0,0,4,4,0,0,0
101374,E101374,50,Female,Single,Research & Development,Manager,14,1,Technical Degree,Travel_Rarely,No,17770.0,19.0,2.0,3.0,3.0,3.0,4.0,3.0,2.0,No,5,1,0,0.0,0,0.0,0,12,0,0,0,0
101375,E101375,33,Female,Married,Research & Development,Research Scientist,27,2,Human Resources,Travel_Frequently,No,9644.0,18.0,1.0,3.0,3.0,3.0,4.0,2.0,1.0,No,2,1,0,0.0,0,0.0,5,7,1,0,0,0
101376,E101376,59,Male,Single,Research & Development,Healthcare Representative,16,3,Human Resources,Travel_Rarely,No,12250.0,16.0,0.0,3.0,3.0,4.0,2.0,4.0,2.0,No,3,0,0,0.0,0,1.0,3,13,0,0,0,0
101377,E101377,19,Male,Married,Research & Development,Research Scientist,8,4,Marketing,Travel_Rarely,No,16197.0,25.0,3.0,3.0,4.0,4.0,3.0,3.0,1.0,No,4,3,1,1.0,2,1.0,3,9,3,0,0,0
101378,E101378,52,Male,Divorced,Research & Development,Healthcare Representative,23,2,Life Sciences,Travel_Rarely,No,6652.0,12.0,3.0,3.0,4.0,4.0,1.0,4.0,4.0,No,1,0,0,0.0,0,0.0,2,13,4,0,0,0
101379,E101379,59,Female,Married,Research & Development,Healthcare Representative,28,1,Technical Degree,Travel_Rarely,Yes,8551.0,23.0,0.0,3.0,2.0,1.0,4.0,3.0,3.0,Yes,1,8,1,3.0,5,0.0,8,19,3,0,0,0
101380,E101380,51,Male,Divorced,Sales,Sales Executive,10,2,Life Sciences,Travel_Rarely,No,5304.0,19.0,3.0,3.0,2.0,4.0,2.0,1.0,1.0,No,1,2,1,0.0,0,1.0,2,4,5,0,0,0
101381,E101381,47,Male,Married,Research & Development,Manufacturing Director,29,5,Other,Travel_Frequently,Yes,11363.0,18.0,1.0,3.0,2.0,1.0,3.0,1.0,4.0,No,2,7,1,3.0,4,1.0,7,19,0,0,0,0
101382,E101382,30,Female,Single,Sales,Sales Representative,17,1,Other,Travel_Rarely,No,9747.0,23.0,3.0,4.0,2.0,4.0,2.0,3.0,1.0,No,2,15,6,1.0,2,0.0,1,16,1,0,0,0
101383,E101383,30,Male,Married,Research & Development,Laboratory Technician,27,4,Technical Degree,Travel_Rarely,No,12635.0,14.0,3.0,3.0,4.0,4.0,3.0,3.0,4.0,No,3,9,5,2.0,3,0.0,3,23,4,0,0,0
101384,E101384,35,Female,Married,Sales,Sales Representative,29,1,Medical,Travel_Frequently,No,9930.0,12.0,0.0,4.0,2.0,3.0,2.0,3.0,2.0,No,1,15,9,7.0,9,2.0,0,27,5,0,0,0
101385,E101385,49,Female,Married,Research & Development,Manufacturing Director,18,4,Other,Travel_Frequently,No,14741.0,23.0,0.0,4.0,1.0,2.0,3.0,1.0,4.0,No,3,4,2,0.0,3,1.0,4,16,5,0,0,0
101386,E101386,49,Female,Single,Sales,Sales Executive,20,4,Marketing,Travel_Rarely,No,5014.0,24.0,2.0,3.0,2.0,3.0,4.0,3.0,1.0,No,1,0,0,0.0,0,0.0,1,0,1,0,0,0
101387,E101387,52,Male,Single,Research & Development,Laboratory Technician,16,3,Medical,Travel_Frequently,No,13611.0,,,,,,,,,,2,13,4,5.0,12,0.0,0,21,3,1,0,0
101388,E101388,56,Male,Divorced,Research & Development,Research Scientist,17,3,Human Resources,Non-Travel,No,18168.0,16.0,0.0,4.0,1.0,2.0,1.0,1.0,2.0,Yes,4,10,3,2.0,8,1.0,0,19,5,0,0,0
101389,E101389,46,Female,Single,Sales,Manager,16,2,Other,Non-Travel,No,16487.0,11.0,0.0,3.0,3.0,2.0,4.0,3.0,2.0,No,4,9,8,2.0,2,0.0,1,11,2,0,0,0
101390,E101390,46,Female,Divorced,Sales,Sales Representative,19,2,Marketing,Non-Travel,No,16451.0,17.0,0.0,3.0,3.0,1.0,1.0,3.0,4.0,No,4,5,2,2.0,2,0.0,4,13,1,0,0,0
101391,E101391,33,Female,Divorced,Sales,Manager,24,4,Human Resources,Travel_Rarely,No,19487.0,11.0,3.0,4.0,3.0,2.0,4.0,3.0,1.0,No,4,4,1,0.0,2,0.0,8,18,5,0,0,0
101392,E101392,27,Male,Divorced,Research & Development,Manager,24,1,Medical,Non-Travel,Yes,18637.0,25.0,1.0,3.0,2.0,1.0,3.0,1.0,4.0,Yes,5,0,0,0.0,0,0.0,5,14,1,0,0,0
101393,E101393,47,Female,Married,Research & Development,Laboratory Technician,8,5,Technical Degree,Non-Travel,No,6573.0,23.0,1.0,3.0,4.0,3.0,4.0,2.0,2.0,No,1,6,1,2.0,5,0.0,3,9,1,0,0,0
101394,E101394,42,Female,Married,Research & Development,Manager,6,5,Human Resources,Travel_Rarely,No,16109.0,16.0,3.0,3.0,1.0,1.0,2.0,3.0,3.0,No,4,0,0,0.0,0,0.0,2,14,4,0,0,0
101395,E101395,56,Female,Divorced,Sales,Sales Representative,6,1,Unknown,Travel_Rarely,No,21302.0,15.0,3.0,3.0,4.0,4.0,3.0,2.0,4.0,No,5,1,0,0.0,0,1.0,7,10,3,0,0,0
101396,E101396,37,Female,Single,Research & Development,Manufacturing Director,21,1,Technical Degree,Travel_Rarely,No,22026.0,22.0,0.0,3.0,4.0,2.0,2.0,2.0,1.0,No,5,4,3,1.0,3,0.0,2,9,3,0,0,0
101397,E101397,22,Female,Married,Research & Development,Manufacturing Director,29,3,Technical Degree,Non-Travel,No,22430.0,20.0,2.0,3.0,2.0,4.0,2.0,2.0,4.0,No,5,3,2,1.0,1,0.0,0,15,4,0,0,0
101398,E101398,18,Female,Married,Research & Development,Healthcare Representative,9,5,Medical,Travel_Rarely,Yes,13611.0,24.0,2.0,3.0,4.0,2.0,2.0,4.0,4.0,No,3,0,0,0.0,0,1.0,3,6,1,1,0,0
101399,E101399,47,Male,Married,Research & Development,Healthcare Representative,4,4,Unknown,Travel_Rarely,No,16204.0,13.0,1.0,4.0,4.0,2.0,2.0,2.0,4.0,No,3,8,4,3.0,5,0.0,4,17,1,0,0,1
101400,E101400,20,Male,Married,Sales,Manager,26,2,Marketing,Travel_Rarely,No,22517.0,16.0,2.0,3.0,3.0,3.0,1.0,2.0,3.0,No,5,10,2,0.0,8,2.0,4,23,2,0,0,0
101401,E101401,31,Male,Married,Sales,Manager,12,3,Marketing,Travel_Frequently,No,17742.0,14.0,0.0,3.0,3.0,1.0,3.0,1.0,1.0,Yes,4,5,1,1.0,4,0.0,4,10,5,0,0,0
101402,E101402,47,Male,Married,Sales,Sales Executive,28,5,Life Sciences,Travel_Frequently,No,13611.0,24.0,3.0,3.0,1.0,3.0,2.0,4.0,1.0,No,1,3,1,1.0,1,0.0,7,3,1,1,0,0
101403,E101403,21,Male,Divorced,Sales,Manager,12,1,Technical Degree,Travel_Rarely,No,9730.0,22.0,1.0,4.0,1.0,1.0,1.0,1.0,2.0,No,2,16,6,5.0,13,1.0,7,21,5,0,0,0
101404,E101404,35,Male,Single,Sales,Sales Executive,23,5,Life Sciences,Travel_Rarely,No,13834.0,16.0,1.0,3.0,3.0,3.0,4.0,1.0,2.0,No,3,0,0,0.0,0,1.0,3,10,0,0,0,0
101405,E101405,54,Male,Divorced,Sales,Manager,17,4,Life Sciences,Travel_Frequently,Yes,18840.0,14.0,3.0,3.0,2.0,3.0,2.0,2.0,4.0,No,4,6,4,0.0,3,0.0,8,19,5,0,0,0
101406,E101406,42,Male,Married,Research & Development,Manager,15,3,Medical,Travel_Rarely,No,17893.0,25.0,2.0,4.0,2.0,2.0,2.0,1.0,2.0,Yes,4,0,0,0.0,0,1.0,0,5,1,0,0,0
101407,E101407,18,Female,Divorced,Human Resources,Manager,9,1,Life Sciences,Travel_Rarely,Yes,10727.0,11.0,1.0,3.0,1.0,3.0,1.0,3.0,1.0,Yes,2,2,1,0.0,1,0.0,4,6,2,0,0,0
101408,E101408,32,Female,Married,Research & Development,Healthcare Representative,7,4,Life Sciences,Travel_Rarely,No,10606.0,15.0,3.0,4.0,3.0,3.0,4.0,2.0,4.0,No,2,4,0,0.0,2,0.0,4,6,0,0,0,0
101409,E101409,26,Male,Married,Research & Development,Manufacturing Director,10,2,Human Resources,Travel_Rarely,No,19386.0,18.0,3.0,4.0,2.0,1.0,4.0,3.0,2.0,No,4,6,2,1.0,3,0.0,4,15,2,0,0,0
101410,E101410,32,Female,Single,Research & Development,Manufacturing Director,16,3,Unknown,Travel_Rarely,Yes,9242.0,16.0,2.0,4.0,4.0,3.0,1.0,2.0,3.0,Yes,2,0,0,0.0,0,1.0,7,2,5,0,0,0
101411,E101411,41,Male,Divorced,Sales,Sales Executive,12,4,Marketing,Travel_Rarely,No,14161.0,20.0,2.0,3.0,1.0,2.0,2.0,2.0,2.0,No,4,1,0,0.0,0,1.0,8,11,2,0,0,0
101412,E101412,21,Male,Single,Research & Development,Healthcare Representative,25,4,Technical Degree,Travel_Rarely,Yes,8823.0,19.0,0.0,3.0,1.0,3.0,3.0,2.0,3.0,No,2,3,0,0.0,0,0.0,2,12,5,0,0,0
101413,E101413,29,Male,Divorced,Sales,Sales Executive,7,1,Marketing,Travel_Rarely,Yes,10843.0,14.0,2.0,3.0,4.0,4.0,1.0,4.0,2.0,No,2,3,0,0.0,1,3.0,8,15,3,0,0,0
101414,E101414,54,Male,Divorced,Research & Development,Laboratory Technician,18,2,Other,Travel_Frequently,No,16297.0,20.0,2.0,3.0,4.0,4.0,3.0,2.0,1.0,No,4,5,3,1.0,3,0.0,7,11,5,0,0,0
101415,E101415,54,Female,Single,Research & Development,Manager,15,4,Technical Degree,Travel_Rarely,No,19175.0,19.0,3.0,3.0,1.0,1.0,2.0,3.0,2.0,No,5,1,0,0.0,0,2.0,2,8,4,0,0,0
101416,E101416,60,Female,Single,Human Resources,Manager,6,3,Human Resources,Travel_Rarely,No,16705.0,18.0,1.0,4.0,4.0,1.0,2.0,2.0,3.0,Yes,4,3,2,1.0,2,0.0,1,16,2,0,0,0
101417,E101417,23,Male,Married,Sales,Sales Representative,26,4,Marketing,Travel_Rarely,No,6819.0,13.0,3.0,3.0,2.0,4.0,4.0,2.0,3.0,No,1,1,0,0.0,0,1.0,3,3,1,0,0,0
101418,E101418,56,Male,Single,Sales,Sales Representative,12,5,Human Resources,Travel_Rarely,No,8868.0,24.0,0.0,3.0,1.0,3.0,2.0,1.0,2.0,No,2,1,0,0.0,0,0.0,1,3,3,0,0,0
101419,E101419,41,Male,Divorced,Human Resources,Human Resources,11,3,Marketing,Travel_Rarely,No,14721.0,16.0,3.0,3.0,2.0,3.0,4.0,2.0,4.0,No,3,4,2,2.0,3,0.0,3,10,6,0,0,0
101420,E101420,28,Male,Single,Sales,Sales Executive,20,3,Marketing,Travel_Rarely,Yes,11858.0,14.0,0.0,3.0,1.0,1.0,4.0,2.0,3.0,Yes,2,5,3,0.0,0,1.0,4,14,0,0,0,0
101421,E101421,30,Unknown,Single,Research & Development,Laboratory Technician,3,4,Human Resources,Travel_Rarely,No,7018.0,11.0,2.0,4.0,2.0,2.0,2.0,2.0,1.0,No,1,0,0,0.0,0,0.0,1,11,5,0,0,0
101422,E101422,51,Male,Divorced,Research & Development,Manager,2,1,Life Sciences,Travel_Rarely,No,12615.0,19.0,1.0,3.0,3.0,3.0,4.0,2.0,2.0,No,3,0,0,0.0,0,2.0,7,6,4,0,0,0
101423,E101423,42,Female,Married,Research & Development,Laboratory Technician,6,3,Life Sciences,Travel_Rarely,No,14859.0,14.0,1.0,3.0,2.0,4.0,2.0,2.0,3.0,No,3,4,2,0.0,0,0.0,0,14,3,0,0,0
101424,E101424,24,Female,Divorced,Human Resources,Human Resources,24,5,Unknown,Travel_Frequently,No,17401.0,21.0,3.0,3.0,4.0,2.0,4.0,2.0,2.0,Yes,4,1,0,0.0,0,1.0,2,9,2,0,0,0
101425,E101425,21,Male,Married,Human Resources,Manager,22,1,Other,Travel_Frequently,Yes,19255.0,24.0,1.0,3.0,3.0,2.0,4.0,4.0,2.0,No,5,2,0,0.0,0,0.0,6,15,6,0,0,0
101426,E101426,25,Female,Married,Sales,Sales Executive,25,1,Life Sciences,Travel_Rarely,No,14215.0,15.0,0.0,3.0,1.0,3.0,2.0,3.0,4.0,Yes,4,2,0,0.0,1,0.0,9,7,6,0,0,0
101427,E101427,37,Male,Married,Research & Development,Manufacturing Director,5,1,Unknown,Travel_Frequently,No,12807.0,13.0,0.0,3.0,2.0,2.0,3.0,4.0,2.0,No,3,0,0,0.0,0,1.0,0,14,3,0,0,0
101428,E101428,46,Male,Married,Research & Development,Healthcare Representative,18,3,Medical,Travel_Rarely,No,13611.0,14.0,2.0,3.0,1.0,1.0,1.0,3.0,2.0,No,3,0,0,0.0,0,0.0,1,12,1,1,0,0
101429,E101429,27,Male,Married,Research & Development,Healthcare Representative,16,1,Human Resources,Travel_Frequently,No,19049.0,23.0,3.0,3.0,3.0,2.0,2.0,4.0,2.0,No,5,9,4,0.0,8,0.0,2,15,1,0,0,0
101430,E101430,60,Female,Married,Sales,Sales Executive,8,4,Medical,Travel_Rarely,No,10046.0,19.0,2.0,3.0,4.0,1.0,4.0,2.0,1.0,No,2,6,3,1.0,4,0.0,1,16,1,0,0,0
101431,E101431,51,Female,Married,Research & Development,Manufacturing Director,25,1,Other,Travel_Rarely,No,21013.0,25.0,1.0,3.0,4.0,3.0,1.0,4.0,2.0,No,5,5,4,0.0,1,2.0,1,14,4,0,0,0
101432,E101432,43,Unknown,Single,Human Resources,Manager,26,5,Unknown,Travel_Rarely,Yes,17795.0,17.0,2.0,4.0,4.0,2.0,3.0,3.0,1.0,No,4,3,1,0.0,1,0.0,5,3,6,0,0,0
101433,E101433,58,Male,Married,Human Resources,Manager,20,2,Technical Degree,Travel_Frequently,No,10916.0,18.0,1.0,3.0,1.0,4.0,2.0,1.0,2.0,Yes,2,6,1,2.0,4,0.0,6,12,3,0,0,0
101434,E101434,20,Female,Single,Research & Development,Manager,22,5,Life Sciences,Travel_Rarely,Yes,19153.0,13.0,0.0,3.0,4.0,4.0,4.0,1.0,4.0,Yes,4,13,6,4.0,11,1.0,5,14,3,0,0,0
101435,E101435,23,Male,Married,Sales,Sales Executive,11,3,Other,Travel_Rarely,No,21509.0,25.0,3.0,3.0,4.0,1.0,4.0,2.0,4.0,No,5,5,3,1.0,2,0.0,5,11,6,0,0,0
101436,E101436,22,Female,Single,Research & Development,Laboratory Technician,10,1,Marketing,Travel_Frequently,No,9893.0,13.0,3.0,4.0,1.0,1.0,2.0,2.0,3.0,No,2,1,0,0.0,0,0.0,8,3,2,0,0,0
101437,E101437,22,Male,Married,Research & Development,Laboratory Technician,24,1,Life Sciences,Travel_Rarely,No,19425.0,25.0,2.0,4.0,1.0,3.0,4.0,3.0,2.0,Yes,5,4,2,1.0,2,0.0,7,12,0,0,0,0
101438,E101438,40,Male,Married,Research & Development,Manager,25,4,Life Sciences,Travel_Rarely,Yes,6992.0,24.0,1.0,3.0,3.0,2.0,1.0,1.0,4.0,No,1,2,1,0.0,1,0.0,7,14,1,0,0,0
101439,E101439,26,Male,Single,Research & Development,Manager,12,1,Medical,Non-Travel,No,14416.0,17.0,0.0,3.0,4.0,1.0,4.0,2.0,4.0,No,3,4,3,0.0,3,0.0,5,8,0,0,0,0
101440,E101440,52,Female,Single,Sales,Sales Representative,21,5,Technical Degree,Travel_Frequently,No,11193.0,18.0,1.0,3.0,3.0,1.0,1.0,4.0,2.0,No,2,3,0,1.0,0,0.0,4,9,6,0,0,0
101441,E101441,37,Male,Single,Research & Development,Healthcare Representative,28,3,Life Sciences,Travel_Frequently,Yes,13611.0,24.0,2.0,3.0,2.0,3.0,1.0,4.0,3.0,Yes,3,9,7,4.0,2,0.0,8,16,6,1,0,0
101442,E101442,59,Female,Married,Research & Development,Research Scientist,6,2,Human Resources,Travel_Frequently,No,6600.0,15.0,1.0,3.0,2.0,2.0,2.0,1.0,1.0,No,1,5,1,1.0,2,1.0,1,17,0,0,0,0
101443,E101443,52,Male,Divorced,Human Resources,Manager,27,1,Human Resources,Travel_Rarely,No,11247.0,11.0,0.0,3.0,2.0,2.0,4.0,3.0,4.0,No,2,1,0,0.0,0,0.0,6,12,1,0,0,0
101444,E101444,35,Female,Single,Research & Development,Healthcare Representative,20,2,Unknown,Travel_Rarely,No,11432.0,13.0,2.0,3.0,2.0,1.0,1.0,2.0,4.0,No,3,0,0,0.0,0,2.0,5,1,1,0,0,0
101445,E101445,34,Female,Married,Research & Development,Healthcare Representative,5,1,Medical,Travel_Rarely,No,11549.0,15.0,0.0,3.0,1.0,2.0,4.0,2.0,1.0,No,3,2,1,0.0,1,1.0,6,12,2,0,0,0
101446,E101446,41,Female,Married,Research & Development,Healthcare Representative,23,3,Medical,Travel_Rarely,Yes,9714.0,13.0,2.0,4.0,3.0,2.0,1.0,2.0,4.0,No,2,0,0,0.0,0,2.0,3,0,4,0,0,0
101447,E101447,20,Male,Married,Sales,Manager,9,5,Marketing,Travel_Rarely,No,13007.0,25.0,3.0,3.0,3.0,2.0,3.0,1.0,1.0,No,3,1,0,0.0,0,0.0,8,7,1,0,0,0
101448,E101448,49,Male,Divorced,Human Resources,Human Resources,26,3,Other,Travel_Rarely,No,14798.0,24.0,1.0,4.0,1.0,4.0,2.0,4.0,1.0,No,3,2,0,0.0,0,0.0,6,16,0,0,0,0
101449,E101449,52,Male,Married,Research & Development,Healthcare Representative,27,2,Other,Travel_Rarely,No,10951.0,11.0,0.0,3.0,2.0,2.0,2.0,3.0,3.0,No,2,2,1,0.0,0,1.0,1,7,6,0,0,0
101450,E101450,55,Female,Married,Research & Development,Manager,29,1,Other,Travel_Frequently,No,15165.0,17.0,0.0,3.0,3.0,4.0,2.0,1.0,1.0,No,3,19,8,10.0,9,1.0,3,24,2,0,0,0
101451,E101451,30,Male,Single,Research & Development,Manufacturing Director,16,2,Technical Degree,Non-Travel,No,12351.0,11.0,1.0,3.0,4.0,2.0,1.0,1.0,1.0,No,3,1,0,0.0,0,0.0,4,2,3,0,0,0
101452,E101452,42,Unknown,Single,Research & Development,Laboratory Technician,22,5,Medical,Travel_Rarely,No,14676.0,20.0,0.0,3.0,1.0,2.0,3.0,2.0,1.0,Yes,4,1,0,0.0,0,1.0,1,3,6,0,0,0
101453,E101453,26,Male,Single,Research & Development,Manufacturing Director,14,3,Marketing,Travel_Rarely,No,14744.0,23.0,0.0,3.0,1.0,2.0,1.0,4.0,1.0,Yes,4,0,0,0.0,0,0.0,9,3,2,0,0,1
101454,E101454,21,Male,Single,Research & Development,Manager,22,2,Human Resources,Travel_Rarely,No,6860.0,16.0,0.0,3.0,4.0,1.0,2.0,3.0,4.0,No,1,3,2,1.0,1,0.0,7,5,1,0,0,0
101455,E101455,31,Female,Married,Sales,Sales Executive,8,2,Other,Travel_Rarely,Yes,15184.0,16.0,3.0,4.0,2.0,1.0,1.0,3.0,1.0,Yes,4,0,0,0.0,0,1.0,0,1,6,0,0,0
101456,E101456,54,Male,Married,Research & Development,Manufacturing Director,27,5,Human Resources,Travel_Rarely,No,14402.0,24.0,0.0,3.0,2.0,4.0,2.0,2.0,4.0,No,4,4,2,1.0,0,1.0,2,6,5,0,0,0
101457,E101457,51,Female,Married,Sales,Sales Representative,20,1,Human Resources,Travel_Frequently,No,13611.0,,,,,,,,,,1,0,0,0.0,0,2.0,0,13,1,1,0,0
101458,E101458,28,Male,Single,Research & Development,Healthcare Representative,19,2,Life Sciences,Travel_Rarely,Yes,13072.0,22.0,1.0,3.0,4.0,4.0,1.0,4.0,2.0,No,3,4,0,0.0,2,0.0,4,9,4,0,0,0
101459,E101459,58,Male,Single,Sales,Manager,14,5,Technical Degree,Travel_Rarely,No,13872.0,21.0,3.0,4.0,3.0,2.0,4.0,2.0,1.0,Yes,3,8,7,4.0,6,0.0,7,16,2,0,0,0
101460,E101460,20,Male,Married,Research & Development,Research Scientist,7,1,Marketing,Travel_Rarely,No,16380.0,11.0,0.0,3.0,2.0,3.0,1.0,2.0,3.0,No,4,0,0,0.0,0,0.0,6,3,1,0,0,1
101461,E101461,45,Male,Divorced,Research & Development,Manager,5,1,Technical Degree,Travel_Rarely,Yes,6483.0,21.0,0.0,3.0,3.0,4.0,2.0,4.0,3.0,No,1,2,0,0.0,1,0.0,8,7,0,0,0,0
101462,E101462,46,Male,Single,Research & Development,Laboratory Technician,18,3,Life Sciences,Travel_Rarely,No,11127.0,13.0,0.0,3.0,4.0,1.0,4.0,3.0,4.0,No,3,3,2,0.0,1,0.0,1,3,0,0,0,0
101463,E101463,26,Female,Divorced,Research & Development,Manager,2,5,Marketing,Travel_Frequently,No,20708.0,22.0,3.0,3.0,4.0,3.0,1.0,4.0,4.0,No,5,7,5,0.0,5,1.0,7,18,2,0,1,0
101464,E101464,20,Male,Married,Research & Development,Research Scientist,11,1,Marketing,Travel_Rarely,No,11063.0,19.0,2.0,3.0,4.0,1.0,2.0,3.0,2.0,No,2,3,0,0.0,2,0.0,7,8,6,0,0,0
101465,E101465,42,Female,Married,Sales,Manager,22,3,Medical,Travel_Frequently,No,9606.0,12.0,2.0,3.0,2.0,3.0,1.0,3.0,4.0,No,2,4,1,1.0,2,0.0,5,15,4,0,0,0
101466,E101466,51,Male,Married,Research & Development,Healthcare Representative,8,4,Technical Degree,Travel_Rarely,Yes,10548.0,24.0,1.0,4.0,1.0,3.0,4.0,3.0,3.0,Yes,2,7,5,0.0,4,0.0,2,9,5,0,0,0
101467,E101467,29,Male,Single,Research & Development,Manager,1,5,Technical Degree,Travel_Rarely,Yes,17211.0,15.0,1.0,3.0,1.0,3.0,1.0,4.0,2.0,No,4,4,1,2.0,1,0.0,1,12,2,0,0,0
101468,E101468,59,Female,Single,Sales,Sales Representative,27,4,Medical,Travel_Frequently,Yes,10208.0,13.0,1.0,3.0,1.0,4.0,1.0,4.0,1.0,No,2,2,1,0.0,1,0.0,7,5,4,0,0,0
101469,E101469,26,Male,Married,Research & Development,Healthcare Representative,22,1,Human Resources,Travel_Rarely,No,8611.0,22.0,0.0,3.0,3.0,4.0,4.0,1.0,4.0,No,2,0,0,0.0,0,2.0,5,6,0,0,0,0
101470,E101470,32,Male,Married,Research & Development,Laboratory Technician,12,5,Life Sciences,Travel_Rarely,No,22173.0,22.0,2.0,3.0,4.0,1.0,2.0,4.0,1.0,Yes,5,6,2,0.0,3,0.0,3,9,1,0,0,0
101471,E101471,57,Male,Divorced,Research & Development,Manufacturing Director,2,3,Technical Degree,Travel_Rarely,No,15026.0,23.0,2.0,4.0,2.0,4.0,1.0,2.0,4.0,No,3,10,4,5.0,1,1.0,4,20,3,0,0,0
101472,E101472,42,Male,Married,Sales,Sales Representative,18,1,Medical,Travel_Rarely,No,23341.0,15.0,1.0,3.0,1.0,1.0,1.0,2.0,3.0,No,5,17,10,7.0,9,0.0,4,22,1,0,0,0
101473,E101473,22,Female,Single,Research & Development,Healthcare Representative,7,5,Unknown,Travel_Rarely,No,17019.0,17.0,2.0,3.0,1.0,2.0,3.0,2.0,4.0,No,4,13,6,5.0,9,2.0,8,26,0,0,0,0
101474,E101474,28,Male,Married,Sales,Manager,26,5,Other,Travel_Frequently,No,11211.0,11.0,1.0,3.0,3.0,1.0,3.0,2.0,3.0,No,2,7,5,0.0,4,2.0,8,13,5,0,1,0
101475,E101475,51,Female,Single,Sales,Sales Representative,17,4,Medical,Travel_Frequently,Yes,13900.0,13.0,0.0,3.0,3.0,1.0,2.0,1.0,3.0,Yes,3,5,4,2.0,2,1.0,7,6,6,0,0,0
101476,E101476,41,Female,Married,Human Resources,Manager,22,1,Other,Travel_Rarely,No,10487.0,21.0,2.0,3.0,1.0,4.0,4.0,4.0,1.0,No,2,7,4,3.0,2,0.0,7,16,0,0,0,0
101477,E101477,32,Male,Married,Research & Development,Manufacturing Director,23,3,Human Resources,Travel_Rarely,Yes,9400.0,23.0,0.0,3.0,4.0,1.0,2.0,4.0,4.0,No,2,2,1,0.0,0,0.0,1,7,1,0,0,0
101478,E101478,55,Female,Divorced,Research & Development,Laboratory Technician,14,3,Life Sciences,Travel_Frequently,No,17406.0,16.0,0.0,3.0,4.0,4.0,2.0,3.0,1.0,Yes,4,4,1,2.0,2,1.0,2,11,1,0,0,0
101479,E101479,25,Male,Divorced,Sales,Sales Representative,24,1,Other,Travel_Rarely,Yes,9500.0,17.0,2.0,4.0,3.0,1.0,2.0,4.0,3.0,Yes,2,2,1,0.0,0,0.0,7,16,5,0,0,1
101480,E101480,22,Female,Married,Research & Development,Research Scientist,7,1,Human Resources,Travel_Rarely,No,7773.0,20.0,3.0,4.0,3.0,2.0,1.0,3.0,3.0,No,1,1,0,0.0,0,0.0,4,13,5,0,0,0
101481,E101481,43,Male,Married,Research & Development,Research Scientist,22,2,Other,Travel_Rarely,No,12408.0,13.0,1.0,3.0,4.0,4.0,1.0,3.0,3.0,Yes,3,7,5,3.0,4,0.0,6,19,0,0,0,0
101482,E101482,35,Female,Divorced,Research & Development,Research Scientist,25,4,Marketing,Travel_Rarely,Yes,12827.0,14.0,2.0,3.0,3.0,4.0,2.0,2.0,3.0,No,3,3,0,1.0,2,2.0,7,17,1,0,0,0
101483,E101483,23,Male,Single,Research & Development,Research Scientist,29,1,Marketing,Non-Travel,No,7491.0,16.0,0.0,3.0,3.0,2.0,2.0,1.0,2.0,No,1,1,0,0.0,0,2.0,5,12,6,0,0,0
101484,E101484,54,Male,Single,Sales,Sales Executive,3,1,Marketing,Travel_Rarely,No,14089.0,15.0,1.0,3.0,4.0,4.0,3.0,1.0,3.0,No,4,1,0,0.0,0,1.0,4,6,3,0,0,0
101485,E101485,30,Female,Single,Research & Development,Research Scientist,27,2,Marketing,Travel_Frequently,No,11529.0,21.0,0.0,3.0,4.0,1.0,4.0,4.0,4.0,No,2,9,7,3.0,4,0.0,7,10,3,0,0,0
101486,E101486,45,Female,Single,Research & Development,Manufacturing Director,6,2,Medical,Travel_Rarely,No,10949.0,19.0,1.0,3.0,2.0,3.0,2.0,3.0,3.0,No,2,5,4,1.0,2,0.0,0,8,2,0,0,0
101487,E101487,22,Male,Married,Sales,Manager,20,5,Marketing,Travel_Frequently,No,12932.0,23.0,2.0,4.0,3.0,4.0,3.0,2.0,2.0,Yes,3,3,2,0.0,0,1.0,0,3,3,0,0,0
101488,E101488,30,Male,Married,Sales,Sales Executive,2,3,Marketing,Travel_Rarely,Yes,18868.0,22.0,0.0,3.0,3.0,3.0,2.0,3.0,4.0,No,4,2,1,1.0,1,1.0,0,16,0,0,0,0
101489,E101489,34,Female,Married,Sales,Manager,17,4,Medical,Travel_Rarely,No,18150.0,11.0,1.0,3.0,2.0,1.0,4.0,2.0,2.0,No,4,2,1,0.0,1,0.0,2,8,0,0,0,0
101490,E101490,57,Female,Single,Sales,Sales Executive,12,5,Marketing,Non-Travel,No,14975.0,25.0,1.0,3.0,3.0,2.0,2.0,3.0,2.0,No,4,0,0,0.0,0,0.0,9,7,2,0,0,0
101491,E101491,49,Female,Married,Research & Development,Laboratory Technician,12,1,Human Resources,Travel_Frequently,No,13611.0,23.0,2.0,3.0,3.0,4.0,4.0,4.0,4.0,No,2,3,2,1.0,1,0.0,5,12,6,1,0,0
101492,E101492,46,Female,Married,Research & Development,Manufacturing Director,17,2,Human Resources,Non-Travel,No,14771.0,15.0,1.0,3.0,1.0,3.0,1.0,4.0,2.0,Yes,4,7,1,2.0,6,0.0,5,8,4,0,0,0
101493,E101493,20,Female,Married,Sales,Manager,27,3,Technical Degree,Travel_Rarely,No,6837.0,21.0,1.0,4.0,1.0,2.0,4.0,3.0,3.0,No,1,2,1,0.0,0,1.0,4,11,6,0,0,0
101494,E101494,57,Female,Married,Sales,Manager,10,5,Human Resources,Travel_Rarely,Yes,13611.0,11.0,0.0,3.0,1.0,2.0,2.0,1.0,1.0,No,5,2,0,0.0,0,1.0,6,16,2,1,0,0
101495,E101495,51,Male,Married,Research & Development,Manager,3,3,Life Sciences,Travel_Rarely,No,16792.0,18.0,2.0,4.0,2.0,4.0,3.0,2.0,1.0,No,4,0,0,0.0,0,1.0,4,4,4,0,0,0
101496,E101496,57,Male,Single,Research & Development,Healthcare Representative,20,2,Life Sciences,Travel_Rarely,No,17232.0,17.0,2.0,3.0,3.0,3.0,1.0,1.0,1.0,No,5,3,1,0.0,1,2.0,1,13,4,0,0,0
101497,E101497,44,Female,Single,Research & Development,Manufacturing Director,18,5,Life Sciences,Travel_Rarely,No,9127.0,15.0,0.0,3.0,2.0,4.0,3.0,1.0,4.0,No,2,0,0,0.0,0,0.0,3,7,1,0,0,0
101498,E101498,30,Female,Divorced,Research & Development,Laboratory Technician,13,5,Medical,Travel_Frequently,No,17532.0,16.0,3.0,3.0,2.0,1.0,2.0,3.0,4.0,Yes,4,4,2,0.0,1,2.0,0,14,5,0,0,0
101499,E101499,50,Male,Divorced,Research & Development,Research Scientist,12,3,Human Resources,Travel_Rarely,No,12730.0,14.0,0.0,3.0,3.0,2.0,1.0,2.0,4.0,No,3,3,2,0.0,0,0.0,6,10,3,0,0,0
