EmployeeID,Age,Gender,MaritalStatus,Department,DistanceFromHome,Education,EducationField,JobRole,JobLevel,YearsAtCompany,YearsInCurrentRole,YearsSinceLastPromotion,YearsWithCurrManager,NumCompaniesWorked,TotalWorkingYears,ManagerChangesLast2Yrs,MonthlyIncome,PercentSalaryHike,StockOptionLevel,OverTime,BusinessTravel,EnvironmentSatisfaction,JobSatisfaction,RelationshipSatisfaction,WorkLifeBalance,JobInvolvement,PerformanceRating,TrainingTimesLastYear,Attrition
E100000,56,Female,Married,Research & Development,24,3,Other,Research Scientist,3,4,3,0,2,1,7,1,11577,13,0,No,Travel_Rarely,4,3,4,1,3,3,3,Yes
E100001,46,Female,Divorced,Sales,13,3,Medical,Sales Representative,2,1,0,0,0,0,13,0,11202,20,1,No,Travel_Rarely,1,4,4,1,2,3,5,No
E100002,32,Female,Married,Research & Development,26,3,Life Sciences,Healthcare Representative,1,8,3,2,4,6,11,0,6823,15,2,No,Travel_Rarely,3,2,3,4,3,4,2,No
E100003,60,Female,Married,Research & Development,29,1,Human Resources,Manager,5,0,0,0,0,0,12,0,17324,23,1,No,Travel_Frequently,1,4,4,1,4,3,4,No
E100004,25,Female,Married,Research & Development,19,4,Life Sciences,Manufacturing Director,3,5,3,0,2,2,8,0,14529,23,2,Yes,Travel_Rarely,4,3,1,2,4,3,6,No
E100005,38,Female,Single,Sales,17,2,Medical,Manager,3,0,0,0,0,3,2,0,12553,17,0,Yes,Travel_Rarely,4,1,3,2,2,3,0,No
E100006,56,Female,Married,Sales,11,3,Human Resources,Sales Representative,2,4,2,0,2,1,11,0,9702,18,1,No,Travel_Rarely,1,1,2,1,3,3,1,No
E100007,36,Female,Married,Research & Development,28,3,Human Resources,Healthcare Representative,4,9,8,1,4,6,12,0,15956,17,0,No,Travel_Rarely,4,1,1,4,2,3,1,Yes
E100008,40,Female,Single,Research & Development,28,1,Other,Healthcare Representative,5,7,3,0,1,4,14,0,18910,17,3,No,Non-Travel,1,4,2,3,3,3,5,No
E100009,28,Female,Married,Sales,8,2,Life Sciences,Sales Representative,4,6,4,1,2,0,14,1,16753,21,1,No,Travel_Frequently,1,2,4,3,1,3,3,No
E100010,28,Female,Married,Sales,23,4,Other,Sales Representative,3,3,2,0,1,7,3,0,11850,25,2,Yes,Travel_Rarely,2,1,3,1,2,4,3,Yes
E100011,41,Male,Divorced,Research & Development,29,5,Technical Degree,Laboratory Technician,4,11,6,1,5,9,25,2,18563,12,3,No,Travel_Frequently,4,1,1,3,2,3,2,No
E100012,53,Female,Divorced,Research & Development,5,1,Life Sciences,Research Scientist,1,4,3,2,3,6,7,0,7076,16,2,No,Travel_Rarely,4,1,3,4,3,4,3,No
E100013,57,Female,Single,Human Resources,10,4,Life Sciences,Human Resources,5,12,5,3,3,3,17,0,21615,15,3,No,Travel_Rarely,2,1,1,2,2,4,4,No
E100014,41,Male,Married,Research & Development,7,5,Technical Degree,Healthcare Representative,4,3,1,0,0,1,10,2,15482,21,2,No,Travel_Rarely,2,3,1,2,1,3,1,Yes
E100015,20,Female,Married,Research & Development,10,3,Medical,Healthcare Representative,1,3,2,1,1,6,16,0,7685,25,2,No,Travel_Rarely,2,3,1,4,3,3,2,No
E100016,39,Male,Divorced,Sales,4,3,Medical,Manager,2,1,0,0,0,1,6,1,10601,19,0,Yes,Travel_Rarely,3,2,3,3,3,3,6,Yes
E100017,19,Male,Single,Research & Development,9,2,Human Resources,Laboratory Technician,4,3,2,0,1,5,14,1,14780,22,3,No,Travel_Frequently,4,3,1,1,3,3,3,Yes
E100018,41,Female,Married,Research & Development,27,5,Marketing,Laboratory Technician,5,0,0,0,0,0,5,0,16683,20,0,Yes,Travel_Frequently,1,3,1,2,1,3,0,No
E100019,47,Male,Married,Research & Development,26,3,Other,Manager,1,10,5,5,3,6,19,0,8114,21,0,No,Non-Travel,1,3,3,3,1,3,1,No
E100020,55,Female,Single,Research & Development,14,3,Marketing,Laboratory Technician,4,5,2,2,3,6,8,0,16938,14,0,Yes,Non-Travel,1,4,2,3,2,3,2,No
E100021,19,Female,Single,Sales,2,2,Human Resources,Manager,2,25,6,11,20,3,33,0,11746,22,0,Yes,Travel_Rarely,4,3,4,2,3,3,1,No
E100022,38,Male,Married,Sales,25,4,Marketing,Manager,4,0,0,0,0,3,6,1,17198,17,2,Yes,Travel_Rarely,3,4,3,2,1,4,4,No
E100023,50,Male,Married,Research & Development,9,3,Life Sciences,Manufacturing Director,1,1,0,0,0,9,14,1,7703,21,0,Yes,Travel_Rarely,4,4,3,1,4,4,5,Yes
E100024,29,Male,Single,Sales,21,1,Life Sciences,Manager,4,10,4,4,4,4,20,0,19947,18,0,No,Non-Travel,4,3,1,4,2,3,3,No
E100025,39,Female,Married,Sales,27,1,Technical Degree,Sales Executive,5,2,0,0,1,1,7,0,17419,24,0,No,Travel_Rarely,4,4,3,3,1,4,5,No
E100026,42,Female,Married,Human Resources,1,4,Technical Degree,Manager,3,3,1,0,0,8,3,0,13399,16,2,No,Travel_Rarely,4,1,3,1,1,3,6,No
E100027,44,Female,Married,Research & Development,23,5,Human Resources,Manufacturing Director,1,9,8,0,6,9,10,1,6038,13,3,No,Travel_Frequently,4,2,4,2,1,3,3,No
E100028,59,Male,Single,Research & Development,10,2,Human Resources,Laboratory Technician,1,3,2,1,1,3,14,0,7524,21,2,Yes,Travel_Rarely,3,3,3,4,2,3,3,No
E100029,45,Female,Divorced,Research & Development,10,1,Human Resources,Manufacturing Director,1,1,0,0,0,8,6,0,6519,15,2,No,Non-Travel,2,3,1,4,1,3,6,No
E100030,33,Male,Single,Human Resources,20,1,Life Sciences,Manager,1,11,9,6,9,2,21,0,7944,11,2,Yes,Travel_Frequently,1,2,4,3,1,3,0,Yes
E100031,32,Female,Married,Research & Development,25,4,Marketing,Manager,4,0,0,0,0,8,14,1,18735,24,3,Yes,Travel_Rarely,4,3,3,4,4,3,4,No
E100032,20,Male,Single,Research & Development,22,5,Other,Laboratory Technician,5,11,10,4,10,0,11,1,16872,23,0,Yes,Travel_Rarely,4,3,1,2,4,3,0,No
E100033,54,Female,Single,Research & Development,29,5,Human Resources,Manufacturing Director,2,0,0,0,0,6,14,0,10644,18,0,No,Travel_Rarely,4,2,4,2,4,3,6,No
E100034,24,Male,Married,Research & Development,3,4,Human Resources,Healthcare Representative,5,5,2,0,3,3,19,0,19016,22,3,Yes,Travel_Frequently,1,4,3,2,1,4,4,No
E100035,38,Female,Single,Research & Development,6,1,Life Sciences,Laboratory Technician,1,0,0,0,0,6,10,1,7404,22,3,No,Travel_Rarely,3,1,1,1,4,4,4,Yes
E100036,26,Male,Divorced,Research & Development,29,2,Other,Laboratory Technician,4,6,2,1,5,9,10,0,14238,22,1,No,Non-Travel,1,4,4,2,3,3,6,No
E100037,56,Female,Single,Research & Development,26,1,Life Sciences,Healthcare Representative,4,0,0,0,0,5,0,0,16821,21,0,No,Travel_Frequently,3,1,1,1,4,3,4,No
E100038,35,Female,Married,Research & Development,6,5,Other,Laboratory Technician,1,9,7,2,2,3,21,0,9053,12,2,No,Travel_Rarely,2,2,4,2,4,3,3,No
E100039,21,Male,Married,Sales,21,1,Life Sciences,Manager,4,3,2,0,1,3,5,0,17487,23,2,No,Travel_Frequently,4,4,3,2,1,3,6,No
E100040,42,Female,Single,Research & Development,2,2,Marketing,Laboratory Technician,1,0,0,0,0,7,11,0,6288,20,0,No,Travel_Rarely,3,4,2,4,3,3,3,No
E100041,31,Female,Single,Sales,26,3,Human Resources,Manager,5,6,2,2,5,6,17,0,21343,17,3,Yes,Travel_Frequently,1,1,4,3,4,3,3,Yes
E100042,26,Male,Married,Research & Development,26,1,Medical,Healthcare Representative,3,3,1,0,2,3,14,0,11772,19,1,No,Travel_Rarely,3,1,3,2,1,4,0,Yes
E100043,43,Male,Married,Research & Development,18,4,Medical,Research Scientist,4,1,0,0,0,5,7,0,17824,11,2,Yes,Travel_Frequently,3,1,4,4,3,3,2,Yes
E100044,19,Female,Married,Research & Development,23,3,Human Resources,Healthcare Representative,1,0,0,0,0,5,4,0,6593,23,1,No,Travel_Frequently,2,1,2,4,4,3,5,No
E100045,37,Male,Married,Research & Development,2,4,Human Resources,Manufacturing Director,1,2,1,0,1,0,16,1,7691,14,2,No,Travel_Frequently,4,3,1,3,1,3,6,No
E100046,45,Male,Married,Research & Development,12,4,Human Resources,Manager,4,0,0,0,0,1,11,1,17769,17,2,No,Travel_Rarely,4,2,2,4,3,3,6,No
E100047,24,Male,Single,Research & Development,22,4,Human Resources,Healthcare Representative,2,0,0,0,0,3,14,1,9292,24,0,No,Travel_Frequently,1,1,2,4,4,3,6,Yes
E100048,25,Female,Married,Research & Development,5,1,Other,Manager,1,1,0,0,0,5,10,1,6959,19,2,Yes,Travel_Rarely,1,4,1,3,3,3,4,No
E100049,52,Male,Divorced,Research & Development,20,5,Marketing,Manager,4,4,2,2,2,5,4,0,14791,12,1,No,Non-Travel,2,4,2,1,3,3,6,No
E100050,31,Female,Married,Sales,7,3,Medical,Manager,1,3,2,0,2,0,3,1,6919,12,1,No,Travel_Frequently,3,4,3,3,1,3,6,Yes
E100051,34,Female,Married,Sales,24,2,Technical Degree,Manager,2,0,0,0,0,7,14,1,11713,16,0,No,Travel_Rarely,3,1,4,3,2,3,0,No
E100052,53,Female,Single,Sales,16,5,Medical,Manager,3,17,15,4,6,1,24,0,16028,13,2,Yes,Travel_Rarely,1,2,2,2,3,3,3,No
E100053,57,Female,Married,Research & Development,20,1,Medical,Research Scientist,2,10,7,2,7,4,20,0,12770,14,1,No,Travel_Rarely,4,3,4,2,3,3,5,No
E100054,21,Male,Married,Research & Development,1,4,Life Sciences,Laboratory Technician,5,1,0,0,0,3,14,1,19252,13,3,No,Travel_Rarely,3,1,4,1,3,3,3,No
E100055,19,Female,Married,Research & Development,1,2,Human Resources,Healthcare Representative,4,0,0,0,0,4,12,1,18753,23,0,No,Travel_Rarely,2,1,1,3,3,4,2,No
E100056,23,Male,Divorced,Sales,17,3,Human Resources,Manager,2,14,6,6,9,4,22,1,10934,11,3,No,Travel_Rarely,1,3,2,3,3,3,3,No
E100057,59,Male,Single,Sales,27,5,Human Resources,Sales Representative,3,3,1,0,1,9,9,0,14100,24,1,No,Travel_Rarely,3,2,1,1,2,3,4,No
E100058,21,Male,Single,Human Resources,1,5,Life Sciences,Manager,1,1,0,0,0,7,13,0,7774,24,3,No,Travel_Rarely,4,1,1,2,1,3,1,No
E100059,46,Male,Married,Sales,21,2,Marketing,Manager,4,3,1,0,2,9,5,0,13602,16,0,No,Travel_Frequently,4,4,4,3,2,3,6,No
E100060,35,Female,Divorced,Research & Development,20,1,Marketing,Manager,2,7,4,2,5,6,18,0,10598,21,3,No,Travel_Rarely,2,4,3,1,1,3,5,No
E100061,43,Female,Single,Research & Development,13,3,Technical Degree,Laboratory Technician,3,0,0,0,0,8,5,0,10869,21,1,No,Travel_Rarely,2,1,4,2,2,3,6,Yes
E100062,51,Male,Single,Research & Development,9,2,Marketing,Research Scientist,2,7,5,2,1,0,9,0,11468,23,3,No,Travel_Rarely,1,2,1,4,1,3,3,No
E100063,27,Male,Single,Sales,15,4,Marketing,Sales Representative,5,6,3,0,2,5,15,0,17999,12,3,Yes,Non-Travel,1,4,2,1,4,3,2,No
E100064,53,Female,Single,Sales,3,3,Human Resources,Sales Executive,4,3,1,0,2,5,6,0,16225,12,3,No,Travel_Rarely,4,4,3,1,3,3,5,No
E100065,31,Male,Married,Sales,14,5,Other,Sales Representative,1,10,2,3,9,1,21,0,8936,17,2,No,Non-Travel,4,3,3,3,1,3,1,No
E100066,48,Male,Married,Research & Development,23,2,Medical,Manufacturing Director,3,0,0,0,0,7,3,0,11343,15,1,No,Travel_Rarely,3,2,2,4,1,3,5,No
E100067,32,Male,Married,Research & Development,11,5,Marketing,Healthcare Representative,2,4,1,0,3,5,6,2,9576,18,3,Yes,Travel_Rarely,3,1,2,2,3,3,6,Yes
E100068,25,Female,Married,Sales,24,5,Marketing,Sales Representative,4,2,1,0,1,9,11,2,17155,24,1,No,Travel_Rarely,3,3,3,4,4,3,6,Yes
E100069,31,Female,Single,Research & Development,22,5,Life Sciences,Research Scientist,2,2,1,0,0,8,7,0,8747,12,3,No,Travel_Rarely,2,3,1,3,3,3,4,Yes
E100070,40,Male,Single,Research & Development,12,1,Technical Degree,Laboratory Technician,4,1,0,0,0,9,5,2,17228,23,0,No,Travel_Frequently,2,3,3,3,1,3,4,No
E100071,57,Male,Married,Sales,13,5,Other,Manager,5,2,0,0,1,4,12,1,18739,20,0,Yes,Non-Travel,3,2,3,2,1,3,4,No
E100072,38,Female,Divorced,Research & Development,26,4,Life Sciences,Healthcare Representative,2,0,0,0,0,6,8,0,9005,18,0,Yes,Travel_Rarely,4,2,3,2,3,3,2,No
E100073,33,Female,Divorced,Research & Development,13,4,Human Resources,Healthcare Representative,5,1,0,0,0,5,9,0,19922,17,3,No,Travel_Frequently,1,2,1,2,2,3,1,No
E100074,35,Male,Single,Sales,1,3,Medical,Manager,3,1,0,0,0,4,3,0,12124,23,1,No,Travel_Frequently,2,1,2,3,3,3,4,Yes
E100075,41,Female,Divorced,Research & Development,24,5,Technical Degree,Research Scientist,5,6,4,1,1,5,18,0,23264,20,0,No,Travel_Rarely,2,2,2,2,1,3,6,No
E100076,43,Male,Divorced,Research & Development,10,5,Life Sciences,Healthcare Representative,4,0,0,0,0,3,8,0,18113,24,2,No,Travel_Rarely,3,3,2,2,1,3,3,No
E100077,42,Male,Divorced,Research & Development,3,2,Marketing,Research Scientist,3,5,3,2,3,2,17,0,14069,18,0,No,Non-Travel,1,4,1,2,1,3,1,No
E100078,58,Female,Married,Research & Development,24,1,Marketing,Laboratory Technician,2,1,0,0,0,0,12,0,9903,21,0,No,Travel_Rarely,2,1,1,1,4,3,4,No
E100079,46,Male,Married,Research & Development,28,3,Technical Degree,Research Scientist,2,0,0,0,0,0,2,0,8661,13,2,Yes,Travel_Rarely,1,1,2,2,3,4,1,No
E100080,32,Female,Single,Research & Development,4,5,Marketing,Research Scientist,4,1,0,0,0,5,4,0,14679,18,0,Yes,Non-Travel,2,1,4,3,4,4,5,No
E100081,18,Male,Single,Research & Development,16,2,Life Sciences,Healthcare Representative,1,1,0,0,0,8,1,0,5897,25,3,No,Travel_Frequently,1,3,4,1,3,3,3,Yes
E100082,42,Male,Single,Research & Development,8,1,Life Sciences,Manager,1,4,2,1,3,7,8,0,7269,16,3,No,Travel_Rarely,1,2,2,3,4,3,0,No
E100083,24,Female,Single,Research & Development,16,3,Marketing,Manager,2,2,1,0,0,1,13,2,9866,12,0,No,Non-Travel,2,3,4,4,2,3,4,No
E100084,26,Male,Married,Sales,27,3,Marketing,Manager,4,16,9,8,14,8,24,0,16489,16,1,No,Travel_Rarely,1,4,4,1,1,3,3,No
E100085,41,Female,Married,Research & Development,17,5,Human Resources,Manufacturing Director,1,16,7,5,7,7,30,1,9231,15,1,No,Travel_Rarely,4,2,2,2,1,3,2,No
E100086,18,Male,Married,Research & Development,19,3,Medical,Manager,5,2,1,0,1,8,3,1,16421,13,0,No,Non-Travel,2,4,2,1,3,3,5,Yes
E100087,25,Male,Single,Research & Development,22,2,Technical Degree,Laboratory Technician,2,7,2,3,6,3,10,2,10709,11,2,No,Travel_Rarely,2,1,1,3,1,3,4,Yes
E100088,41,Male,Divorced,Human Resources,15,3,Life Sciences,Manager,5,0,0,0,0,8,9,0,19687,17,3,Yes,Travel_Frequently,4,1,4,1,4,3,0,No
E100089,28,Female,Divorced,Sales,16,4,Technical Degree,Sales Representative,4,3,0,0,1,1,4,2,15762,12,3,No,Travel_Frequently,1,3,4,4,2,3,5,No
E100090,34,Male,Divorced,Research & Development,15,2,Human Resources,Laboratory Technician,5,6,3,1,0,0,19,0,19535,11,3,No,Travel_Rarely,4,2,2,2,4,3,3,No
E100091,25,Female,Divorced,Sales,25,1,Life Sciences,Sales Executive,1,1,0,0,0,8,8,1,7468,11,0,No,Travel_Frequently,2,1,3,2,4,3,5,No
E100092,52,Male,Married,Research & Development,2,1,Human Resources,Manufacturing Director,1,0,0,0,0,9,8,0,5841,17,3,No,Travel_Rarely,4,3,2,4,3,3,3,No
E100093,52,Female,Divorced,Research & Development,11,5,Human Resources,Laboratory Technician,3,0,0,0,0,7,2,1,13709,22,0,No,Travel_Rarely,1,4,1,3,1,4,1,Yes
E100094,50,Male,Single,Research & Development,1,5,Other,Manufacturing Director,2,2,1,0,0,6,14,1,10188,11,0,No,Travel_Rarely,4,3,3,1,4,3,4,No
E100095,22,Female,Married,Research & Development,15,4,Marketing,Research Scientist,4,3,2,1,2,7,17,0,19320,19,1,No,Travel_Rarely,2,2,3,3,3,3,0,No
E100096,59,Female,Single,Research & Development,26,1,Other,Healthcare Representative,2,2,1,0,1,0,10,2,10793,16,2,Yes,Travel_Rarely,1,2,3,3,4,3,2,No
E100097,56,Female,Single,Research & Development,19,1,Technical Degree,Manager,5,2,0,0,1,8,7,1,17043,14,2,No,Travel_Rarely,2,2,1,3,4,4,1,No
E100098,58,Female,Single,Research & Development,4,1,Technical Degree,Healthcare Representative,4,3,2,1,1,9,8,0,17877,22,2,Yes,Travel_Frequently,2,1,4,2,4,3,4,No
E100099,45,Female,Married,Research & Development,11,1,Marketing,Manager,4,7,5,2,3,8,13,0,17781,14,3,No,Travel_Rarely,3,3,2,1,3,3,0,No
E100100,24,Female,Divorced,Human Resources,5,3,Other,Manager,1,0,0,0,0,8,11,0,6035,25,1,No,Travel_Rarely,2,4,1,2,2,4,1,Yes
E100101,26,Male,Married,Sales,3,2,Technical Degree,Sales Executive,5,7,5,0,0,5,11,0,17641,23,1,No,Travel_Rarely,2,2,1,2,4,3,0,No
E100102,25,Male,Single,Sales,13,2,Other,Sales Executive,1,5,1,0,3,3,10,2,7180,22,0,Yes,Travel_Rarely,1,3,3,2,4,3,5,No
E100103,29,Female,Divorced,Research & Development,10,4,Marketing,Manager,1,6,3,2,0,1,16,0,7991,24,1,No,Travel_Rarely,1,1,3,1,3,3,0,Yes
E100104,51,Female,Married,Human Resources,11,3,Life Sciences,Manager,3,6,3,1,2,3,6,0,13768,15,0,No,Travel_Frequently,1,4,1,4,1,3,1,No
E100105,50,Female,Married,Research & Development,18,1,Human Resources,Healthcare Representative,1,3,0,0,0,6,5,0,6716,12,1,Yes,Travel_Rarely,4,4,4,2,2,3,1,No
E100106,40,Male,Married,Sales,2,1,Human Resources,Sales Executive,2,1,0,0,0,0,12,0,10834,15,0,No,Non-Travel,4,4,3,2,3,3,4,No
E100107,41,Male,Single,Research & Development,7,5,Other,Healthcare Representative,4,3,1,0,1,8,11,0,17947,12,3,No,Travel_Rarely,1,1,1,2,1,3,1,No
E100108,54,Male,Married,Research & Development,9,5,Technical Degree,Healthcare Representative,1,15,6,4,3,2,26,0,9018,22,1,No,Travel_Rarely,4,2,3,1,3,4,6,No
E100109,52,Female,Divorced,Sales,10,4,Other,Manager,2,4,2,1,1,3,8,0,9152,14,2,No,Travel_Rarely,3,1,2,1,3,3,6,No
E100110,57,Male,Single,Research & Development,18,1,Other,Research Scientist,5,0,0,0,0,4,4,1,21328,20,0,No,Travel_Rarely,4,4,2,3,2,3,5,No
E100111,39,Male,Married,Human Resources,23,4,Medical,Human Resources,4,0,0,0,0,2,7,0,13807,21,1,Yes,Travel_Rarely,3,3,2,2,2,3,6,No
E100112,44,Male,Divorced,Research & Development,7,3,Human Resources,Healthcare Representative,5,24,17,5,12,3,34,0,21676,24,1,No,Non-Travel,1,4,3,2,2,3,4,No
E100113,52,Male,Married,Research & Development,27,2,Marketing,Laboratory Technician,2,0,0,0,0,4,10,0,10793,15,0,No,Non-Travel,1,3,3,1,2,3,0,No
E100114,18,Male,Single,Research & Development,7,1,Other,Healthcare Representative,5,0,0,0,0,0,12,2,19504,16,1,No,Travel_Rarely,4,1,4,1,1,3,1,Yes
E100115,52,Male,Single,Sales,3,3,Medical,Manager,5,2,1,0,0,8,3,1,16171,16,2,No,Travel_Rarely,1,1,2,2,4,3,4,Yes
E100116,54,Female,Single,Research & Development,12,1,Medical,Manager,5,17,5,3,2,9,29,1,19118,19,0,No,Travel_Rarely,1,1,4,4,3,4,4,No
E100117,31,Male,Married,Research & Development,7,5,Human Resources,Manufacturing Director,1,1,0,0,0,9,7,0,6831,14,0,No,Travel_Rarely,2,3,1,3,2,3,2,Yes
E100118,20,Male,Married,Research & Development,17,4,Human Resources,Laboratory Technician,1,2,1,0,1,3,10,1,7862,23,0,No,Travel_Frequently,1,1,1,3,4,3,4,Yes
E100119,18,Male,Single,Research & Development,26,5,Human Resources,Healthcare Representative,1,5,3,0,1,8,11,1,7129,24,0,No,Travel_Rarely,2,2,2,2,1,3,4,Yes
E100120,22,Male,Divorced,Research & Development,1,2,Marketing,Research Scientist,4,0,0,0,0,3,11,1,16653,15,0,No,Travel_Frequently,1,4,4,3,2,3,2,No
E100121,43,Male,Married,Research & Development,5,5,Medical,Healthcare Representative,2,11,9,1,5,0,15,0,10116,16,2,No,Travel_Frequently,3,2,3,3,3,3,3,Yes
E100122,31,Male,Single,Sales,16,1,Technical Degree,Sales Representative,1,3,0,0,2,4,15,4,6952,14,0,Yes,Travel_Frequently,3,3,4,2,4,3,5,Yes
E100123,56,Female,Married,Research & Development,15,5,Marketing,Research Scientist,5,3,1,0,2,8,8,1,16663,16,2,No,Travel_Frequently,1,1,1,3,2,3,1,Yes
E100124,44,Male,Married,Human Resources,2,1,Life Sciences,Human Resources,5,9,2,2,6,2,12,0,18581,12,2,Yes,Travel_Rarely,3,4,4,1,3,3,2,Yes
E100125,26,Female,Single,Research & Development,9,2,Other,Manager,5,15,11,0,9,4,28,0,21526,22,2,No,Travel_Rarely,3,1,1,2,4,3,6,No
E100126,32,Female,Single,Human Resources,7,5,Human Resources,Human Resources,5,2,1,1,1,2,13,1,18242,23,0,No,Travel_Rarely,3,1,1,1,3,3,4,No
E100127,32,Female,Divorced,Sales,4,4,Medical,Manager,3,0,0,0,0,2,6,1,11232,17,2,Yes,Travel_Rarely,4,4,4,2,1,3,4,No
E100128,43,Male,Married,Research & Development,20,4,Other,Healthcare Representative,4,8,4,3,4,0,8,1,17322,13,0,No,Travel_Rarely,3,4,3,1,2,3,1,No
E100129,59,Male,Married,Research & Development,18,4,Marketing,Manufacturing Director,2,2,1,0,1,1,5,0,10624,24,2,No,Travel_Rarely,2,2,1,3,2,3,5,No
E100130,30,Male,Married,Research & Development,21,5,Life Sciences,Laboratory Technician,2,13,8,3,6,1,15,1,12102,20,0,No,Travel_Rarely,4,2,4,4,3,3,6,No
E100131,49,Male,Single,Research & Development,4,5,Marketing,Manager,1,14,12,1,6,8,26,0,9132,14,1,No,Travel_Rarely,2,2,1,1,4,3,0,No
E100132,56,Female,Single,Research & Development,28,5,Marketing,Manufacturing Director,3,0,0,0,0,6,3,0,10788,19,1,Yes,Travel_Frequently,2,2,2,1,2,3,2,Yes
E100133,49,Male,Married,Sales,13,1,Technical Degree,Sales Executive,2,15,10,1,5,7,15,0,11473,25,2,No,Travel_Frequently,2,2,3,4,3,3,3,No
E100134,21,Male,Single,Research & Development,1,2,Other,Healthcare Representative,4,2,1,0,1,1,13,0,14887,25,3,No,Travel_Rarely,4,3,2,4,1,3,1,No
E100135,47,Female,Single,Sales,28,4,Technical Degree,Manager,5,5,3,1,2,8,17,1,21585,22,3,No,Non-Travel,1,3,1,1,2,3,1,No
E100136,54,Female,Divorced,Research & Development,24,1,Marketing,Manager,1,0,0,0,0,2,1,1,6307,25,1,No,Travel_Rarely,3,1,3,1,3,3,2,No
E100137,40,Male,Divorced,Sales,3,4,Life Sciences,Manager,4,10,2,5,5,9,21,2,19027,23,2,No,Travel_Rarely,3,1,4,1,4,3,4,No
E100138,56,Male,Divorced,Sales,16,1,Medical,Sales Executive,2,5,1,0,3,1,15,0,12150,15,2,Yes,Travel_Frequently,1,2,4,2,2,3,4,No
E100139,32,Male,Divorced,Research & Development,22,5,Medical,Manufacturing Director,3,5,2,1,2,0,17,0,15150,19,2,No,Travel_Rarely,1,1,3,1,2,3,3,No
E100140,60,Male,Single,Research & Development,4,4,Other,Laboratory Technician,1,11,7,1,7,8,19,2,8442,20,3,No,Travel_Rarely,2,3,2,1,1,3,2,No
E100141,46,Male,Divorced,Research & Development,25,5,Human Resources,Healthcare Representative,2,3,0,0,1,7,17,0,10158,23,1,No,Travel_Rarely,4,3,2,4,3,3,1,No
E100142,53,Male,Single,Research & Development,23,4,Human Resources,Manager,1,2,0,0,0,3,8,0,7508,20,2,Yes,Travel_Rarely,2,1,3,4,4,3,6,No
E100143,30,Male,Divorced,Research & Development,25,3,Medical,Research Scientist,2,10,4,3,8,6,22,0,10430,20,1,No,Travel_Rarely,3,2,4,2,1,3,2,No
E100144,49,Male,Divorced,Research & Development,16,1,Marketing,Healthcare Representative,5,6,3,1,1,2,11,0,22227,22,1,No,Travel_Rarely,1,3,3,2,1,3,0,No
E100145,24,Male,Married,Research & Development,26,3,Marketing,Manufacturing Director,3,14,5,2,7,2,15,0,13118,20,0,No,Travel_Frequently,3,4,2,3,1,3,1,No
E100146,39,Male,Divorced,Sales,19,1,Technical Degree,Sales Representative,5,14,3,6,3,3,14,0,17941,16,3,No,Non-Travel,1,4,1,1,3,3,3,No
E100147,45,Male,Married,Research & Development,1,2,Other,Laboratory Technician,2,2,0,0,1,1,3,1,10167,18,1,No,Travel_Rarely,4,1,4,1,3,4,3,Yes
E100148,19,Female,Single,Human Resources,5,4,Technical Degree,Human Resources,4,2,0,0,0,9,8,1,13833,15,0,No,Travel_Rarely,2,2,3,4,2,3,1,No
E100149,59,Female,Married,Research & Development,19,2,Human Resources,Healthcare Representative,5,1,0,0,0,3,2,4,20607,15,3,No,Travel_Rarely,3,1,1,3,3,3,4,No
E100150,23,Male,Married,Sales,22,2,Medical,Sales Representative,4,5,2,0,1,9,7,1,14989,13,2,No,Travel_Frequently,4,2,2,1,1,3,1,No
E100151,45,Male,Single,Sales,24,1,Marketing,Manager,2,2,1,0,0,2,9,1,11131,17,2,No,Travel_Rarely,3,2,4,3,3,3,1,No
E100152,45,Male,Married,Sales,11,3,Medical,Sales Executive,3,7,4,3,6,7,13,1,14444,12,0,No,Travel_Frequently,1,4,3,2,4,3,0,Yes
E100153,37,Female,Divorced,Research & Development,13,5,Life Sciences,Manager,4,0,0,0,0,1,11,0,17448,21,2,No,Travel_Frequently,3,3,2,1,2,3,1,No
E100154,47,Female,Single,Research & Development,20,1,Medical,Healthcare Representative,2,0,0,0,0,8,10,2,9691,22,0,Yes,Travel_Frequently,4,3,3,1,1,4,5,Yes
E100155,28,Male,Divorced,Sales,5,5,Life Sciences,Manager,4,1,0,0,0,2,11,0,14423,13,0,Yes,Travel_Rarely,4,1,3,2,2,3,6,Yes
E100156,45,Female,Divorced,Human Resources,21,2,Technical Degree,Human Resources,5,0,0,0,0,3,13,0,22046,25,2,No,Travel_Rarely,2,1,4,1,3,3,5,No
E100157,42,Male,Divorced,Research & Development,4,5,Technical Degree,Healthcare Representative,2,4,1,1,2,9,14,0,9535,12,3,No,Travel_Rarely,3,2,2,2,2,3,2,No
E100158,56,Male,Divorced,Research & Development,4,3,Human Resources,Laboratory Technician,5,0,0,0,0,9,8,0,18714,25,0,Yes,Travel_Rarely,1,3,2,2,2,3,2,No
E100159,50,Female,Married,Research & Development,4,1,Medical,Manufacturing Director,1,0,0,0,0,2,11,0,7231,23,3,No,Travel_Rarely,3,2,1,3,3,3,6,No
E100160,18,Female,Divorced,Sales,4,3,Medical,Sales Representative,2,0,0,0,0,2,3,1,9210,18,3,No,Travel_Rarely,2,4,2,4,2,3,3,No
E100161,44,Female,Married,Research & Development,20,3,Life Sciences,Manager,4,7,6,1,2,7,13,0,15335,14,0,No,Travel_Rarely,1,4,2,4,3,3,4,No
E100162,30,Female,Single,Research & Development,21,1,Technical Degree,Research Scientist,1,8,5,4,3,7,8,3,5941,20,3,No,Travel_Frequently,1,2,4,2,1,3,3,No
E100163,58,Male,Married,Research & Development,18,3,Life Sciences,Manager,5,0,0,0,0,5,10,1,17473,18,0,No,Travel_Rarely,2,2,1,3,2,3,0,No
E100164,20,Female,Married,Research & Development,18,4,Technical Degree,Manager,5,6,1,0,4,3,16,1,22643,18,2,Yes,Non-Travel,1,2,4,2,4,3,1,No
E100165,56,Male,Single,Sales,16,4,Life Sciences,Sales Executive,4,2,0,0,1,0,3,0,13459,18,2,No,Non-Travel,4,2,2,3,4,3,6,No
E100166,23,Female,Married,Human Resources,9,4,Technical Degree,Manager,1,1,0,0,0,3,7,0,7475,18,2,No,Travel_Rarely,4,2,1,3,1,3,3,No
E100167,25,Male,Married,Sales,18,5,Life Sciences,Sales Executive,3,4,3,0,1,7,18,0,12970,18,2,No,Non-Travel,1,4,4,4,3,3,1,No
E100168,44,Female,Single,Research & Development,22,3,Technical Degree,Research Scientist,4,0,0,0,0,5,1,1,13617,22,2,No,Travel_Rarely,3,4,1,4,3,3,3,No
E100169,26,Male,Married,Human Resources,2,1,Other,Human Resources,5,7,6,3,6,1,12,1,20400,19,3,Yes,Travel_Rarely,1,4,2,3,2,3,1,No
E100170,54,Female,Married,Sales,21,1,Life Sciences,Sales Executive,2,0,0,0,0,2,12,0,9037,12,3,No,Travel_Rarely,3,1,1,4,2,3,3,No
E100171,50,Male,Married,Research & Development,4,5,Medical,Manufacturing Director,1,15,5,5,6,6,24,3,8843,19,3,No,Travel_Rarely,2,4,1,3,4,3,5,Yes
E100172,59,Female,Single,Sales,12,1,Human Resources,Sales Representative,3,0,0,0,0,3,11,0,14831,18,1,No,Non-Travel,4,3,1,1,4,3,5,No
E100173,41,Male,Single,Research & Development,7,4,Other,Healthcare Representative,2,4,3,1,1,3,12,0,8937,21,1,Yes,Travel_Rarely,4,3,2,2,3,3,5,No
E100174,32,Male,Married,Research & Development,15,3,Other,Manager,1,11,9,2,7,4,21,0,8959,20,0,No,Travel_Rarely,2,2,2,4,4,3,6,No
E100175,49,Male,Divorced,Research & Development,7,1,Life Sciences,Laboratory Technician,4,0,0,0,0,7,4,0,15280,11,1,Yes,Travel_Rarely,2,4,1,2,3,3,2,Yes
E100176,49,Male,Single,Human Resources,29,1,Human Resources,Human Resources,4,3,1,1,1,6,12,1,15029,24,2,No,Travel_Rarely,4,2,4,4,1,3,6,No
E100177,41,Female,Married,Research & Development,22,2,Medical,Research Scientist,1,2,1,0,1,8,8,0,6012,15,2,No,Travel_Frequently,2,2,4,2,1,3,6,No
E100178,58,Male,Single,Research & Development,26,2,Other,Healthcare Representative,3,4,1,2,2,4,16,0,15781,21,2,No,Travel_Frequently,1,3,2,2,4,3,0,Yes
E100179,29,Female,Married,Research & Development,21,2,Medical,Laboratory Technician,1,1,0,0,0,0,1,1,5140,12,0,No,Travel_Rarely,1,3,3,4,2,3,3,No
E100180,56,Male,Divorced,Human Resources,17,3,Technical Degree,Manager,2,0,0,0,0,3,7,0,10811,20,0,No,Travel_Rarely,3,2,4,4,4,3,2,No
E100181,19,Male,Married,Sales,16,4,Human Resources,Sales Representative,2,4,2,0,2,5,12,0,10477,15,0,Yes,Travel_Rarely,3,3,1,4,4,4,6,No
E100182,20,Female,Single,Human Resources,28,4,Marketing,Human Resources,4,2,0,0,1,5,16,0,14838,23,0,No,Travel_Frequently,3,2,3,4,4,4,6,No
E100183,54,Female,Married,Sales,19,4,Technical Degree,Sales Executive,1,4,2,1,1,8,16,3,7538,25,3,No,Travel_Rarely,1,2,2,3,2,3,4,No
E100184,34,Male,Single,Research & Development,9,3,Human Resources,Manager,4,1,0,0,0,9,5,0,17414,18,0,No,Non-Travel,4,2,4,4,4,3,3,No
E100185,19,Male,Married,Sales,14,3,Life Sciences,Manager,3,2,1,0,1,4,7,3,13818,19,0,Yes,Travel_Frequently,3,1,3,4,2,4,1,Yes
E100186,19,Female,Married,Sales,17,2,Life Sciences,Manager,2,4,3,2,2,4,16,0,10783,19,1,No,Travel_Rarely,1,3,2,4,4,3,0,Yes
E100187,45,Male,Single,Research & Development,5,1,Medical,Manager,5,4,2,0,1,5,14,2,22359,11,3,No,Travel_Rarely,4,3,2,1,2,4,2,No
E100188,40,Female,Single,Research & Development,2,5,Other,Laboratory Technician,5,2,1,0,1,5,9,0,17350,17,2,No,Travel_Rarely,2,4,1,2,2,3,2,Yes
E100189,54,Female,Married,Research & Development,20,5,Marketing,Manufacturing Director,1,1,0,0,0,2,4,0,6940,22,1,No,Non-Travel,1,3,4,4,2,3,0,No
E100190,49,Female,Divorced,Sales,16,1,Life Sciences,Manager,1,1,0,0,0,5,2,0,6557,21,0,No,Travel_Frequently,2,4,3,4,2,4,3,No
E100191,50,Male,Divorced,Research & Development,14,2,Human Resources,Manager,5,0,0,0,0,7,14,0,21440,18,2,No,Travel_Rarely,3,2,1,2,2,3,1,No
E100192,18,Female,Single,Human Resources,14,1,Other,Human Resources,1,1,0,0,0,5,10,0,7558,20,2,Yes,Travel_Rarely,4,1,4,2,1,3,4,Yes
E100193,36,Male,Married,Research & Development,27,1,Other,Laboratory Technician,2,1,0,0,0,4,8,1,9989,13,2,No,Travel_Rarely,1,2,3,3,3,3,3,No
E100194,19,Male,Married,Sales,1,5,Human Resources,Sales Executive,3,5,2,2,3,2,6,0,13493,23,1,No,Travel_Rarely,3,2,2,2,3,4,0,No
E100195,43,Male,Married,Research & Development,3,2,Other,Research Scientist,3,4,3,0,0,0,8,0,13297,16,3,No,Travel_Rarely,3,2,2,2,2,3,3,No
E100196,49,Male,Married,Sales,26,3,Life Sciences,Sales Representative,4,2,0,0,1,4,16,0,16473,21,3,No,Travel_Rarely,4,4,4,1,3,4,6,No
E100197,23,Female,Divorced,Research & Development,7,5,Human Resources,Laboratory Technician,2,1,0,0,0,5,13,1,10676,13,2,No,Travel_Rarely,2,1,1,3,2,3,3,No
E100198,49,Female,Divorced,Research & Development,26,3,Human Resources,Healthcare Representative,1,1,0,0,0,5,6,0,5952,19,0,No,Travel_Rarely,3,2,3,1,4,4,0,No
E100199,21,Female,Married,Research & Development,15,2,Medical,Healthcare Representative,1,3,2,0,0,5,7,2,6422,23,3,No,Travel_Rarely,4,4,3,2,1,3,0,No
E100200,28,Male,Married,Research & Development,19,1,Marketing,Laboratory Technician,4,12,9,6,4,2,17,1,16199,13,3,No,Travel_Rarely,4,2,2,4,4,3,4,No
E100201,34,Male,Divorced,Research & Development,20,4,Medical,Healthcare Representative,4,5,1,2,3,3,10,1,14633,12,0,Yes,Travel_Rarely,1,1,4,3,4,3,0,No
E100202,55,Male,Single,Research & Development,2,4,Marketing,Laboratory Technician,1,6,4,0,3,2,8,1,6304,19,1,No,Travel_Rarely,3,2,1,2,2,3,0,No
E100203,41,Female,Married,Research & Development,19,2,Human Resources,Research Scientist,1,8,3,0,6,1,18,0,8689,25,1,Yes,Travel_Rarely,2,2,2,2,4,4,0,No
E100204,22,Male,Married,Research & Development,9,4,Other,Laboratory Technician,2,2,1,0,0,7,12,0,9971,21,0,Yes,Travel_Rarely,2,3,2,4,1,3,6,Yes
E100205,51,Female,Married,Research & Development,19,3,Marketing,Manager,4,0,0,0,0,6,2,0,16696,23,1,No,Travel_Rarely,3,4,1,4,4,3,6,No
E100206,23,Male,Single,Research & Development,27,4,Human Resources,Manager,2,4,3,1,1,7,12,1,9332,24,2,No,Travel_Rarely,2,1,3,4,1,3,6,Yes
E100207,39,Male,Single,Research & Development,5,2,Human Resources,Manufacturing Director,1,1,0,0,0,5,3,0,5922,18,3,No,Travel_Rarely,4,4,3,3,1,3,2,No
E100208,28,Female,Divorced,Human Resources,18,2,Medical,Manager,5,4,1,1,2,6,6,0,16999,18,1,No,Travel_Rarely,4,3,4,1,2,3,0,No
E100209,33,Male,Single,Research & Development,16,3,Medical,Healthcare Representative,5,6,1,2,1,0,16,0,18206,12,2,Yes,Travel_Rarely,3,2,2,3,1,3,0,No
E100210,50,Female,Married,Research & Development,4,4,Other,Laboratory Technician,1,7,3,0,4,9,20,2,8385,16,2,Yes,Travel_Rarely,2,1,4,4,4,3,0,No
E100211,26,Female,Single,Sales,12,4,Technical Degree,Sales Representative,4,1,0,0,0,4,2,2,16041,23,2,Yes,Travel_Rarely,4,1,3,3,2,3,4,No
E100212,23,Male,Single,Research & Development,29,1,Life Sciences,Healthcare Representative,5,3,2,0,1,3,9,0,17896,23,2,No,Travel_Rarely,3,4,1,4,1,3,6,No
E100213,33,Male,Single,Research & Development,7,5,Technical Degree,Manager,4,4,1,0,2,9,13,2,16730,15,2,Yes,Travel_Frequently,4,2,3,1,1,4,3,No
E100214,46,Male,Single,Sales,14,2,Technical Degree,Sales Executive,5,8,6,2,1,2,17,4,22778,24,0,No,Travel_Frequently,3,3,3,3,3,3,6,No
E100215,20,Female,Divorced,Sales,23,1,Other,Sales Representative,4,7,1,4,6,1,10,0,14887,22,3,No,Travel_Rarely,1,2,2,1,2,3,0,No
E100216,37,Male,Single,Research & Development,12,2,Marketing,Healthcare Representative,5,22,7,3,11,8,22,1,18090,12,3,Yes,Travel_Frequently,1,4,3,1,3,4,0,No
E100217,53,Female,Divorced,Research & Development,3,1,Other,Manager,4,0,0,0,0,7,5,2,16625,15,0,Yes,Travel_Rarely,3,1,4,4,1,3,4,No
E100218,36,Female,Married,Research & Development,5,5,Other,Manufacturing Director,2,2,1,0,0,9,6,1,8331,14,0,No,Non-Travel,1,1,1,3,3,3,3,Yes
E100219,43,Female,Married,Sales,17,1,Human Resources,Sales Representative,4,1,0,0,0,1,14,1,19424,19,2,No,Travel_Rarely,1,2,2,3,4,3,4,No
E100220,20,Male,Married,Research & Development,26,2,Human Resources,Healthcare Representative,2,0,0,0,0,5,10,0,10432,22,1,No,Travel_Frequently,2,2,1,1,4,3,5,Yes
E100221,36,Female,Married,Sales,10,4,Human Resources,Sales Executive,2,12,8,5,6,2,13,0,10367,11,3,No,Travel_Rarely,1,2,4,4,1,3,1,No
E100222,37,Female,Married,Research & Development,10,2,Life Sciences,Research Scientist,1,30,15,0,28,2,35,1,9692,16,1,No,Travel_Rarely,2,2,4,1,3,3,1,No
E100223,49,Male,Single,Sales,11,3,Marketing,Sales Executive,2,0,0,0,0,4,0,1,9095,17,3,Yes,Travel_Frequently,1,3,3,1,3,3,1,No
E100224,24,Male,Married,Sales,17,3,Marketing,Manager,3,0,0,0,0,6,2,0,10824,25,2,No,Travel_Frequently,1,3,4,1,2,3,0,Yes
E100225,58,Female,Divorced,Sales,5,3,Human Resources,Manager,2,1,0,0,0,6,4,0,10590,22,1,No,Travel_Rarely,4,3,3,1,4,3,4,No
E100226,50,Male,Divorced,Research & Development,13,3,Technical Degree,Manufacturing Director,4,9,2,4,5,9,21,0,18491,16,3,No,Travel_Rarely,3,3,2,3,4,3,0,No
E100227,57,Female,Divorced,Sales,10,5,Life Sciences,Manager,2,1,0,0,0,0,3,1,8382,15,3,No,Travel_Rarely,1,4,1,2,2,3,1,No
E100228,56,Male,Married,Research & Development,9,4,Technical Degree,Manager,4,0,0,0,0,6,14,3,17298,22,2,No,Travel_Rarely,3,1,3,3,4,3,3,No
E100229,35,Male,Divorced,Research & Development,17,4,Medical,Laboratory Technician,4,0,0,0,0,6,12,1,14898,14,1,No,Travel_Frequently,3,1,3,4,3,3,3,No
E100230,57,Female,Married,Research & Development,1,2,Marketing,Manufacturing Director,3,2,1,0,0,5,7,0,11067,15,2,No,Travel_Rarely,4,4,2,2,3,3,5,No
E100231,18,Male,Married,Research & Development,4,1,Marketing,Manager,2,13,3,6,12,5,23,0,12116,19,1,No,Travel_Frequently,3,4,4,1,4,3,4,No
E100232,28,Male,Single,Research & Development,4,2,Technical Degree,Manager,2,1,0,0,0,1,4,1,9797,15,1,No,Travel_Rarely,3,3,3,3,2,4,5,No
E100233,45,Male,Married,Sales,18,2,Life Sciences,Sales Representative,5,2,1,0,1,2,15,0,20809,20,3,No,Travel_Rarely,1,2,4,2,1,3,6,Yes
E100234,42,Male,Single,Research & Development,9,2,Marketing,Research Scientist,5,0,0,0,0,2,0,0,16743,25,0,No,Non-Travel,4,1,3,1,1,4,3,No
E100235,40,Male,Married,Sales,25,2,Technical Degree,Sales Executive,1,3,0,1,2,2,7,0,6742,18,1,No,Travel_Rarely,3,4,4,3,1,3,1,No
E100236,48,Male,Divorced,Sales,29,4,Other,Manager,4,5,1,1,2,1,9,0,14200,17,1,No,Non-Travel,1,2,3,2,1,4,5,No
E100237,47,Female,Single,Research & Development,29,1,Other,Healthcare Representative,3,1,0,0,0,8,9,1,13611,14,2,Yes,Travel_Rarely,4,3,1,3,3,3,5,Yes
E100238,59,Male,Single,Research & Development,18,2,Life Sciences,Manufacturing Director,5,1,0,0,0,5,8,3,19775,20,1,Yes,Non-Travel,1,4,1,2,1,3,5,Yes
E100239,52,Female,Single,Research & Development,14,4,Technical Degree,Laboratory Technician,2,9,2,3,7,1,23,1,12203,15,1,No,Travel_Rarely,4,1,1,4,3,3,4,No
E100240,24,Male,Divorced,Research & Development,25,2,Other,Manager,1,0,0,0,0,2,7,0,7315,17,1,No,Travel_Rarely,4,1,3,3,3,3,6,Yes
E100241,33,Female,Married,Human Resources,15,3,Life Sciences,Human Resources,3,5,2,2,0,9,9,1,14565,16,1,Yes,Travel_Rarely,2,1,4,3,1,3,4,Yes
E100242,43,Male,Married,Sales,6,2,Human Resources,Manager,2,2,0,0,0,5,9,2,11419,23,1,No,Travel_Rarely,2,4,2,2,1,3,1,No
E100243,19,Female,Divorced,Sales,24,2,Life Sciences,Sales Executive,2,1,0,0,0,3,14,1,12091,13,0,No,Travel_Rarely,2,1,2,4,1,3,1,No
E100244,18,Male,Divorced,Sales,10,5,Medical,Sales Executive,4,5,3,1,2,6,14,1,18367,20,3,No,Travel_Rarely,3,3,2,3,4,3,1,No
E100245,29,Male,Married,Sales,29,3,Human Resources,Sales Representative,4,8,5,1,3,5,14,1,19305,25,1,Yes,Travel_Rarely,1,1,1,4,4,3,5,Yes
E100246,22,Male,Married,Research & Development,15,1,Technical Degree,Manager,5,4,3,0,2,5,4,0,21071,13,2,No,Travel_Rarely,4,3,1,4,2,3,1,No
E100247,54,Male,Married,Research & Development,29,2,Human Resources,Research Scientist,5,0,0,0,0,2,11,0,21173,12,2,No,Travel_Rarely,1,1,1,3,3,3,6,No
E100248,49,Male,Married,Sales,4,1,Human Resources,Sales Executive,2,3,1,1,1,7,9,0,8708,24,1,No,Travel_Frequently,3,3,4,1,1,4,4,No
E100249,26,Male,Single,Human Resources,18,3,Technical Degree,Manager,2,3,2,0,0,8,13,2,9044,13,1,No,Travel_Rarely,2,4,1,2,4,3,3,No
E100250,58,Female,Divorced,Research & Development,18,2,Technical Degree,Manager,5,3,2,1,2,5,10,1,21695,21,1,No,Travel_Rarely,2,3,4,3,2,4,1,No
E100251,52,Male,Married,Sales,25,5,Other,Sales Representative,5,5,1,2,4,1,7,0,19279,20,0,Yes,Non-Travel,1,4,4,4,3,3,2,Yes
E100252,36,Male,Single,Sales,17,4,Medical,Sales Representative,2,0,0,0,0,0,8,0,10790,23,3,No,Travel_Rarely,1,2,4,2,3,4,4,No
E100253,33,Female,Married,Sales,12,5,Technical Degree,Sales Executive,3,3,0,0,0,2,10,2,12553,11,2,No,Travel_Rarely,4,3,3,3,3,3,0,No
E100254,20,Female,Single,Sales,7,5,Marketing,Sales Executive,2,4,2,2,2,2,5,0,9208,23,0,Yes,Travel_Rarely,1,4,2,2,4,3,3,No
E100255,37,Male,Single,Sales,16,4,Marketing,Sales Representative,3,2,1,1,1,7,7,0,13717,19,0,No,Travel_Rarely,4,2,4,2,1,3,4,No
E100256,41,Male,Married,Research & Development,11,4,Medical,Healthcare Representative,3,5,2,0,3,4,8,1,14687,12,1,No,Travel_Rarely,4,1,2,4,1,3,1,No
E100257,50,Male,Single,Sales,14,4,Life Sciences,Sales Representative,2,1,0,0,0,0,3,1,8114,22,3,No,Travel_Rarely,2,2,4,1,3,3,5,No
E100258,41,Female,Married,Research & Development,3,2,Life Sciences,Manager,1,1,0,0,0,3,11,0,7781,23,1,Yes,Travel_Rarely,1,3,4,1,3,3,6,No
E100259,28,Female,Married,Human Resources,19,1,Marketing,Human Resources,5,16,4,6,13,6,21,1,22867,13,2,No,Travel_Rarely,2,2,1,2,2,3,2,No
E100260,25,Male,Single,Research & Development,18,1,Technical Degree,Laboratory Technician,4,2,0,0,0,4,11,1,15700,15,3,Yes,Travel_Frequently,4,1,2,4,2,3,0,No
E100261,53,Female,Divorced,Human Resources,10,4,Medical,Manager,2,2,0,0,0,9,14,0,10120,20,1,No,Travel_Rarely,2,2,4,4,3,3,3,No
E100262,55,Female,Single,Sales,6,5,Life Sciences,Sales Representative,3,4,1,1,0,5,18,1,12319,22,2,No,Travel_Rarely,2,3,2,3,2,4,1,Yes
E100263,57,Male,Single,Research & Development,13,3,Life Sciences,Research Scientist,2,17,14,9,8,9,25,0,10171,14,0,No,Travel_Frequently,4,3,1,2,4,3,4,No
E100264,37,Female,Single,Research & Development,10,4,Human Resources,Manager,5,20,17,5,13,3,21,1,20875,23,2,No,Non-Travel,3,4,4,3,3,3,4,No
E100265,52,Male,Single,Sales,18,5,Marketing,Sales Representative,3,4,3,1,2,1,13,0,12002,15,2,No,Travel_Rarely,3,1,1,4,2,3,3,No
E100266,42,Male,Single,Sales,26,5,Technical Degree,Sales Executive,4,0,0,0,0,8,9,1,14876,16,2,No,Non-Travel,1,1,4,2,3,3,2,No
E100267,52,Male,Married,Research & Development,20,2,Medical,Research Scientist,4,11,9,1,2,1,20,2,19541,15,3,No,Travel_Frequently,2,2,1,1,1,4,5,No
E100268,42,Male,Divorced,Research & Development,26,2,Life Sciences,Manager,4,4,2,0,3,1,8,0,16606,20,0,Yes,Non-Travel,1,1,1,1,4,3,6,No
E100269,46,Male,Single,Research & Development,16,1,Human Resources,Research Scientist,1,2,1,0,1,1,7,0,6802,11,3,No,Travel_Rarely,2,3,3,3,3,3,1,No
E100270,35,Female,Married,Research & Development,25,1,Marketing,Research Scientist,3,8,5,1,4,0,11,0,12161,16,0,No,Travel_Frequently,1,2,4,2,1,3,3,No
E100271,35,Male,Married,Research & Development,25,3,Marketing,Healthcare Representative,3,2,1,0,1,2,8,2,14347,19,1,No,Travel_Rarely,1,4,4,4,3,3,3,No
E100272,19,Male,Divorced,Sales,6,3,Medical,Sales Representative,1,0,0,0,0,5,1,2,6462,13,1,No,Travel_Rarely,4,2,4,3,1,3,4,Yes
E100273,52,Male,Married,Research & Development,13,3,Life Sciences,Manager,3,8,6,0,3,6,14,2,13876,25,2,No,Non-Travel,3,2,2,1,2,3,3,No
E100274,33,Female,Single,Sales,4,3,Medical,Manager,1,3,1,1,2,0,4,0,6944,12,2,No,Travel_Rarely,3,4,3,4,1,3,0,No
E100275,58,Male,Married,Sales,23,5,Medical,Manager,2,2,1,0,1,4,2,1,10085,16,3,Yes,Travel_Frequently,3,2,2,2,4,3,0,No
E100276,53,Male,Married,Human Resources,14,5,Other,Manager,5,1,0,0,0,4,11,1,21195,22,0,Yes,Travel_Rarely,4,1,4,1,4,3,1,No
E100277,50,Male,Divorced,Research & Development,1,1,Human Resources,Research Scientist,4,4,1,0,3,0,8,1,17401,24,0,No,Travel_Frequently,3,2,3,4,2,3,3,No
E100278,21,Male,Single,Research & Development,28,2,Marketing,Manufacturing Director,1,1,0,0,0,3,2,0,5236,13,0,No,Travel_Frequently,4,2,1,1,3,3,4,Yes
E100279,50,Female,Married,Research & Development,20,2,Other,Laboratory Technician,1,1,0,0,0,9,8,0,6202,14,2,No,Travel_Rarely,2,2,3,2,4,3,5,No
E100280,31,Female,Divorced,Research & Development,5,4,Technical Degree,Laboratory Technician,1,5,2,1,3,0,16,0,6629,16,2,No,Travel_Rarely,4,3,1,3,2,3,1,No
E100281,38,Male,Divorced,Sales,8,5,Marketing,Sales Representative,2,10,3,2,5,0,21,0,9736,22,0,No,Travel_Rarely,1,3,4,4,4,3,2,No
E100282,37,Female,Divorced,Sales,12,3,Marketing,Sales Representative,1,3,2,0,0,6,14,1,6623,23,2,No,Non-Travel,1,1,4,4,2,3,4,No
E100283,25,Female,Married,Sales,2,3,Human Resources,Sales Representative,5,7,4,1,5,6,14,0,22483,22,0,No,Travel_Rarely,2,4,1,2,4,3,2,No
E100284,24,Female,Married,Research & Development,12,4,Technical Degree,Manufacturing Director,5,7,4,3,1,2,7,0,17830,16,3,Yes,Travel_Frequently,2,3,3,1,2,4,1,Yes
E100285,20,Male,Married,Research & Development,5,2,Life Sciences,Manager,4,5,4,2,3,6,8,0,18553,22,1,No,Travel_Rarely,1,3,2,1,4,3,0,No
E100286,34,Male,Married,Research & Development,22,3,Technical Degree,Manufacturing Director,2,1,0,0,0,2,14,0,10888,12,0,No,Travel_Frequently,3,1,3,1,3,3,4,No
E100287,50,Male,Single,Research & Development,5,2,Life Sciences,Healthcare Representative,5,10,3,4,4,1,18,0,19031,23,2,No,Travel_Frequently,3,1,1,4,1,3,5,No
E100288,29,Female,Married,Human Resources,13,4,Technical Degree,Human Resources,3,2,0,0,0,9,6,1,12808,23,3,No,Travel_Frequently,3,4,1,4,4,3,4,Yes
E100289,39,Male,Married,Sales,9,2,Medical,Sales Executive,3,0,0,0,0,3,11,2,12289,13,2,No,Travel_Frequently,2,2,2,1,2,3,1,Yes
E100290,39,Male,Single,Sales,10,2,Technical Degree,Manager,3,1,0,0,0,9,11,1,15368,23,2,No,Travel_Rarely,1,2,2,4,3,4,4,No
E100291,47,Male,Divorced,Research & Development,1,2,Other,Laboratory Technician,1,7,2,1,6,2,16,0,8413,19,2,No,Travel_Frequently,4,4,2,3,4,3,4,No
E100292,55,Female,Married,Research & Development,3,3,Other,Manufacturing Director,1,0,0,0,0,6,12,0,6125,12,0,No,Travel_Rarely,2,4,1,2,2,3,1,Yes
E100293,55,Male,Divorced,Human Resources,18,1,Human Resources,Human Resources,3,0,0,0,0,0,5,0,14406,13,3,No,Travel_Rarely,1,4,4,2,1,3,6,No
E100294,25,Female,Single,Sales,12,5,Life Sciences,Sales Executive,4,5,3,0,3,5,7,0,17210,19,0,Yes,Travel_Rarely,3,1,3,4,2,4,3,No
E100295,44,Female,Single,Research & Development,29,2,Marketing,Healthcare Representative,4,11,2,0,8,1,15,0,14957,14,1,No,Travel_Rarely,3,2,2,3,4,3,1,No
E100296,44,Male,Married,Research & Development,3,2,Human Resources,Laboratory Technician,1,5,1,1,2,7,18,2,8262,25,0,No,Travel_Rarely,3,4,1,3,2,3,4,No
E100297,51,Female,Single,Sales,26,2,Other,Sales Executive,3,1,0,0,0,4,12,0,14136,11,1,No,Travel_Rarely,1,4,3,1,2,3,5,No
E100298,38,Male,Married,Research & Development,25,1,Other,Manufacturing Director,4,0,0,0,0,2,12,0,15327,21,3,No,Travel_Rarely,3,2,2,2,1,3,5,No
E100299,47,Female,Married,Research & Development,29,4,Life Sciences,Laboratory Technician,1,4,3,0,3,9,16,0,8210,23,3,No,Travel_Rarely,1,2,4,2,4,3,1,No
E100300,50,Male,Single,Human Resources,9,3,Other,Human Resources,3,0,0,0,0,6,12,1,11862,12,0,No,Travel_Rarely,2,1,3,2,4,4,4,Yes
E100301,45,Female,Married,Sales,26,1,Other,Manager,2,4,3,1,1,1,4,0,9350,25,0,No,Travel_Frequently,4,3,3,4,1,3,2,No
E100302,50,Female,Married,Research & Development,2,2,Life Sciences,Manufacturing Director,3,1,0,0,0,4,8,2,11139,13,2,No,Travel_Rarely,3,3,1,3,3,3,2,No
E100303,22,Female,Married,Research & Development,3,1,Other,Laboratory Technician,3,11,10,0,6,7,21,1,16675,19,1,No,Non-Travel,2,1,1,1,2,4,0,No
E100304,36,Female,Divorced,Research & Development,14,1,Marketing,Manager,5,3,0,0,1,0,17,0,22090,25,2,No,Travel_Frequently,2,1,1,4,2,4,6,No
E100305,21,Male,Divorced,Research & Development,4,1,Medical,Research Scientist,5,1,0,0,0,0,6,0,17252,19,2,No,Travel_Frequently,1,2,4,1,2,3,1,No
E100306,52,Female,Married,Research & Development,25,4,Human Resources,Manager,2,9,5,0,6,2,20,0,10763,21,3,No,Travel_Frequently,2,1,3,4,4,3,1,No
E100307,34,Female,Married,Research & Development,19,5,Marketing,Laboratory Technician,2,1,0,0,0,2,2,1,8209,25,0,No,Travel_Rarely,1,1,2,2,4,3,2,No
E100308,45,Male,Married,Research & Development,13,3,Marketing,Research Scientist,3,1,0,0,0,6,4,0,13586,16,3,No,Travel_Rarely,1,4,4,1,2,4,2,No
E100309,47,Male,Divorced,Research & Development,7,4,Medical,Research Scientist,4,8,3,2,7,5,11,0,14420,24,0,No,Travel_Rarely,2,1,2,3,4,3,2,Yes
E100310,46,Female,Married,Sales,12,4,Human Resources,Sales Executive,2,1,0,0,0,6,9,0,10999,21,3,No,Travel_Rarely,1,1,2,3,1,3,5,No
E100311,23,Female,Married,Research & Development,3,5,Marketing,Healthcare Representative,3,2,0,0,0,3,10,1,15064,16,3,No,Non-Travel,1,4,1,4,1,3,5,No
E100312,52,Female,Divorced,Sales,23,4,Other,Sales Representative,1,2,0,0,1,1,6,0,6760,13,3,No,Travel_Rarely,1,2,2,2,4,3,0,No
E100313,58,Male,Single,Research & Development,23,1,Medical,Healthcare Representative,5,0,0,0,0,1,11,1,18113,15,1,No,Travel_Frequently,2,2,2,4,2,3,0,No
E100314,54,Female,Divorced,Research & Development,9,1,Human Resources,Research Scientist,4,0,0,0,0,9,2,0,14887,25,3,No,Travel_Rarely,4,1,4,1,2,3,3,No
E100315,41,Male,Single,Research & Development,2,2,Technical Degree,Healthcare Representative,3,6,4,1,1,0,6,0,12732,21,1,No,Travel_Rarely,1,1,1,3,2,3,5,No
E100316,46,Female,Married,Research & Development,29,4,Life Sciences,Healthcare Representative,1,5,4,1,3,8,10,0,7116,14,3,Yes,Travel_Rarely,3,3,2,3,2,3,1,No
E100317,48,Male,Married,Human Resources,22,2,Other,Manager,5,1,0,0,0,6,8,0,20444,20,0,Yes,Travel_Rarely,2,4,2,3,4,3,0,No
E100318,52,Female,Divorced,Sales,9,3,Medical,Sales Representative,1,1,0,0,0,9,1,0,5914,20,1,No,Non-Travel,2,3,2,3,3,3,4,Yes
E100319,50,Female,Divorced,Research & Development,12,1,Life Sciences,Manufacturing Director,3,14,12,6,13,2,24,2,14311,22,0,No,Travel_Rarely,1,1,3,1,3,3,1,No
E100320,38,Male,Married,Research & Development,12,3,Technical Degree,Healthcare Representative,2,21,6,8,5,1,21,1,12759,19,0,Yes,Travel_Rarely,2,3,3,3,2,3,3,No
E100321,49,Female,Married,Sales,15,5,Marketing,Manager,5,3,1,1,1,2,17,1,17960,19,0,No,Travel_Rarely,3,3,1,4,2,3,2,No
E100322,40,Male,Married,Sales,2,1,Marketing,Sales Executive,1,8,6,3,4,6,18,0,7780,11,1,Yes,Travel_Frequently,4,2,4,3,2,4,3,No
E100323,50,Female,Divorced,Human Resources,18,3,Human Resources,Human Resources,2,6,4,2,4,4,12,0,11194,18,2,No,Travel_Rarely,2,4,1,1,3,3,1,No
E100324,20,Female,Married,Research & Development,13,5,Medical,Research Scientist,4,1,0,0,0,2,7,0,14013,25,1,Yes,Travel_Rarely,2,2,3,2,1,3,2,Yes
E100325,35,Male,Married,Human Resources,14,3,Medical,Manager,3,0,0,0,0,8,1,1,12972,19,2,No,Travel_Rarely,2,2,1,2,3,3,3,Yes
E100326,42,Female,Single,Human Resources,5,5,Human Resources,Manager,3,0,0,0,0,1,2,0,13523,15,1,No,Travel_Rarely,1,3,4,3,4,3,3,No
E100327,59,Female,Divorced,Sales,26,5,Life Sciences,Sales Executive,5,9,8,0,6,6,10,0,20650,14,3,No,Travel_Rarely,3,4,1,2,3,3,1,No
E100328,48,Male,Married,Research & Development,10,1,Marketing,Manager,1,6,2,2,4,9,11,0,5994,20,2,No,Travel_Rarely,4,1,2,1,4,3,0,Yes
E100329,20,Male,Married,Research & Development,12,2,Marketing,Healthcare Representative,4,5,4,2,2,5,17,0,15676,14,3,No,Travel_Rarely,3,4,4,3,2,3,4,No
E100330,57,Female,Single,Research & Development,10,5,Medical,Research Scientist,5,0,0,0,0,5,12,0,18995,12,2,No,Travel_Rarely,3,2,4,1,4,3,3,No
E100331,41,Female,Divorced,Research & Development,24,5,Medical,Laboratory Technician,5,5,1,0,1,6,12,0,18346,19,1,Yes,Travel_Rarely,2,3,4,2,2,4,4,No
E100332,49,Female,Single,Research & Development,11,1,Human Resources,Manager,1,7,3,1,1,5,14,1,8404,15,1,No,Travel_Rarely,4,1,1,2,1,3,5,No
E100333,39,Female,Married,Research & Development,25,2,Technical Degree,Manufacturing Director,4,9,6,4,3,1,23,0,18881,21,2,No,Travel_Rarely,3,2,1,3,2,3,5,No
E100334,40,Male,Divorced,Research & Development,2,4,Life Sciences,Healthcare Representative,1,0,0,0,0,4,0,2,5352,13,3,No,Travel_Rarely,4,3,2,2,2,3,1,No
E100335,19,Female,Married,Sales,5,4,Other,Sales Representative,3,5,2,1,4,2,15,0,15691,16,0,Yes,Travel_Rarely,1,2,4,3,1,3,6,No
E100336,44,Male,Single,Research & Development,7,2,Technical Degree,Manufacturing Director,2,0,0,0,0,8,8,1,10571,19,2,No,Non-Travel,2,3,2,3,2,3,1,Yes
E100337,59,Male,Married,Research & Development,6,3,Technical Degree,Manufacturing Director,3,6,5,3,4,7,16,0,13114,19,2,No,Travel_Frequently,1,4,4,4,2,3,6,No
E100338,19,Male,Divorced,Research & Development,22,1,Medical,Manager,3,5,2,0,4,9,12,0,13048,22,3,No,Travel_Rarely,4,2,3,4,2,3,6,No
E100339,43,Male,Married,Sales,23,2,Medical,Sales Executive,5,0,0,0,0,1,8,3,17705,23,0,Yes,Non-Travel,2,4,1,4,3,3,6,No
E100340,34,Male,Divorced,Research & Development,3,4,Medical,Laboratory Technician,3,7,5,1,5,0,19,0,16412,15,2,No,Travel_Rarely,1,4,2,1,4,3,0,No
E100341,57,Male,Single,Sales,13,5,Technical Degree,Sales Representative,4,0,0,0,0,3,13,0,16947,18,0,No,Travel_Rarely,2,3,1,2,2,3,6,No
E100342,50,Female,Married,Research & Development,3,4,Life Sciences,Laboratory Technician,3,8,2,2,2,3,20,2,16222,14,0,Yes,Travel_Rarely,1,1,1,2,3,3,2,Yes
E100343,26,Male,Married,Research & Development,26,5,Medical,Laboratory Technician,4,1,0,0,0,9,9,1,15625,15,1,No,Travel_Rarely,3,4,3,4,2,3,4,No
E100344,60,Male,Divorced,Research & Development,25,1,Marketing,Research Scientist,1,5,1,2,2,1,15,0,8311,17,3,Yes,Travel_Frequently,2,2,3,3,4,3,3,No
E100345,56,Male,Single,Sales,24,5,Life Sciences,Sales Executive,5,12,8,3,3,6,23,1,18414,17,2,No,Travel_Rarely,4,2,4,3,2,3,2,No
E100346,46,Male,Divorced,Research & Development,21,2,Marketing,Manager,4,2,1,1,1,2,7,0,18474,23,2,No,Travel_Rarely,2,3,3,3,4,3,5,No
E100347,59,Male,Married,Research & Development,6,5,Life Sciences,Healthcare Representative,3,3,1,1,2,6,5,0,14269,17,0,No,Travel_Rarely,4,4,4,3,3,3,5,No
E100348,43,Male,Married,Research & Development,11,3,Medical,Research Scientist,5,3,1,1,2,6,3,3,18086,18,2,No,Travel_Frequently,1,1,3,1,3,4,4,No
E100349,52,Female,Single,Research & Development,28,2,Other,Manager,5,0,0,0,0,0,10,0,21323,21,0,No,Travel_Rarely,1,1,3,2,2,4,4,No
E100350,42,Female,Divorced,Research & Development,26,1,Human Resources,Manufacturing Director,4,4,3,0,2,5,11,0,17877,15,2,No,Travel_Rarely,4,2,2,4,1,3,6,No
E100351,41,Female,Single,Research & Development,17,2,Medical,Healthcare Representative,4,6,3,1,4,3,15,2,19158,25,3,No,Travel_Rarely,1,3,3,1,4,3,2,No
E100352,30,Male,Single,Sales,10,3,Technical Degree,Sales Executive,2,12,7,6,1,7,14,2,9968,11,2,Yes,Non-Travel,2,4,2,2,2,3,2,Yes
E100353,24,Male,Single,Sales,12,1,Other,Manager,2,9,3,1,2,7,21,0,11301,21,0,No,Travel_Rarely,1,2,3,1,3,3,0,No
E100354,53,Female,Divorced,Research & Development,17,4,Technical Degree,Manufacturing Director,5,3,2,1,1,2,9,2,21724,19,0,No,Non-Travel,4,3,2,3,2,4,3,No
E100355,37,Male,Married,Research & Development,4,3,Life Sciences,Manager,2,6,5,2,3,3,18,0,11984,19,2,No,Travel_Rarely,4,1,1,1,4,3,3,No
E100356,18,Male,Divorced,Research & Development,2,1,Technical Degree,Research Scientist,3,8,6,3,3,0,17,0,13688,25,2,No,Travel_Rarely,3,2,4,1,2,3,3,No
E100357,25,Male,Single,Sales,11,5,Other,Sales Executive,1,3,1,1,1,9,8,1,7350,17,0,No,Travel_Frequently,4,3,3,3,4,3,6,No
E100358,33,Male,Married,Sales,7,2,Other,Sales Representative,5,0,0,0,0,1,2,1,16192,22,1,Yes,Travel_Frequently,1,1,2,3,3,3,5,Yes
E100359,31,Male,Married,Research & Development,2,1,Medical,Manufacturing Director,1,2,0,0,0,6,7,1,7093,16,1,Yes,Travel_Rarely,4,3,3,4,1,4,5,No
E100360,29,Male,Divorced,Sales,26,2,Marketing,Sales Executive,2,9,5,2,3,6,20,1,10305,23,2,Yes,Travel_Rarely,1,2,2,4,1,4,2,No
E100361,40,Male,Divorced,Research & Development,18,5,Medical,Laboratory Technician,4,4,2,2,2,8,6,0,14992,23,3,No,Travel_Rarely,1,4,2,2,3,3,0,No
E100362,32,Male,Single,Sales,21,1,Life Sciences,Manager,5,6,3,2,3,9,18,1,20617,15,2,Yes,Travel_Rarely,3,3,3,4,3,3,1,No
E100363,45,Female,Married,Research & Development,4,4,Technical Degree,Research Scientist,2,1,0,0,0,8,15,0,10538,15,3,No,Travel_Rarely,1,4,4,4,2,3,0,No
E100364,51,Female,Single,Human Resources,8,3,Marketing,Human Resources,3,16,11,7,7,8,28,0,15555,25,2,No,Travel_Rarely,4,2,2,2,3,3,5,No
E100365,19,Female,Married,Sales,20,1,Human Resources,Sales Representative,5,2,0,0,0,5,15,1,20572,13,0,No,Travel_Rarely,4,1,1,1,3,4,6,No
E100366,49,Female,Single,Research & Development,14,5,Other,Healthcare Representative,5,5,2,0,2,7,13,0,19046,20,2,No,Travel_Rarely,4,3,3,1,4,3,2,No
E100367,40,Female,Single,Sales,12,1,Marketing,Manager,4,0,0,0,0,8,12,1,15108,11,3,No,Travel_Rarely,1,1,1,1,2,3,0,No
E100368,39,Male,Married,Research & Development,22,2,Marketing,Healthcare Representative,5,0,0,0,0,6,0,0,19990,16,3,No,Travel_Rarely,4,4,2,3,4,3,2,No
E100369,42,Male,Married,Research & Development,21,1,Medical,Manager,4,7,3,2,2,3,19,0,17052,18,2,No,Travel_Frequently,2,4,2,2,2,3,4,No
E100370,39,Male,Married,Research & Development,27,4,Human Resources,Healthcare Representative,2,17,4,4,16,3,24,1,11800,24,2,No,Travel_Rarely,2,1,3,1,2,3,4,No
E100371,39,Female,Married,Research & Development,18,1,Other,Laboratory Technician,3,1,0,0,0,5,5,1,13251,12,1,Yes,Travel_Frequently,4,2,4,4,1,3,1,No
E100372,59,Female,Married,Research & Development,11,3,Life Sciences,Laboratory Technician,3,0,0,0,0,3,14,2,15473,18,2,No,Travel_Rarely,1,4,1,4,1,3,5,No
E100373,23,Male,Single,Sales,29,1,Life Sciences,Sales Representative,5,2,1,0,0,6,5,0,20289,18,2,No,Travel_Rarely,4,2,4,4,3,3,6,No
E100374,32,Female,Divorced,Sales,28,2,Marketing,Sales Executive,5,0,0,0,0,7,0,1,15977,20,0,No,Travel_Rarely,2,1,1,2,2,3,4,No
E100375,60,Male,Single,Research & Development,8,1,Marketing,Research Scientist,2,1,0,0,0,7,9,1,10993,18,3,Yes,Travel_Rarely,1,2,4,2,3,3,1,No
E100376,54,Female,Married,Research & Development,2,4,Technical Degree,Laboratory Technician,4,6,1,3,1,7,18,1,20023,20,1,No,Travel_Rarely,4,4,3,4,4,3,3,No
E100377,50,Male,Married,Research & Development,25,5,Human Resources,Healthcare Representative,3,13,11,1,3,1,21,1,14499,25,0,No,Travel_Rarely,1,1,1,3,3,4,2,No
E100378,25,Male,Married,Research & Development,15,1,Other,Healthcare Representative,4,0,0,0,0,9,12,0,19098,13,2,No,Non-Travel,4,2,3,3,4,4,6,No
E100379,22,Male,Single,Research & Development,9,1,Marketing,Healthcare Representative,2,4,3,1,2,1,8,0,9999,20,3,No,Travel_Frequently,3,2,4,1,1,3,3,No
E100380,56,Male,Married,Research & Development,19,3,Technical Degree,Research Scientist,3,1,0,0,0,1,14,0,13613,18,2,Yes,Travel_Frequently,1,3,4,1,1,3,3,No
E100381,21,Male,Divorced,Research & Development,20,4,Human Resources,Manufacturing Director,3,0,0,0,0,1,10,0,12627,21,2,No,Travel_Rarely,2,4,4,1,4,3,1,No
E100382,23,Male,Married,Human Resources,8,5,Other,Manager,1,1,0,0,0,3,9,0,7100,25,2,Yes,Travel_Rarely,2,3,3,1,4,3,2,Yes
E100383,49,Female,Married,Research & Development,25,2,Life Sciences,Manager,2,4,0,2,3,4,18,1,10163,22,2,No,Travel_Frequently,2,2,2,1,4,4,1,No
E100384,47,Male,Married,Sales,19,1,Technical Degree,Manager,2,0,0,0,0,3,9,1,8797,22,3,No,Travel_Rarely,2,4,2,2,3,3,0,No
E100385,52,Male,Single,Sales,5,5,Human Resources,Manager,1,2,0,0,0,4,15,1,6436,24,0,No,Travel_Rarely,4,1,1,2,4,3,3,No
E100386,57,Female,Married,Sales,11,2,Technical Degree,Sales Representative,4,0,0,0,0,3,8,2,15247,14,2,No,Travel_Rarely,4,1,3,3,2,3,2,No
E100387,33,Female,Married,Sales,15,4,Marketing,Sales Executive,1,1,0,0,0,6,7,1,6335,13,2,Yes,Travel_Rarely,1,1,3,3,4,3,3,Yes
E100388,30,Male,Single,Research & Development,8,4,Medical,Manager,2,1,0,0,0,9,8,1,10014,21,1,Yes,Non-Travel,3,2,3,2,1,4,0,No
E100389,59,Male,Single,Research & Development,19,5,Life Sciences,Healthcare Representative,4,10,9,4,7,0,10,0,15474,19,1,No,Travel_Rarely,3,2,4,3,4,3,5,No
E100390,47,Male,Single,Research & Development,23,2,Marketing,Laboratory Technician,3,6,4,1,2,0,9,0,15093,18,3,No,Travel_Rarely,1,1,3,4,1,3,0,No
E100391,36,Male,Married,Research & Development,27,4,Marketing,Healthcare Representative,1,10,4,2,6,1,19,1,7481,20,2,No,Travel_Rarely,2,3,2,3,1,3,5,Yes
E100392,34,Female,Divorced,Research & Development,8,5,Human Resources,Research Scientist,4,2,0,0,1,0,11,1,16325,23,2,Yes,Travel_Rarely,3,3,1,4,3,3,2,No
E100393,36,Male,Single,Sales,26,4,Technical Degree,Sales Representative,4,1,0,0,0,9,15,0,15064,23,2,No,Travel_Rarely,3,4,2,4,4,3,2,No
E100394,45,Male,Married,Sales,27,4,Life Sciences,Sales Executive,4,2,1,0,0,9,5,3,14758,12,3,Yes,Travel_Rarely,1,4,3,1,1,3,6,No
E100395,43,Female,Single,Sales,19,4,Marketing,Manager,1,0,0,0,0,2,11,2,6068,23,3,No,Non-Travel,2,1,1,3,2,3,0,Yes
E100396,54,Male,Divorced,Research & Development,18,3,Human Resources,Laboratory Technician,3,6,5,1,2,5,14,0,14026,23,2,No,Travel_Rarely,4,2,1,4,4,4,3,No
E100397,43,Male,Single,Sales,10,2,Life Sciences,Manager,4,2,0,0,0,9,4,0,16968,25,2,No,Travel_Rarely,4,2,3,3,4,3,4,Yes
E100398,40,Male,Married,Sales,29,5,Technical Degree,Sales Representative,1,1,0,0,0,5,15,0,6815,23,3,Yes,Travel_Rarely,3,4,3,3,1,3,3,Yes
E100399,26,Female,Married,Research & Development,7,5,Marketing,Manager,2,4,1,2,1,0,15,0,10275,24,2,No,Travel_Rarely,4,1,2,2,3,3,4,Yes
E100400,29,Male,Married,Research & Development,28,2,Other,Manager,1,2,1,0,0,5,11,1,6001,18,0,Yes,Travel_Rarely,1,4,2,2,3,3,1,No
E100401,18,Female,Married,Sales,9,2,Marketing,Sales Representative,1,19,5,8,4,4,33,1,10643,21,0,Yes,Travel_Rarely,3,3,4,1,4,4,2,No
E100402,18,Male,Married,Research & Development,1,2,Marketing,Laboratory Technician,1,2,0,0,0,6,11,0,7609,21,3,No,Travel_Rarely,3,1,4,3,4,3,0,No
E100403,51,Male,Married,Research & Development,19,2,Life Sciences,Manager,4,4,2,1,2,5,4,0,13712,13,0,No,Travel_Rarely,2,1,4,2,3,4,1,No
E100404,49,Female,Single,Research & Development,5,1,Life Sciences,Laboratory Technician,1,1,0,0,0,6,15,0,7195,20,1,Yes,Non-Travel,4,1,3,4,3,3,3,No
E100405,42,Female,Single,Human Resources,19,5,Life Sciences,Manager,2,23,17,0,12,1,33,2,14616,22,2,No,Travel_Rarely,2,3,3,4,2,4,4,No
E100406,57,Female,Married,Sales,1,1,Life Sciences,Manager,4,2,1,0,1,0,6,1,15501,24,1,No,Travel_Rarely,3,1,4,1,4,3,5,No
E100407,18,Female,Single,Sales,15,4,Human Resources,Sales Representative,2,5,2,0,3,6,11,1,10300,16,1,No,Travel_Rarely,4,4,4,4,4,3,2,No
E100408,33,Female,Single,Research & Development,16,4,Medical,Healthcare Representative,5,0,0,0,0,8,11,0,18959,15,1,No,Travel_Frequently,2,3,2,3,4,3,4,Yes
E100409,56,Male,Married,Research & Development,23,5,Human Resources,Manufacturing Director,1,6,5,2,1,1,9,0,6975,18,0,No,Travel_Rarely,4,2,4,4,3,3,3,No
E100410,22,Male,Divorced,Research & Development,7,4,Marketing,Research Scientist,4,1,0,0,0,6,9,0,18729,19,2,No,Travel_Rarely,3,4,4,1,1,3,6,No
E100411,39,Female,Married,Research & Development,26,2,Human Resources,Manufacturing Director,4,2,0,0,0,2,7,0,18548,21,2,No,Travel_Rarely,3,4,1,1,2,3,3,No
E100412,46,Male,Single,Research & Development,12,1,Technical Degree,Laboratory Technician,1,10,4,3,2,5,15,1,8118,17,3,Yes,Travel_Rarely,3,4,4,4,3,3,0,No
E100413,20,Female,Single,Human Resources,8,2,Other,Human Resources,3,17,6,3,16,2,19,1,13967,16,1,No,Travel_Rarely,1,3,1,3,3,4,1,No
E100414,29,Female,Divorced,Human Resources,5,4,Life Sciences,Human Resources,3,2,1,1,0,9,11,2,13397,16,0,Yes,Travel_Rarely,2,4,4,2,2,3,2,No
E100415,43,Male,Single,Research & Development,10,1,Technical Degree,Research Scientist,2,9,2,3,5,4,18,0,10584,11,1,No,Travel_Rarely,2,3,1,3,4,4,0,No
E100416,33,Male,Single,Sales,28,2,Other,Sales Executive,1,0,0,0,0,1,4,0,7080,15,1,No,Travel_Frequently,3,1,4,3,1,3,4,Yes
E100417,54,Female,Married,Research & Development,21,5,Technical Degree,Research Scientist,1,9,3,1,2,7,18,1,8349,24,2,No,Travel_Rarely,2,2,2,3,2,3,6,No
E100418,39,Male,Married,Sales,5,2,Marketing,Sales Executive,5,4,3,1,0,7,9,0,19280,18,3,No,Travel_Rarely,3,1,3,4,1,3,1,No
E100419,46,Female,Married,Sales,17,4,Life Sciences,Sales Executive,3,3,2,0,1,6,16,0,11967,16,0,Yes,Travel_Rarely,2,4,1,2,4,4,2,Yes
E100420,31,Male,Single,Research & Development,26,1,Technical Degree,Manufacturing Director,3,11,7,0,3,5,14,1,13864,22,2,Yes,Travel_Rarely,4,3,3,3,1,3,4,Yes
E100421,45,Female,Single,Sales,5,5,Marketing,Manager,1,9,6,3,2,0,21,1,9413,11,1,No,Travel_Rarely,2,3,2,2,4,3,2,No
E100422,22,Male,Divorced,Sales,22,1,Life Sciences,Sales Executive,2,1,0,0,0,7,3,0,9324,25,2,No,Travel_Rarely,3,1,4,1,3,3,2,Yes
E100423,47,Female,Single,Sales,15,5,Medical,Sales Executive,1,7,4,3,3,0,11,1,6351,25,1,No,Travel_Rarely,2,4,4,2,4,3,5,No
E100424,22,Male,Married,Research & Development,13,1,Marketing,Research Scientist,2,0,0,0,0,7,6,0,8240,15,0,No,Travel_Rarely,4,2,2,4,2,4,5,Yes
E100425,29,Male,Married,Research & Development,28,4,Human Resources,Manager,3,8,4,2,3,1,18,1,13638,23,2,No,Travel_Rarely,4,3,3,1,2,3,6,No
E100426,33,Male,Married,Research & Development,1,5,Life Sciences,Healthcare Representative,5,5,4,1,3,7,10,0,22171,21,2,No,Travel_Rarely,4,3,3,1,4,3,1,No
E100427,43,Female,Single,Sales,11,3,Technical Degree,Sales Executive,4,0,0,0,0,9,1,0,17717,22,2,Yes,Travel_Rarely,3,4,3,3,4,3,5,No
E100428,43,Female,Single,Research & Development,23,1,Other,Research Scientist,3,5,4,1,0,3,5,0,14396,15,2,No,Travel_Frequently,1,3,3,2,3,3,4,No
E100429,38,Male,Married,Research & Development,1,1,Technical Degree,Healthcare Representative,2,4,2,0,1,6,8,0,10538,22,2,Yes,Travel_Rarely,3,4,1,1,3,3,5,No
E100430,56,Male,Divorced,Research & Development,11,2,Human Resources,Healthcare Representative,1,4,2,1,0,4,8,1,6776,13,0,No,Travel_Rarely,4,4,3,1,4,3,6,No
E100431,53,Male,Divorced,Research & Development,18,5,Human Resources,Healthcare Representative,3,1,0,0,0,7,12,0,13908,18,3,No,Travel_Rarely,2,2,1,2,1,3,6,No
E100432,50,Female,Single,Sales,18,3,Technical Degree,Sales Representative,5,1,0,0,0,5,12,2,20173,25,0,No,Travel_Rarely,4,4,2,2,3,3,0,No
E100433,47,Female,Single,Human Resources,21,4,Other,Human Resources,2,7,5,0,0,4,12,1,10982,19,2,No,Travel_Frequently,1,1,4,1,2,3,0,No
E100434,54,Male,Divorced,Research & Development,26,2,Life Sciences,Healthcare Representative,1,1,0,0,0,0,3,0,5912,16,1,No,Travel_Rarely,1,2,1,1,3,3,0,No
E100435,40,Male,Married,Human Resources,16,3,Marketing,Human Resources,4,2,1,0,0,2,2,0,16328,16,1,No,Travel_Rarely,4,4,3,2,3,4,6,No
E100436,27,Male,Divorced,Research & Development,13,5,Human Resources,Manufacturing Director,2,5,1,1,2,9,19,0,9910,12,2,No,Travel_Rarely,3,4,4,4,3,3,2,No
E100437,22,Male,Single,Research & Development,7,3,Human Resources,Research Scientist,1,0,0,0,0,8,3,1,5634,20,3,Yes,Travel_Rarely,1,2,1,2,3,3,3,Yes
E100438,53,Male,Married,Research & Development,1,1,Human Resources,Research Scientist,4,4,2,0,1,8,7,0,17766,12,2,No,Travel_Rarely,4,3,4,4,4,3,1,No
E100439,51,Female,Married,Research & Development,26,1,Other,Laboratory Technician,1,4,0,0,3,4,13,1,8139,16,0,Yes,Travel_Rarely,3,2,2,1,3,3,0,No
E100440,48,Male,Married,Human Resources,16,2,Medical,Human Resources,4,5,1,1,0,2,6,2,16207,22,3,No,Travel_Rarely,2,3,3,3,1,3,1,No
E100441,27,Female,Married,Research & Development,1,5,Other,Healthcare Representative,4,2,0,0,1,5,15,1,14697,18,3,Yes,Travel_Rarely,3,2,2,2,3,3,5,Yes
E100442,36,Male,Single,Sales,17,5,Life Sciences,Manager,4,2,1,0,0,4,9,0,18478,12,0,Yes,Non-Travel,1,2,4,1,3,4,2,Yes
E100443,49,Male,Married,Research & Development,6,3,Life Sciences,Manufacturing Director,1,2,1,0,0,0,7,0,6936,19,3,Yes,Travel_Rarely,3,1,2,1,2,3,1,Yes
E100444,18,Female,Single,Research & Development,2,2,Life Sciences,Healthcare Representative,4,8,6,2,4,1,19,1,17126,23,2,Yes,Travel_Rarely,3,2,3,3,3,3,0,No
E100445,22,Female,Married,Research & Development,17,5,Life Sciences,Laboratory Technician,2,0,0,0,0,4,2,0,9409,22,2,No,Travel_Rarely,2,1,1,2,2,3,0,No
E100446,21,Female,Divorced,Sales,6,1,Life Sciences,Sales Executive,5,16,4,6,3,8,30,0,21634,24,1,No,Travel_Rarely,4,4,2,1,2,3,6,No
E100447,33,Male,Married,Research & Development,14,3,Technical Degree,Research Scientist,5,5,2,0,1,3,5,0,18901,19,0,Yes,Travel_Frequently,3,3,3,4,4,3,2,Yes
E100448,41,Male,Divorced,Research & Development,18,4,Human Resources,Manufacturing Director,4,10,4,1,9,8,21,2,19887,25,3,No,Travel_Rarely,2,3,4,3,2,3,2,No
E100449,33,Female,Single,Research & Development,6,1,Other,Research Scientist,5,2,1,0,0,2,12,1,17912,24,3,No,Non-Travel,1,1,2,4,2,3,4,No
E100450,19,Male,Married,Research & Development,10,2,Technical Degree,Manager,5,2,0,0,1,0,4,0,16723,14,3,No,Travel_Rarely,4,3,1,2,1,3,2,No
E100451,45,Male,Divorced,Research & Development,24,5,Other,Manufacturing Director,4,11,6,2,8,5,18,0,14855,14,2,No,Travel_Rarely,1,3,2,4,1,3,3,No
E100452,49,Male,Single,Sales,18,1,Medical,Sales Executive,4,0,0,0,0,9,3,1,14786,14,0,No,Travel_Rarely,4,2,4,3,2,3,3,No
E100453,44,Male,Single,Research & Development,27,4,Marketing,Healthcare Representative,2,0,0,0,0,6,2,0,8173,21,2,No,Travel_Rarely,3,1,4,1,4,3,0,No
E100454,37,Female,Married,Sales,9,4,Human Resources,Manager,3,1,0,0,0,3,13,2,12512,15,3,No,Travel_Rarely,3,3,4,3,1,3,5,No
E100455,41,Male,Single,Sales,8,2,Medical,Manager,1,16,11,8,3,9,26,2,7526,18,2,No,Travel_Rarely,4,4,2,1,1,3,2,Yes
E100456,29,Male,Married,Research & Development,28,1,Technical Degree,Healthcare Representative,4,5,1,1,1,4,8,0,14929,12,3,No,Travel_Frequently,1,1,2,1,4,3,3,No
E100457,52,Male,Divorced,Human Resources,10,3,Marketing,Human Resources,4,4,1,0,1,3,14,0,16127,21,3,No,Travel_Rarely,1,2,2,4,3,3,6,No
E100458,50,Male,Married,Research & Development,17,1,Medical,Manager,5,6,5,3,1,2,20,0,17962,15,2,No,Travel_Rarely,1,4,1,3,1,3,3,No
E100459,50,Male,Single,Research & Development,23,4,Other,Manager,2,2,1,0,0,0,5,1,9807,24,3,Yes,Travel_Rarely,3,3,3,3,2,3,6,No
E100460,60,Male,Married,Research & Development,29,2,Marketing,Research Scientist,5,7,4,4,6,5,8,0,19861,12,2,Yes,Travel_Rarely,4,3,2,1,2,4,4,No
E100461,54,Male,Married,Research & Development,26,2,Other,Manager,4,2,0,0,1,9,5,0,13977,25,1,No,Travel_Rarely,4,1,1,3,2,3,5,No
E100462,29,Female,Single,Sales,6,3,Medical,Sales Representative,4,8,5,0,1,4,18,0,17957,21,2,No,Travel_Frequently,1,3,4,2,4,3,6,No
E100463,20,Male,Married,Human Resources,14,2,Technical Degree,Manager,5,1,0,0,0,0,12,0,22922,21,1,No,Travel_Rarely,3,1,2,2,2,3,5,No
E100464,18,Male,Married,Research & Development,22,2,Other,Manager,4,1,0,0,0,4,9,1,18564,18,1,Yes,Travel_Rarely,4,3,2,4,3,3,2,No
E100465,50,Female,Married,Research & Development,22,2,Marketing,Laboratory Technician,3,3,1,0,1,5,6,1,10907,11,2,No,Travel_Frequently,4,4,2,4,4,3,4,No
E100466,57,Female,Single,Sales,6,2,Medical,Manager,1,2,1,1,0,9,13,0,7903,25,0,Yes,Travel_Rarely,1,2,1,3,1,4,5,No
E100467,27,Male,Married,Research & Development,26,2,Other,Healthcare Representative,1,5,1,1,4,4,5,1,6023,17,0,No,Travel_Rarely,1,4,2,4,4,3,5,No
E100468,60,Male,Single,Sales,7,4,Technical Degree,Sales Executive,1,2,0,0,0,0,2,0,5162,13,2,No,Travel_Rarely,4,2,2,3,2,3,6,No
E100469,46,Male,Single,Sales,12,1,Human Resources,Sales Executive,3,1,0,0,0,4,1,0,11472,14,2,Yes,Travel_Rarely,3,1,3,4,4,3,1,No
E100470,30,Female,Divorced,Research & Development,3,5,Technical Degree,Research Scientist,4,3,1,1,0,9,16,2,16299,24,3,No,Travel_Rarely,2,3,1,2,4,3,4,No
E100471,29,Female,Married,Research & Development,14,2,Technical Degree,Laboratory Technician,5,4,2,0,3,0,8,0,19595,25,3,Yes,Travel_Frequently,4,4,3,1,4,3,5,No
E100472,48,Female,Single,Research & Development,22,5,Human Resources,Research Scientist,2,0,0,0,0,2,5,0,9959,18,2,No,Travel_Rarely,4,3,3,1,4,3,1,No
E100473,19,Male,Single,Research & Development,19,5,Technical Degree,Research Scientist,4,4,3,0,2,1,15,0,18377,13,0,No,Travel_Rarely,3,1,3,2,3,3,1,No
E100474,52,Female,Single,Research & Development,23,4,Human Resources,Research Scientist,3,1,0,0,0,0,6,1,11842,22,3,No,Travel_Rarely,4,2,3,1,4,4,5,No
E100475,40,Male,Single,Research & Development,16,2,Human Resources,Healthcare Representative,3,2,0,1,0,3,7,0,12248,23,3,No,Travel_Rarely,2,4,4,3,2,3,6,Yes
E100476,34,Male,Single,Research & Development,7,5,Other,Research Scientist,1,1,0,0,0,1,9,0,6390,23,0,No,Travel_Rarely,3,2,2,3,1,3,2,No
E100477,43,Male,Single,Sales,8,2,Other,Manager,4,13,4,6,6,4,13,0,16165,17,2,Yes,Travel_Rarely,2,2,3,2,3,3,1,No
E100478,25,Female,Married,Research & Development,18,3,Human Resources,Manager,1,5,3,2,3,9,14,0,8486,22,0,Yes,Travel_Rarely,2,1,1,2,4,3,1,No
E100479,46,Male,Married,Human Resources,25,3,Medical,Human Resources,2,1,0,0,0,0,6,0,10422,11,1,No,Travel_Rarely,4,2,2,2,1,3,4,No
E100480,43,Female,Married,Research & Development,13,3,Marketing,Research Scientist,1,5,4,2,1,9,17,0,8842,19,3,No,Travel_Rarely,2,1,3,2,3,3,2,No
E100481,27,Male,Married,Research & Development,21,5,Medical,Research Scientist,2,9,8,0,5,0,16,2,11446,23,3,Yes,Travel_Rarely,4,2,3,1,2,3,6,Yes
E100482,43,Male,Single,Research & Development,9,3,Human Resources,Research Scientist,3,2,1,0,0,9,9,0,12809,16,3,Yes,Travel_Rarely,4,2,1,1,2,3,2,No
E100483,51,Male,Divorced,Research & Development,10,4,Marketing,Manufacturing Director,1,8,2,3,5,3,19,0,7716,13,0,Yes,Travel_Rarely,3,4,4,1,1,3,1,No
E100484,58,Male,Divorced,Research & Development,21,4,Other,Research Scientist,1,0,0,0,0,6,14,0,7354,17,0,No,Travel_Rarely,3,1,1,3,4,4,6,No
E100485,24,Female,Divorced,Sales,23,5,Marketing,Sales Executive,5,8,2,2,1,1,22,0,20612,25,2,Yes,Travel_Rarely,3,3,4,4,1,3,4,No
E100486,21,Male,Divorced,Research & Development,27,2,Human Resources,Manager,3,3,2,0,1,1,5,0,13950,23,3,Yes,Non-Travel,4,3,4,3,3,3,4,No
E100487,28,Female,Divorced,Research & Development,9,1,Other,Manufacturing Director,5,1,0,0,0,0,13,1,19849,15,1,Yes,Travel_Rarely,2,3,4,4,1,3,4,No
E100488,46,Female,Married,Research & Development,15,2,Marketing,Manufacturing Director,2,2,0,0,0,4,6,0,9030,18,2,No,Travel_Rarely,2,4,3,2,1,3,4,No
E100489,53,Female,Single,Sales,20,2,Marketing,Sales Representative,2,22,15,10,8,5,31,1,13660,18,0,Yes,Travel_Rarely,3,4,3,2,4,3,0,No
E100490,42,Male,Married,Human Resources,2,2,Medical,Human Resources,3,7,1,0,1,5,10,0,14714,22,1,No,Travel_Rarely,3,2,4,1,2,3,6,No
E100491,38,Male,Married,Research & Development,25,2,Marketing,Manufacturing Director,2,4,1,1,2,1,15,0,10444,19,2,No,Travel_Rarely,4,2,4,1,4,3,5,No
E100492,53,Male,Married,Research & Development,13,1,Human Resources,Laboratory Technician,3,0,0,0,0,6,0,0,12709,16,0,No,Non-Travel,1,3,3,4,2,3,1,No
E100493,27,Female,Married,Research & Development,2,3,Life Sciences,Manufacturing Director,2,2,0,0,0,5,10,0,8763,14,1,Yes,Travel_Rarely,1,2,4,4,4,3,1,No
E100494,54,Female,Single,Research & Development,19,2,Life Sciences,Manufacturing Director,4,1,0,0,0,7,5,0,16040,23,2,No,Non-Travel,4,2,3,1,2,3,1,No
E100495,26,Male,Married,Human Resources,26,4,Life Sciences,Human Resources,1,0,0,0,0,5,1,0,5025,12,1,No,Non-Travel,1,4,4,2,4,3,2,No
E100496,41,Female,Divorced,Research & Development,2,5,Human Resources,Healthcare Representative,4,3,2,1,2,8,14,0,14581,13,0,Yes,Travel_Rarely,1,3,3,1,2,3,6,No
E100497,52,Male,Married,Research & Development,3,5,Life Sciences,Healthcare Representative,3,10,2,5,6,9,11,1,13874,15,2,No,Travel_Rarely,1,1,1,2,2,3,2,No
E100498,52,Female,Married,Sales,6,4,Medical,Manager,3,5,2,2,1,1,15,0,13079,18,0,No,Travel_Rarely,3,3,4,2,2,3,4,No
E100499,53,Male,Single,Research & Development,3,2,Human Resources,Laboratory Technician,4,1,0,0,0,6,7,0,17314,22,3,Yes,Travel_Rarely,2,4,4,3,2,3,5,No
E100500,35,Female,Married,Research & Development,10,1,Other,Manufacturing Director,1,4,1,0,2,4,7,0,7317,20,3,No,Travel_Rarely,2,3,1,3,4,3,6,No
E100501,56,Male,Divorced,Research & Development,24,3,Human Resources,Research Scientist,1,14,6,2,7,0,14,0,6581,12,1,No,Travel_Rarely,3,1,2,4,3,3,2,No
E100502,49,Female,Married,Sales,27,5,Human Resources,Sales Representative,5,6,4,0,3,2,10,0,21026,15,3,No,Travel_Rarely,3,2,4,2,2,3,3,No
E100503,41,Female,Divorced,Research & Development,6,3,Marketing,Healthcare Representative,2,5,3,1,0,3,6,3,9661,24,0,No,Travel_Frequently,3,3,2,1,2,4,6,Yes
E100504,40,Female,Married,Sales,23,1,Marketing,Sales Representative,5,17,14,2,9,1,31,3,19634,19,1,Yes,Travel_Rarely,1,4,1,2,2,3,1,No
E100505,49,Male,Married,Sales,16,5,Marketing,Sales Representative,1,8,2,1,6,6,14,0,7715,12,2,Yes,Travel_Rarely,4,4,4,4,2,4,1,No
E100506,54,Male,Single,Research & Development,17,3,Technical Degree,Manager,4,0,0,0,0,0,14,2,17537,25,0,No,Non-Travel,4,3,2,2,2,3,0,No
E100507,29,Male,Married,Research & Development,19,1,Medical,Laboratory Technician,2,2,1,0,0,2,10,0,10147,18,2,No,Travel_Rarely,1,2,4,2,1,3,0,Yes
E100508,30,Male,Married,Research & Development,3,3,Human Resources,Healthcare Representative,4,16,5,6,10,8,28,0,21047,13,2,No,Travel_Rarely,1,2,4,4,1,3,3,No
E100509,40,Male,Married,Research & Development,18,2,Human Resources,Laboratory Technician,5,3,0,1,1,1,3,1,18979,18,2,No,Travel_Rarely,3,4,3,2,2,3,0,No
E100510,42,Female,Married,Sales,7,1,Marketing,Sales Representative,3,0,0,0,0,4,11,3,15394,14,2,No,Travel_Rarely,3,4,2,3,2,3,5,No
E100511,52,Male,Divorced,Research & Development,9,3,Human Resources,Manufacturing Director,4,3,1,1,2,3,4,0,15823,14,0,No,Non-Travel,2,1,3,4,2,3,4,No
E100512,58,Male,Single,Research & Development,20,2,Other,Research Scientist,5,5,3,2,4,2,15,0,17960,22,3,No,Travel_Rarely,3,2,3,3,3,3,4,No
E100513,47,Male,Divorced,Sales,12,2,Human Resources,Sales Executive,5,30,20,5,28,4,35,0,22498,17,0,Yes,Travel_Rarely,1,3,2,4,4,3,6,No
E100514,34,Male,Single,Research & Development,5,1,Life Sciences,Healthcare Representative,5,1,0,0,0,5,8,0,17605,15,3,No,Travel_Frequently,2,4,2,2,2,3,1,No
E100515,37,Female,Married,Research & Development,3,4,Other,Laboratory Technician,3,3,2,0,2,0,9,1,13564,14,2,No,Travel_Rarely,3,4,3,3,3,3,4,No
E100516,42,Male,Single,Research & Development,11,5,Other,Manager,3,10,3,1,5,1,18,2,15086,17,3,No,Travel_Rarely,2,4,4,3,3,3,0,No
E100517,39,Female,Single,Research & Development,25,1,Human Resources,Laboratory Technician,3,2,0,0,0,0,15,2,13768,22,2,No,Travel_Frequently,2,4,4,1,2,3,3,Yes
E100518,30,Male,Married,Research & Development,4,2,Technical Degree,Research Scientist,2,0,0,0,0,2,1,0,7931,13,1,Yes,Travel_Frequently,3,2,1,3,4,4,5,No
E100519,36,Female,Single,Research & Development,5,2,Marketing,Manager,3,14,11,8,2,7,25,0,14957,25,2,No,Travel_Rarely,4,4,4,3,1,3,4,Yes
E100520,53,Female,Married,Research & Development,1,1,Medical,Healthcare Representative,3,3,2,0,2,7,11,0,11734,19,3,No,Travel_Rarely,1,2,2,2,2,3,1,Yes
E100521,29,Male,Divorced,Sales,27,4,Medical,Sales Representative,3,3,2,1,1,3,6,1,13520,24,1,No,Travel_Rarely,1,1,2,3,2,3,1,No
E100522,58,Female,Single,Research & Development,28,5,Life Sciences,Research Scientist,4,4,3,0,3,5,14,1,18459,23,1,Yes,Travel_Rarely,2,1,1,3,1,3,5,No
E100523,36,Male,Married,Research & Development,29,3,Medical,Manager,3,0,0,0,0,8,14,0,15691,15,2,Yes,Travel_Rarely,4,3,2,3,4,3,0,No
E100524,29,Female,Married,Research & Development,18,1,Medical,Laboratory Technician,2,13,11,1,9,6,15,1,9572,22,0,No,Travel_Rarely,4,4,3,2,1,3,4,No
E100525,26,Male,Married,Research & Development,12,5,Marketing,Laboratory Technician,5,2,1,0,0,1,8,0,19649,13,3,No,Travel_Rarely,3,3,1,4,2,3,0,No
E100526,24,Female,Single,Research & Development,13,5,Marketing,Healthcare Representative,4,2,0,0,1,1,6,0,16344,12,1,No,Travel_Rarely,3,2,1,2,2,3,1,No
E100527,45,Female,Single,Research & Development,9,2,Technical Degree,Research Scientist,1,0,0,0,0,2,12,1,8044,17,0,No,Non-Travel,1,3,4,3,3,3,3,No
E100528,31,Female,Single,Sales,2,3,Life Sciences,Manager,3,2,1,0,0,7,6,0,13309,22,2,No,Travel_Rarely,3,3,4,4,1,3,4,No
E100529,48,Female,Single,Research & Development,5,1,Medical,Laboratory Technician,5,8,7,0,6,9,19,0,18570,17,2,Yes,Travel_Rarely,3,4,3,2,3,3,6,No
E100530,36,Male,Single,Research & Development,13,2,Technical Degree,Manager,5,8,3,4,5,8,20,0,20500,22,2,Yes,Travel_Rarely,2,2,3,2,3,3,3,Yes
E100531,33,Male,Married,Sales,16,2,Life Sciences,Sales Representative,4,13,5,7,1,2,14,0,17768,23,2,No,Travel_Rarely,4,2,4,4,3,4,5,No
E100532,22,Male,Divorced,Human Resources,16,4,Other,Manager,1,2,1,0,1,8,7,1,6932,15,3,Yes,Travel_Rarely,4,4,4,1,3,3,4,No
E100533,52,Male,Divorced,Research & Development,24,5,Medical,Healthcare Representative,2,6,5,2,1,9,11,1,11333,14,1,No,Travel_Frequently,3,2,3,3,1,4,1,Yes
E100534,29,Female,Married,Research & Development,3,1,Medical,Laboratory Technician,5,3,2,0,1,7,14,1,18245,23,3,Yes,Travel_Rarely,3,1,4,1,1,3,4,Yes
E100535,42,Male,Single,Sales,22,1,Marketing,Sales Representative,5,8,5,1,4,4,11,1,22504,21,1,No,Travel_Frequently,3,4,1,3,1,3,1,No
E100536,38,Female,Single,Sales,4,1,Human Resources,Sales Representative,5,6,4,1,0,9,10,0,17094,12,0,No,Travel_Rarely,1,4,3,3,2,3,2,No
E100537,53,Female,Single,Human Resources,11,2,Life Sciences,Manager,5,2,0,0,1,2,8,1,22284,12,0,No,Travel_Frequently,1,4,4,1,4,3,1,Yes
E100538,40,Female,Single,Sales,23,4,Medical,Manager,4,2,1,0,1,6,15,1,18935,17,1,No,Travel_Rarely,2,1,2,1,3,3,1,No
E100539,33,Male,Married,Research & Development,26,3,Life Sciences,Manufacturing Director,1,1,0,0,0,8,8,0,6980,20,2,No,Travel_Rarely,1,2,2,3,2,3,5,No
E100540,56,Female,Married,Research & Development,14,2,Technical Degree,Laboratory Technician,5,4,3,1,0,5,9,1,20960,17,0,No,Non-Travel,4,1,3,4,1,3,4,No
E100541,59,Female,Married,Sales,29,3,Technical Degree,Sales Representative,2,16,4,6,5,2,20,0,9851,14,3,No,Travel_Rarely,1,1,2,4,1,3,3,No
E100542,56,Male,Married,Sales,3,4,Human Resources,Sales Representative,2,1,0,0,0,4,12,2,8917,24,1,Yes,Travel_Rarely,4,1,2,1,2,3,1,No
E100543,31,Female,Divorced,Research & Development,16,5,Medical,Research Scientist,3,0,0,0,0,6,2,0,10865,14,0,No,Travel_Rarely,1,3,1,1,3,4,4,No
E100544,48,Female,Divorced,Human Resources,22,1,Marketing,Human Resources,5,0,0,0,0,7,6,0,16840,14,1,No,Travel_Rarely,1,2,3,2,1,3,1,Yes
E100545,22,Male,Single,Research & Development,15,3,Medical,Laboratory Technician,5,7,3,2,3,3,14,2,20466,21,2,No,Travel_Frequently,2,2,2,4,3,4,0,Yes
E100546,52,Male,Divorced,Research & Development,28,2,Life Sciences,Manufacturing Director,5,2,0,0,1,1,4,1,17359,12,1,No,Travel_Rarely,3,4,4,4,3,3,0,No
E100547,40,Male,Divorced,Research & Development,10,3,Other,Manager,5,1,0,0,0,9,5,0,21163,23,0,Yes,Travel_Rarely,3,4,3,3,4,3,0,No
E100548,46,Male,Married,Research & Development,9,5,Technical Degree,Healthcare Representative,5,2,1,0,1,1,12,1,19615,23,1,No,Travel_Rarely,3,3,3,2,1,3,0,No
E100549,60,Male,Married,Research & Development,11,1,Life Sciences,Laboratory Technician,2,5,2,0,4,2,6,0,10184,19,0,Yes,Travel_Rarely,2,1,2,3,2,3,3,No
E100550,28,Male,Married,Research & Development,16,3,Human Resources,Manager,1,3,2,1,1,7,12,1,7467,11,0,No,Travel_Rarely,4,4,2,2,4,3,5,No
E100551,35,Male,Divorced,Research & Development,10,5,Technical Degree,Healthcare Representative,1,6,3,1,2,0,15,0,7094,25,0,Yes,Travel_Frequently,1,2,1,4,3,3,1,Yes
E100552,29,Male,Divorced,Research & Development,17,2,Marketing,Manufacturing Director,3,2,1,1,0,6,13,2,12607,18,3,No,Travel_Rarely,2,4,4,3,2,3,0,No
E100553,26,Female,Single,Sales,19,4,Technical Degree,Sales Executive,2,3,1,1,0,5,6,0,9165,16,2,No,Travel_Rarely,4,1,1,2,4,3,4,No
E100554,27,Male,Married,Human Resources,2,2,Other,Human Resources,5,0,0,0,0,1,11,0,21583,25,2,No,Travel_Rarely,2,3,1,3,4,3,0,No
E100555,34,Female,Married,Sales,24,1,Medical,Sales Representative,1,0,0,0,0,8,3,1,6216,23,1,No,Travel_Rarely,2,1,4,2,4,3,2,Yes
E100556,55,Male,Married,Sales,23,2,Other,Sales Executive,4,3,1,1,2,4,14,0,15724,20,1,No,Travel_Rarely,4,4,2,1,3,3,2,No
E100557,24,Male,Single,Research & Development,2,2,Other,Manufacturing Director,4,1,0,0,0,1,13,0,18467,17,0,No,Travel_Rarely,3,3,1,3,3,3,5,No
E100558,30,Male,Divorced,Research & Development,6,2,Medical,Manager,4,4,1,1,1,2,11,0,14400,22,2,Yes,Non-Travel,1,3,3,1,1,4,3,No
E100559,57,Male,Married,Research & Development,19,2,Technical Degree,Manager,5,0,0,0,0,6,2,0,19859,15,1,No,Travel_Frequently,3,1,1,2,4,3,6,No
E100560,59,Male,Divorced,Research & Development,8,1,Human Resources,Manufacturing Director,5,0,0,0,0,6,4,2,18633,16,1,No,Travel_Rarely,2,4,4,3,2,3,2,No
E100561,26,Female,Divorced,Research & Development,26,5,Medical,Manufacturing Director,3,10,7,1,7,9,20,2,15506,16,2,No,Travel_Rarely,4,1,1,2,3,3,4,Yes
E100562,44,Male,Married,Sales,29,3,Medical,Manager,3,4,1,1,3,0,8,0,14734,23,0,No,Travel_Rarely,2,4,1,2,4,3,0,No
E100563,19,Female,Married,Research & Development,3,4,Marketing,Laboratory Technician,3,6,5,3,4,9,7,0,13910,19,1,No,Travel_Rarely,3,4,3,1,2,3,2,No
E100564,22,Female,Married,Research & Development,26,3,Technical Degree,Healthcare Representative,4,9,5,5,3,3,17,0,17038,20,0,No,Travel_Rarely,3,2,4,3,3,3,2,No
E100565,46,Male,Single,Research & Development,14,3,Medical,Research Scientist,5,3,1,1,2,5,6,0,17207,23,2,No,Travel_Rarely,3,3,3,4,2,3,3,No
E100566,54,Male,Married,Research & Development,25,4,Human Resources,Research Scientist,4,7,2,4,1,7,15,0,18671,14,2,No,Travel_Rarely,1,4,2,2,2,3,2,No
E100567,55,Female,Single,Sales,16,1,Life Sciences,Sales Executive,3,3,1,1,2,2,11,0,13261,22,1,No,Travel_Rarely,3,1,4,1,1,4,0,No
E100568,36,Male,Married,Research & Development,1,4,Technical Degree,Manager,5,1,0,0,0,2,2,0,16352,21,1,No,Travel_Frequently,1,1,1,4,3,3,5,No
E100569,25,Male,Single,Research & Development,21,1,Marketing,Laboratory Technician,2,2,1,0,0,7,10,0,10763,22,2,No,Travel_Rarely,1,2,3,1,3,3,6,Yes
E100570,18,Female,Single,Research & Development,3,3,Other,Manufacturing Director,1,3,1,0,2,7,11,0,6581,23,0,Yes,Travel_Rarely,3,2,3,1,3,3,5,Yes
E100571,39,Male,Single,Research & Development,22,1,Medical,Research Scientist,1,1,0,0,0,7,2,0,5136,15,0,Yes,Travel_Rarely,4,2,4,1,3,3,5,Yes
E100572,34,Female,Single,Human Resources,26,5,Human Resources,Human Resources,3,2,1,0,1,0,12,1,15175,14,3,Yes,Travel_Rarely,2,3,3,2,1,4,6,No
E100573,24,Female,Married,Research & Development,18,4,Technical Degree,Laboratory Technician,4,2,0,1,0,7,14,3,16893,11,2,Yes,Travel_Rarely,2,2,4,4,1,3,1,No
E100574,42,Male,Married,Human Resources,9,5,Human Resources,Human Resources,2,0,0,0,0,7,5,1,8875,20,1,Yes,Travel_Rarely,1,3,2,2,4,3,0,Yes
E100575,21,Male,Married,Research & Development,6,3,Human Resources,Manager,5,0,0,0,0,1,8,3,20723,16,2,No,Travel_Rarely,1,2,4,2,3,4,2,Yes
E100576,53,Male,Single,Sales,23,4,Other,Sales Executive,4,0,0,0,0,8,3,0,17472,15,1,No,Travel_Rarely,1,3,4,3,2,3,2,No
E100577,23,Male,Single,Sales,21,3,Marketing,Sales Executive,3,0,0,0,0,6,1,1,10388,14,0,No,Travel_Rarely,2,4,2,4,1,3,6,Yes
E100578,48,Male,Single,Research & Development,25,5,Technical Degree,Manager,4,2,1,0,1,7,8,1,17176,16,1,No,Non-Travel,1,2,2,3,2,3,2,No
E100579,36,Female,Single,Sales,1,3,Medical,Manager,3,4,1,1,3,1,18,0,15402,22,3,No,Travel_Rarely,4,3,1,1,2,3,3,Yes
E100580,56,Male,Divorced,Sales,21,4,Marketing,Sales Executive,1,1,0,0,0,3,9,0,6189,15,0,Yes,Travel_Rarely,4,4,3,4,2,3,4,No
E100581,44,Male,Single,Human Resources,27,4,Medical,Manager,1,10,6,2,6,6,15,0,7476,13,3,Yes,Travel_Rarely,1,2,2,4,4,4,0,No
E100582,27,Female,Married,Research & Development,10,3,Life Sciences,Healthcare Representative,4,8,3,1,3,5,18,0,15308,12,2,No,Travel_Rarely,2,4,2,2,4,3,5,No
E100583,43,Female,Single,Research & Development,27,4,Human Resources,Laboratory Technician,2,3,1,1,0,6,13,0,11234,23,1,No,Travel_Frequently,3,2,3,1,3,4,2,No
E100584,36,Female,Single,Sales,6,4,Life Sciences,Sales Executive,5,6,5,3,1,0,19,0,22946,16,0,No,Travel_Rarely,2,1,3,2,1,3,6,Yes
E100585,56,Male,Married,Sales,23,3,Human Resources,Sales Representative,3,2,1,0,1,7,5,0,11207,14,1,No,Travel_Rarely,3,3,1,3,3,3,1,No
E100586,20,Female,Married,Sales,12,5,Other,Sales Representative,5,0,0,0,0,6,0,0,20256,21,3,Yes,Travel_Rarely,3,1,1,1,4,3,3,Yes
E100587,30,Male,Single,Research & Development,4,4,Marketing,Manager,1,11,4,2,4,3,14,2,7981,25,0,No,Travel_Rarely,1,3,4,2,4,3,4,No
E100588,45,Male,Single,Human Resources,28,4,Medical,Human Resources,2,0,0,0,0,0,2,0,8720,23,3,No,Travel_Rarely,4,1,1,2,2,3,2,Yes
E100589,37,Male,Married,Research & Development,13,4,Other,Healthcare Representative,2,14,5,1,9,7,20,1,11945,20,0,No,Travel_Rarely,1,2,2,2,3,3,5,No
E100590,45,Female,Single,Sales,17,4,Medical,Sales Executive,5,4,3,0,1,9,14,2,17153,13,2,Yes,Travel_Rarely,3,1,2,1,2,3,0,Yes
E100591,25,Male,Single,Research & Development,27,3,Marketing,Manufacturing Director,1,1,0,0,0,6,13,1,8200,24,2,No,Non-Travel,1,2,3,3,4,3,1,Yes
E100592,58,Male,Divorced,Research & Development,8,5,Technical Degree,Healthcare Representative,5,3,1,0,1,7,13,0,20363,18,1,No,Travel_Rarely,3,3,1,4,3,4,5,No
E100593,56,Male,Married,Research & Development,26,5,Life Sciences,Laboratory Technician,4,3,1,0,0,9,12,1,17344,22,3,No,Travel_Frequently,1,2,4,2,3,3,3,No
E100594,18,Male,Married,Research & Development,20,1,Life Sciences,Healthcare Representative,2,0,0,0,0,0,4,0,9843,19,3,No,Travel_Frequently,4,1,4,1,1,3,0,No
E100595,20,Female,Married,Research & Development,3,4,Medical,Manufacturing Director,2,2,1,0,1,4,13,1,10652,25,0,No,Travel_Rarely,4,4,4,4,4,3,6,No
E100596,30,Female,Married,Sales,12,4,Medical,Manager,4,6,2,3,5,8,8,2,18000,17,2,No,Travel_Rarely,2,3,4,2,4,3,0,No
E100597,45,Female,Married,Sales,7,1,Medical,Sales Representative,1,3,2,1,1,4,16,0,7870,12,1,Yes,Travel_Frequently,3,4,3,1,1,4,3,No
E100598,42,Male,Married,Human Resources,12,5,Marketing,Human Resources,2,1,0,0,0,9,2,0,10258,18,2,No,Travel_Rarely,3,4,1,3,4,3,6,No
E100599,50,Male,Married,Sales,2,2,Technical Degree,Sales Representative,3,2,0,0,1,2,14,0,14120,21,3,No,Travel_Frequently,1,4,1,2,2,3,0,No
E100600,55,Male,Single,Sales,24,2,Life Sciences,Sales Representative,3,9,7,4,6,8,10,0,11987,23,1,Yes,Travel_Rarely,2,4,1,1,2,3,6,No
E100601,23,Male,Married,Sales,14,5,Other,Sales Executive,1,3,2,0,1,8,7,0,7351,23,2,Yes,Travel_Rarely,4,4,1,2,2,3,6,No
E100602,49,Male,Married,Sales,22,4,Human Resources,Sales Executive,4,3,1,1,2,3,15,0,18031,21,2,No,Travel_Rarely,1,1,4,1,3,3,1,No
E100603,38,Female,Divorced,Research & Development,23,2,Marketing,Research Scientist,5,16,6,5,13,3,28,0,23166,15,0,Yes,Travel_Rarely,2,2,4,3,2,3,1,No
E100604,33,Male,Married,Research & Development,5,3,Life Sciences,Manager,1,1,0,0,0,7,8,2,7629,25,0,Yes,Travel_Rarely,4,2,3,3,4,3,6,No
E100605,38,Male,Married,Research & Development,9,3,Technical Degree,Research Scientist,5,3,2,1,1,6,10,0,17189,25,3,No,Travel_Rarely,1,4,3,1,1,3,0,No
E100606,28,Male,Single,Research & Development,21,1,Marketing,Manager,1,8,6,3,3,4,21,0,8043,25,2,No,Travel_Rarely,4,1,4,4,2,3,2,No
E100607,54,Male,Married,Research & Development,11,5,Other,Healthcare Representative,3,7,2,2,5,5,18,1,13143,21,0,No,Travel_Rarely,3,4,2,3,2,3,0,No
E100608,53,Male,Single,Research & Development,5,5,Life Sciences,Laboratory Technician,4,1,0,0,0,2,5,0,16522,20,2,No,Travel_Rarely,2,4,1,2,3,3,2,No
E100609,52,Female,Married,Research & Development,3,2,Marketing,Manager,3,0,0,0,0,5,12,1,14786,17,1,No,Travel_Rarely,4,3,3,3,4,3,0,No
E100610,36,Female,Single,Research & Development,27,4,Life Sciences,Healthcare Representative,4,6,5,1,1,7,7,0,18397,15,2,No,Travel_Rarely,2,1,4,2,1,3,5,Yes
E100611,37,Female,Married,Sales,17,5,Life Sciences,Manager,5,1,0,0,0,9,13,2,19786,12,2,No,Travel_Rarely,1,4,1,3,4,3,4,No
E100612,35,Male,Single,Research & Development,2,2,Technical Degree,Manufacturing Director,1,12,5,0,7,8,15,0,8143,22,3,Yes,Travel_Frequently,2,2,1,3,2,3,1,Yes
E100613,58,Male,Married,Research & Development,24,2,Human Resources,Research Scientist,2,0,0,0,0,2,6,1,10823,22,1,Yes,Travel_Rarely,1,3,4,2,4,3,0,No
E100614,31,Male,Divorced,Human Resources,1,5,Technical Degree,Human Resources,2,1,0,0,0,7,14,0,11161,22,1,No,Travel_Rarely,2,4,2,3,1,3,1,No
E100615,32,Male,Single,Research & Development,7,2,Life Sciences,Healthcare Representative,4,0,0,0,0,2,5,2,14672,14,0,No,Travel_Rarely,1,4,2,2,2,3,3,No
E100616,48,Female,Married,Human Resources,14,1,Marketing,Human Resources,4,6,2,1,1,1,15,2,17653,23,1,No,Travel_Rarely,1,4,3,2,4,3,4,Yes
E100617,18,Male,Married,Research & Development,5,1,Other,Manufacturing Director,3,11,7,2,7,4,17,1,16133,21,3,No,Travel_Frequently,1,1,4,3,1,3,2,No
E100618,20,Male,Single,Sales,19,5,Technical Degree,Manager,2,5,4,1,2,3,9,2,11439,15,0,Yes,Travel_Rarely,4,4,3,3,2,3,3,No
E100619,33,Male,Divorced,Research & Development,28,4,Human Resources,Healthcare Representative,3,13,2,1,11,4,14,2,14368,16,2,No,Travel_Rarely,3,2,2,2,2,3,4,No
E100620,40,Male,Single,Human Resources,28,1,Life Sciences,Human Resources,5,0,0,0,0,5,7,0,21585,15,1,No,Travel_Rarely,2,3,3,1,4,3,3,No
E100621,28,Female,Married,Research & Development,11,1,Other,Laboratory Technician,2,0,0,0,0,2,13,0,9519,20,2,No,Travel_Rarely,3,1,3,3,3,3,1,No
E100622,29,Male,Married,Sales,23,5,Technical Degree,Sales Executive,5,9,2,2,6,0,20,2,19307,21,0,No,Travel_Rarely,3,3,2,4,3,3,5,No
E100623,27,Male,Married,Research & Development,25,3,Technical Degree,Research Scientist,1,9,2,0,5,3,10,0,7837,25,1,Yes,Travel_Rarely,3,2,1,3,1,3,4,No
E100624,49,Male,Married,Research & Development,2,2,Technical Degree,Manager,3,8,3,2,1,5,19,0,12806,11,0,No,Travel_Rarely,3,4,1,1,4,3,3,No
E100625,33,Male,Single,Sales,8,1,Technical Degree,Sales Executive,4,8,2,4,5,1,15,0,15515,11,0,No,Travel_Rarely,2,1,2,1,1,3,2,No
E100626,25,Female,Single,Research & Development,9,3,Other,Manager,2,2,1,0,1,1,16,0,10562,25,1,No,Travel_Rarely,2,4,1,3,4,3,4,No
E100627,55,Female,Married,Sales,27,4,Marketing,Manager,3,1,0,0,0,0,7,0,13287,13,1,No,Non-Travel,3,1,4,3,1,4,4,No
E100628,29,Female,Married,Research & Development,3,3,Human Resources,Laboratory Technician,4,13,8,0,5,8,15,0,17632,19,0,No,Travel_Rarely,2,4,1,4,1,3,3,No
E100629,41,Female,Divorced,Research & Development,2,5,Human Resources,Manufacturing Director,1,1,0,0,0,2,13,0,6806,21,3,Yes,Travel_Rarely,2,2,2,3,4,3,5,Yes
E100630,45,Male,Divorced,Research & Development,7,4,Life Sciences,Laboratory Technician,2,2,1,0,0,1,5,2,10698,12,1,Yes,Travel_Rarely,1,2,4,1,3,3,6,No
E100631,25,Female,Divorced,Sales,5,4,Medical,Manager,5,6,4,3,2,3,18,0,23232,20,0,No,Travel_Rarely,2,4,3,4,1,4,6,No
E100632,45,Male,Married,Research & Development,21,3,Marketing,Healthcare Representative,1,1,0,0,0,5,7,3,6328,15,2,No,Travel_Frequently,4,2,2,3,4,4,6,No
E100633,53,Male,Married,Sales,26,5,Life Sciences,Sales Executive,4,8,2,2,6,0,11,0,16292,19,2,No,Travel_Rarely,3,4,2,4,4,4,6,No
E100634,43,Female,Divorced,Sales,5,1,Life Sciences,Sales Executive,2,0,0,0,0,8,8,0,10458,17,1,No,Travel_Rarely,2,1,1,4,4,4,0,Yes
E100635,25,Male,Married,Sales,20,3,Technical Degree,Sales Executive,2,7,6,0,6,8,13,0,10971,21,1,No,Non-Travel,3,2,4,1,2,3,2,No
E100636,45,Female,Single,Sales,13,1,Medical,Manager,1,4,2,1,1,7,4,2,5961,18,2,Yes,Travel_Frequently,2,1,2,1,4,3,2,Yes
E100637,45,Male,Divorced,Research & Development,21,3,Medical,Healthcare Representative,2,4,1,0,2,5,4,0,9138,12,0,No,Travel_Rarely,3,4,4,2,4,3,6,No
E100638,54,Female,Divorced,Sales,29,1,Marketing,Sales Representative,4,3,1,0,1,3,17,1,16549,15,0,Yes,Travel_Rarely,4,1,4,1,2,3,3,No
E100639,58,Female,Married,Research & Development,20,3,Medical,Healthcare Representative,1,1,0,0,0,1,4,1,5689,19,0,Yes,Travel_Frequently,2,3,1,2,2,3,5,Yes
E100640,53,Female,Single,Research & Development,29,4,Life Sciences,Research Scientist,5,3,1,0,2,7,16,0,20163,11,3,Yes,Travel_Rarely,2,4,2,1,3,3,1,No
E100641,44,Female,Married,Research & Development,6,2,Medical,Manufacturing Director,1,2,1,0,0,6,15,1,7919,11,1,No,Travel_Rarely,4,2,4,1,4,3,1,No
E100642,34,Female,Divorced,Human Resources,20,4,Medical,Manager,1,4,3,0,0,3,16,3,8173,20,3,No,Travel_Rarely,2,2,4,2,1,3,6,Yes
E100643,26,Male,Divorced,Research & Development,18,1,Human Resources,Laboratory Technician,5,1,0,0,0,2,9,0,21218,18,3,Yes,Travel_Rarely,3,3,3,2,2,3,0,No
E100644,50,Male,Single,Research & Development,25,5,Life Sciences,Manager,4,0,0,0,0,5,12,0,16110,12,3,No,Travel_Rarely,4,4,1,2,2,3,0,No
E100645,37,Male,Single,Sales,2,4,Other,Manager,3,0,0,0,0,0,3,0,13449,19,3,No,Travel_Rarely,1,4,2,4,3,4,3,No
E100646,30,Female,Divorced,Human Resources,25,2,Medical,Manager,3,6,2,1,3,1,18,1,12148,20,0,No,Travel_Rarely,3,4,4,2,3,3,5,Yes
E100647,45,Male,Married,Sales,26,1,Medical,Sales Representative,5,0,0,0,0,6,4,1,18849,19,1,No,Travel_Frequently,2,4,1,4,3,3,1,No
E100648,46,Female,Married,Sales,6,4,Technical Degree,Sales Representative,4,9,6,1,6,2,9,0,17824,14,1,Yes,Travel_Rarely,3,1,2,4,4,3,2,No
E100649,30,Male,Divorced,Sales,9,3,Medical,Sales Representative,2,5,2,2,1,0,19,1,11616,12,3,Yes,Travel_Rarely,4,4,4,2,4,4,5,No
E100650,52,Male,Single,Research & Development,25,5,Medical,Manager,5,7,5,1,1,1,20,1,20737,13,1,No,Travel_Rarely,2,1,2,2,4,3,1,No
E100651,23,Female,Married,Sales,3,1,Human Resources,Sales Representative,3,9,3,1,4,9,10,1,13877,20,2,Yes,Travel_Rarely,2,1,2,2,2,3,5,Yes
E100652,35,Male,Single,Research & Development,1,4,Life Sciences,Laboratory Technician,4,0,0,0,0,9,10,1,18514,11,0,No,Travel_Rarely,4,2,1,1,3,3,3,No
E100653,22,Male,Married,Sales,1,1,Marketing,Sales Executive,1,8,4,0,3,8,11,0,7159,13,1,Yes,Travel_Rarely,1,4,1,1,2,3,1,No
E100654,42,Male,Divorced,Research & Development,19,3,Life Sciences,Manufacturing Director,4,3,1,0,1,6,14,2,18507,15,0,No,Non-Travel,2,1,3,2,1,3,4,No
E100655,19,Female,Married,Sales,5,2,Technical Degree,Manager,4,10,9,2,5,6,13,0,19291,13,2,Yes,Travel_Rarely,2,4,3,3,4,3,6,No
E100656,27,Female,Divorced,Sales,13,4,Life Sciences,Sales Representative,3,10,7,5,1,9,20,0,15394,13,0,No,Travel_Frequently,2,3,3,2,2,3,3,No
E100657,47,Male,Married,Human Resources,19,1,Medical,Human Resources,3,0,0,0,0,7,9,0,13469,20,2,Yes,Travel_Rarely,1,1,4,3,1,3,4,Yes
E100658,22,Male,Married,Sales,12,1,Technical Degree,Sales Executive,2,2,1,0,1,7,7,1,8388,16,3,No,Travel_Rarely,3,2,3,1,2,3,5,Yes
E100659,50,Male,Single,Research & Development,16,1,Life Sciences,Manager,2,3,0,0,2,8,15,0,10297,13,1,Yes,Travel_Rarely,1,4,2,1,1,4,3,Yes
E100660,18,Female,Married,Research & Development,25,2,Technical Degree,Laboratory Technician,5,5,2,1,1,1,10,1,20086,13,3,No,Travel_Frequently,3,2,1,3,2,3,2,No
E100661,35,Female,Married,Sales,25,1,Marketing,Sales Representative,1,1,0,0,0,7,8,2,7253,25,1,No,Travel_Rarely,2,1,2,1,2,3,3,Yes
E100662,49,Male,Single,Human Resources,19,5,Life Sciences,Human Resources,2,1,0,0,0,7,12,1,10148,19,3,No,Travel_Frequently,3,1,1,2,4,3,3,Yes
E100663,28,Male,Married,Sales,3,5,Other,Sales Executive,3,2,1,1,0,4,14,0,15681,12,2,No,Travel_Rarely,3,2,1,3,2,3,6,No
E100664,38,Male,Married,Research & Development,12,1,Medical,Laboratory Technician,4,3,1,0,0,4,11,0,15482,11,1,No,Travel_Frequently,3,4,2,3,2,3,3,No
E100665,43,Female,Married,Sales,5,5,Technical Degree,Sales Representative,5,15,8,3,14,3,28,0,23463,20,3,Yes,Travel_Rarely,3,1,2,4,3,3,3,No
E100666,42,Female,Married,Research & Development,2,4,Other,Laboratory Technician,2,7,1,3,5,4,7,0,9503,18,0,No,Travel_Rarely,2,3,4,1,2,4,0,No
E100667,39,Male,Married,Sales,22,5,Other,Sales Executive,4,2,0,0,0,1,2,0,15474,23,0,No,Travel_Frequently,4,2,1,3,4,3,4,No
E100668,44,Male,Single,Research & Development,7,1,Human Resources,Healthcare Representative,4,0,0,0,0,1,14,3,18520,24,3,No,Travel_Rarely,1,1,3,3,2,4,3,No
E100669,30,Male,Single,Research & Development,13,3,Technical Degree,Manager,2,0,0,0,0,4,5,0,8919,13,2,No,Travel_Frequently,3,4,4,3,4,3,3,No
E100670,50,Female,Married,Human Resources,25,4,Other,Manager,1,3,1,0,1,2,6,0,5643,17,3,Yes,Travel_Rarely,2,1,3,1,3,4,5,No
E100671,51,Male,Married,Human Resources,15,2,Human Resources,Human Resources,1,8,5,2,6,0,18,0,7907,12,0,No,Travel_Rarely,2,4,4,3,4,3,0,No
E100672,58,Female,Single,Research & Development,22,1,Other,Manager,5,2,1,0,1,8,5,0,19264,21,1,Yes,Travel_Rarely,2,4,1,3,3,3,1,No
E100673,52,Female,Divorced,Research & Development,3,2,Medical,Laboratory Technician,1,3,1,0,2,1,3,1,6600,21,1,No,Travel_Rarely,2,1,2,2,3,3,5,No
E100674,18,Male,Married,Sales,28,3,Marketing,Manager,5,11,8,6,4,9,19,0,23699,22,3,No,Travel_Rarely,3,3,2,2,3,3,5,No
E100675,38,Male,Married,Sales,21,2,Human Resources,Sales Executive,3,12,4,1,2,1,23,0,12877,18,1,No,Non-Travel,1,4,1,4,3,3,6,No
E100676,23,Male,Single,Sales,20,1,Marketing,Sales Executive,2,1,0,0,0,3,11,0,10501,19,0,No,Travel_Frequently,2,2,2,3,3,3,6,No
E100677,45,Female,Married,Research & Development,5,1,Technical Degree,Research Scientist,4,0,0,0,0,1,2,0,16385,18,1,Yes,Travel_Frequently,1,4,1,1,4,3,0,Yes
E100678,34,Female,Married,Research & Development,24,3,Medical,Healthcare Representative,5,1,0,0,0,6,15,0,23258,18,3,No,Non-Travel,1,4,1,4,3,3,0,No
E100679,22,Female,Divorced,Research & Development,8,1,Human Resources,Manager,1,5,4,0,1,9,9,1,7680,18,3,Yes,Travel_Rarely,1,3,1,4,3,3,6,No
E100680,48,Male,Married,Sales,22,3,Technical Degree,Sales Representative,5,15,3,8,7,0,24,1,22742,24,3,No,Travel_Rarely,4,4,4,4,3,4,0,No
E100681,22,Male,Divorced,Research & Development,1,3,Other,Research Scientist,5,0,0,0,0,1,0,0,18620,17,0,Yes,Travel_Rarely,2,1,2,3,3,3,5,Yes
E100682,55,Female,Married,Sales,8,1,Life Sciences,Sales Representative,1,0,0,0,0,4,7,1,5875,12,2,No,Travel_Rarely,2,3,4,4,3,3,5,No
E100683,20,Female,Single,Research & Development,24,5,Technical Degree,Laboratory Technician,1,10,7,5,3,1,12,0,6891,18,1,No,Travel_Rarely,2,4,3,1,1,3,6,No
E100684,40,Male,Married,Research & Development,18,3,Marketing,Manufacturing Director,2,6,5,0,2,8,19,1,11465,15,3,Yes,Travel_Rarely,1,1,1,2,2,4,3,No
E100685,54,Female,Married,Research & Development,20,1,Medical,Research Scientist,4,24,18,9,7,3,38,0,21201,16,2,No,Travel_Rarely,2,1,2,2,2,3,0,No
E100686,54,Female,Married,Research & Development,28,5,Medical,Healthcare Representative,2,2,1,0,1,8,2,1,9511,14,3,Yes,Travel_Rarely,2,4,3,3,3,3,0,No
E100687,27,Male,Single,Research & Development,16,3,Technical Degree,Manufacturing Director,2,2,0,1,1,0,11,0,10876,11,3,No,Travel_Rarely,1,2,1,1,3,3,6,No
E100688,27,Female,Single,Sales,18,5,Other,Sales Executive,1,0,0,0,0,0,5,0,6166,23,0,Yes,Travel_Rarely,2,2,3,1,1,3,5,Yes
E100689,36,Female,Divorced,Research & Development,20,4,Life Sciences,Laboratory Technician,1,0,0,0,0,0,0,1,6089,15,0,No,Travel_Rarely,3,4,4,1,3,3,5,No
E100690,34,Female,Married,Sales,12,4,Marketing,Sales Executive,4,4,2,1,3,3,18,0,15593,13,2,No,Travel_Rarely,4,4,4,3,1,3,0,No
E100691,38,Male,Divorced,Research & Development,13,5,Technical Degree,Manufacturing Director,5,2,1,0,0,8,16,0,18353,19,3,Yes,Travel_Rarely,3,1,2,1,2,3,3,Yes
E100692,31,Male,Married,Research & Development,13,3,Technical Degree,Manufacturing Director,2,0,0,0,0,7,2,1,8215,14,1,No,Travel_Rarely,3,4,3,2,4,3,2,No
E100693,26,Female,Married,Sales,10,1,Medical,Sales Executive,4,10,4,0,5,6,14,1,18971,20,1,Yes,Travel_Rarely,3,4,3,1,2,3,2,No
E100694,18,Male,Married,Sales,7,2,Marketing,Sales Executive,2,1,0,0,0,0,4,0,8186,12,1,No,Travel_Rarely,1,1,4,1,4,3,1,No
E100695,30,Male,Divorced,Human Resources,25,1,Life Sciences,Human Resources,5,6,5,1,4,2,12,2,21743,14,2,Yes,Travel_Rarely,2,4,4,3,4,4,3,No
E100696,21,Male,Married,Human Resources,14,2,Medical,Manager,2,1,0,0,0,8,6,0,8851,13,0,No,Travel_Rarely,3,4,2,4,4,3,5,No
E100697,18,Male,Married,Research & Development,24,2,Technical Degree,Manager,3,8,3,4,5,8,19,2,14243,13,2,No,Travel_Rarely,3,4,1,4,3,3,0,Yes
E100698,57,Female,Single,Sales,16,3,Medical,Sales Representative,4,0,0,0,0,4,2,1,17479,15,0,No,Travel_Rarely,2,1,2,3,1,4,6,Yes
E100699,49,Female,Married,Sales,15,5,Medical,Manager,1,7,3,0,1,5,17,2,7939,11,1,No,Travel_Rarely,1,4,4,3,4,3,0,No
E100700,51,Male,Married,Research & Development,12,1,Human Resources,Research Scientist,2,0,0,0,0,5,7,0,8892,15,1,No,Travel_Rarely,3,2,2,3,1,3,0,No
E100701,45,Male,Single,Human Resources,9,5,Medical,Human Resources,4,2,1,0,1,9,9,1,15319,18,0,Yes,Non-Travel,2,4,1,3,2,3,2,Yes
E100702,48,Male,Single,Sales,8,4,Other,Manager,4,6,3,3,2,3,19,1,19797,25,1,No,Travel_Rarely,2,2,4,1,4,3,6,No
E100703,25,Female,Single,Research & Development,18,3,Medical,Manager,2,0,0,0,0,0,1,0,8822,25,2,Yes,Travel_Rarely,4,4,1,1,2,4,5,No
E100704,56,Female,Single,Sales,23,3,Other,Sales Representative,1,1,0,0,0,4,7,0,6710,20,0,No,Travel_Rarely,3,1,2,4,1,3,6,No
E100705,43,Male,Single,Human Resources,18,4,Marketing,Human Resources,1,10,5,5,9,0,23,2,8358,22,1,No,Travel_Rarely,3,2,1,3,1,3,0,No
E100706,51,Female,Married,Research & Development,13,1,Medical,Manufacturing Director,2,10,8,4,7,0,10,0,9731,19,3,No,Travel_Rarely,4,4,4,3,2,3,0,No
E100707,20,Female,Divorced,Research & Development,28,4,Life Sciences,Manager,4,0,0,0,0,4,1,0,14139,22,1,No,Travel_Rarely,2,4,4,1,1,3,2,Yes
E100708,29,Female,Married,Research & Development,27,1,Other,Manufacturing Director,1,0,0,0,0,4,7,1,6905,11,3,No,Travel_Rarely,2,4,1,3,2,4,0,Yes
E100709,18,Female,Single,Research & Development,18,2,Other,Research Scientist,2,0,0,0,0,6,11,1,10889,24,1,No,Travel_Rarely,3,4,2,2,1,3,6,No
E100710,22,Male,Single,Sales,15,3,Technical Degree,Sales Executive,2,0,0,0,0,1,0,0,8298,12,3,No,Travel_Rarely,3,1,2,1,3,3,1,Yes
E100711,47,Female,Married,Sales,4,1,Marketing,Manager,2,17,13,9,7,5,18,1,12018,12,1,No,Non-Travel,4,3,2,2,2,3,5,No
E100712,47,Male,Married,Human Resources,17,5,Medical,Human Resources,4,4,1,0,2,1,15,0,18918,16,3,Yes,Travel_Rarely,3,2,2,1,4,3,6,No
E100713,34,Female,Divorced,Human Resources,5,5,Life Sciences,Manager,1,3,1,1,2,9,3,0,6824,11,0,No,Non-Travel,3,4,3,1,4,3,4,No
E100714,40,Female,Married,Research & Development,22,3,Technical Degree,Laboratory Technician,4,20,5,7,6,4,24,0,16332,21,0,No,Non-Travel,1,1,3,1,4,3,6,No
E100715,32,Female,Divorced,Research & Development,16,4,Marketing,Research Scientist,3,4,1,0,0,3,10,0,12517,11,3,No,Travel_Rarely,4,3,1,4,1,3,6,No
E100716,54,Female,Single,Research & Development,9,4,Other,Laboratory Technician,1,5,3,1,3,9,10,0,7645,12,1,No,Travel_Rarely,2,1,3,4,2,3,1,No
E100717,38,Male,Married,Sales,10,1,Life Sciences,Sales Executive,4,2,0,0,0,4,7,1,14680,25,2,No,Travel_Frequently,3,4,3,1,1,3,3,No
E100718,31,Male,Single,Research & Development,24,4,Medical,Manufacturing Director,1,2,1,0,1,1,7,1,5565,22,2,No,Travel_Rarely,2,3,3,1,4,3,6,No
E100719,19,Female,Divorced,Research & Development,18,3,Human Resources,Manager,3,4,1,0,1,7,11,1,14912,23,2,Yes,Travel_Rarely,3,2,1,1,3,3,1,Yes
E100720,28,Female,Married,Research & Development,17,1,Human Resources,Manager,5,0,0,0,0,7,4,0,17991,14,2,Yes,Travel_Frequently,1,2,3,1,4,3,1,No
E100721,56,Male,Married,Research & Development,18,2,Marketing,Research Scientist,2,1,0,0,0,5,15,2,10425,12,3,Yes,Travel_Rarely,4,1,2,3,4,3,6,No
E100722,55,Male,Single,Sales,7,4,Life Sciences,Sales Executive,4,1,0,0,0,2,10,1,16234,14,0,No,Travel_Rarely,4,2,2,3,4,4,6,No
E100723,51,Male,Single,Research & Development,4,4,Technical Degree,Research Scientist,3,0,0,0,0,3,6,0,14159,13,0,No,Travel_Frequently,2,2,1,3,3,3,2,No
E100724,55,Female,Married,Research & Development,26,1,Life Sciences,Research Scientist,3,3,2,1,0,0,5,0,12082,13,2,No,Travel_Rarely,1,3,1,4,3,3,3,No
E100725,51,Female,Single,Research & Development,5,5,Other,Healthcare Representative,1,4,2,1,3,8,12,1,7980,25,0,No,Non-Travel,2,2,1,2,2,3,6,No
E100726,35,Male,Married,Sales,28,4,Human Resources,Manager,1,2,0,0,0,9,11,2,7266,19,3,Yes,Travel_Rarely,1,3,4,1,3,3,5,Yes
E100727,47,Male,Single,Sales,23,3,Marketing,Sales Representative,2,1,0,0,0,4,3,0,9335,18,2,No,Travel_Rarely,3,3,3,3,2,3,6,No
E100728,32,Female,Married,Sales,16,4,Medical,Sales Executive,1,5,1,1,3,7,18,2,7448,22,3,No,Travel_Rarely,3,3,1,3,3,3,5,Yes
E100729,44,Female,Divorced,Sales,3,2,Life Sciences,Sales Representative,4,0,0,0,0,2,13,1,15563,22,3,No,Travel_Rarely,1,2,1,3,2,3,1,No
E100730,51,Male,Married,Research & Development,26,4,Human Resources,Manufacturing Director,4,3,2,1,1,3,8,1,16865,20,1,Yes,Travel_Rarely,3,1,1,1,4,3,4,No
E100731,55,Male,Married,Research & Development,18,5,Technical Degree,Healthcare Representative,4,7,5,3,6,3,9,0,16119,19,3,No,Travel_Rarely,4,1,2,1,3,4,1,No
E100732,50,Male,Single,Research & Development,29,4,Marketing,Healthcare Representative,5,0,0,0,0,7,0,0,20778,11,1,Yes,Travel_Rarely,1,2,1,2,1,3,0,Yes
E100733,41,Male,Single,Research & Development,23,1,Medical,Manufacturing Director,4,6,2,3,3,8,6,0,15979,22,2,No,Travel_Rarely,1,3,2,4,1,3,2,No
E100734,32,Male,Married,Research & Development,21,4,Life Sciences,Research Scientist,1,7,2,1,4,2,9,3,6803,15,3,Yes,Travel_Rarely,2,2,2,2,2,3,0,Yes
E100735,47,Female,Married,Sales,14,5,Technical Degree,Sales Representative,1,0,0,0,0,6,3,1,5908,22,0,No,Non-Travel,1,4,4,1,3,3,3,Yes
E100736,59,Female,Married,Research & Development,15,1,Medical,Healthcare Representative,4,0,0,0,0,8,13,1,18323,22,2,Yes,Travel_Frequently,2,1,1,2,3,3,3,No
E100737,34,Female,Single,Research & Development,17,3,Other,Manufacturing Director,3,18,9,2,7,1,19,0,14055,14,3,No,Travel_Rarely,1,3,4,3,1,3,2,No
E100738,22,Female,Single,Sales,1,1,Human Resources,Sales Executive,3,1,0,0,0,3,9,1,12267,21,3,No,Travel_Rarely,4,2,1,2,3,3,1,No
E100739,46,Male,Single,Sales,25,2,Other,Sales Executive,3,8,5,0,2,2,22,0,16340,24,0,Yes,Travel_Rarely,4,3,3,3,3,3,3,No
E100740,21,Male,Divorced,Research & Development,21,1,Human Resources,Laboratory Technician,2,4,1,0,2,7,14,1,10887,19,1,No,Travel_Rarely,4,4,1,2,2,3,4,No
E100741,27,Male,Single,Research & Development,17,3,Technical Degree,Manufacturing Director,5,1,0,0,0,3,8,0,19994,24,3,Yes,Travel_Rarely,2,3,1,3,4,3,6,Yes
E100742,34,Male,Married,Research & Development,23,4,Other,Manufacturing Director,4,0,0,0,0,8,11,0,17172,13,3,No,Travel_Rarely,2,4,1,2,1,3,2,No
E100743,27,Female,Single,Sales,25,1,Human Resources,Manager,2,3,2,0,2,0,15,0,11402,15,0,No,Non-Travel,3,1,1,4,4,3,0,Yes
E100744,34,Female,Married,Research & Development,11,1,Marketing,Healthcare Representative,3,2,0,1,1,0,4,0,11874,18,2,No,Travel_Rarely,2,3,1,2,3,3,4,No
E100745,37,Male,Married,Research & Development,17,1,Technical Degree,Manager,4,6,4,2,2,3,12,1,14398,20,3,No,Travel_Rarely,2,2,1,1,3,3,6,No
E100746,41,Male,Divorced,Sales,26,1,Human Resources,Sales Representative,2,11,4,0,9,2,14,1,11565,25,1,Yes,Travel_Rarely,4,3,4,1,2,3,6,No
E100747,22,Female,Divorced,Research & Development,14,3,Life Sciences,Research Scientist,1,8,4,1,2,2,12,0,6345,15,1,No,Travel_Frequently,1,3,3,3,4,3,5,No
E100748,51,Male,Married,Sales,29,5,Human Resources,Sales Executive,3,1,0,0,0,9,4,1,13417,19,0,No,Travel_Frequently,2,4,4,1,4,3,2,Yes
E100749,23,Male,Divorced,Research & Development,20,5,Other,Manager,2,10,4,3,7,1,18,2,9674,12,1,No,Travel_Frequently,3,4,3,3,2,3,4,No
E100750,19,Female,Divorced,Sales,19,1,Marketing,Manager,1,8,4,0,5,9,18,0,7565,16,3,No,Travel_Rarely,1,2,4,4,4,4,6,No
E100751,30,Female,Divorced,Sales,21,3,Medical,Manager,3,13,10,0,11,9,19,1,12494,15,1,Yes,Travel_Rarely,2,1,4,1,2,3,2,No
E100752,60,Male,Divorced,Sales,7,3,Medical,Manager,5,3,2,0,2,1,15,0,20435,19,3,No,Travel_Frequently,1,1,1,1,2,3,0,No
E100753,60,Male,Single,Sales,24,1,Human Resources,Sales Representative,3,7,4,1,6,7,10,0,13911,17,0,No,Travel_Rarely,1,4,4,3,3,3,1,No
E100754,28,Female,Married,Human Resources,13,2,Medical,Manager,5,4,0,1,0,0,16,1,18407,18,1,No,Travel_Rarely,1,2,3,4,3,3,2,No
E100755,40,Male,Single,Sales,18,1,Human Resources,Manager,5,1,0,0,0,7,8,0,18710,17,3,No,Travel_Rarely,1,3,2,4,3,3,3,No
E100756,33,Male,Single,Research & Development,23,2,Marketing,Manufacturing Director,5,25,12,3,20,9,26,0,24410,23,2,Yes,Non-Travel,1,2,3,2,2,3,0,No
E100757,48,Female,Divorced,Sales,14,1,Medical,Sales Representative,4,0,0,0,0,2,6,1,15743,20,3,No,Travel_Rarely,2,2,4,3,3,3,0,Yes
E100758,28,Male,Married,Research & Development,1,2,Other,Manager,4,0,0,0,0,1,10,0,17997,20,3,No,Travel_Frequently,1,2,2,3,1,3,4,No
E100759,33,Female,Married,Human Resources,7,2,Other,Manager,5,11,7,5,2,8,11,2,22360,15,0,Yes,Travel_Rarely,1,1,1,4,1,3,3,No
E100760,25,Male,Divorced,Sales,8,1,Life Sciences,Sales Representative,1,0,0,0,0,4,7,1,7470,21,3,No,Travel_Rarely,3,3,2,3,3,3,4,No
E100761,21,Female,Divorced,Human Resources,18,2,Human Resources,Manager,5,10,4,5,3,4,22,0,23666,23,0,Yes,Travel_Rarely,3,2,1,1,2,3,5,No
E100762,57,Male,Divorced,Sales,9,4,Medical,Manager,2,6,3,2,3,5,19,0,10567,24,3,No,Travel_Frequently,1,1,3,1,1,3,0,No
E100763,21,Male,Single,Research & Development,1,5,Other,Healthcare Representative,5,0,0,0,0,3,11,1,22570,15,3,No,Travel_Rarely,2,1,2,1,3,3,2,Yes
E100764,42,Male,Single,Research & Development,29,3,Marketing,Research Scientist,4,2,1,0,0,6,15,2,18702,23,3,Yes,Travel_Rarely,3,4,2,3,1,3,5,No
E100765,20,Male,Married,Research & Development,22,2,Marketing,Manager,4,7,3,3,5,6,19,0,19358,21,0,Yes,Travel_Rarely,3,3,2,2,1,3,3,Yes
E100766,49,Female,Single,Research & Development,17,2,Life Sciences,Healthcare Representative,2,4,3,0,1,8,18,0,9451,14,3,No,Travel_Rarely,1,2,1,2,1,3,0,No
E100767,20,Female,Single,Research & Development,19,3,Marketing,Manufacturing Director,2,13,11,1,9,5,18,0,12567,12,0,No,Travel_Rarely,2,3,1,4,4,4,6,No
E100768,44,Male,Married,Sales,27,2,Marketing,Manager,3,10,8,0,1,0,21,0,15839,24,2,No,Travel_Rarely,4,4,3,3,1,3,3,No
E100769,46,Male,Divorced,Sales,6,3,Medical,Manager,1,2,0,0,0,8,6,1,6936,19,0,No,Travel_Frequently,2,4,3,4,3,3,5,No
E100770,49,Female,Married,Human Resources,3,1,Human Resources,Manager,1,0,0,0,0,9,8,0,5823,20,2,Yes,Non-Travel,3,2,4,3,1,3,2,Yes
E100771,36,Female,Single,Research & Development,24,4,Technical Degree,Manufacturing Director,1,14,4,4,10,8,22,0,7670,20,0,Yes,Non-Travel,3,1,1,2,3,3,1,No
E100772,38,Male,Married,Research & Development,5,4,Marketing,Healthcare Representative,4,3,0,0,1,4,5,4,18104,22,0,Yes,Travel_Rarely,3,4,3,1,1,3,4,No
E100773,22,Male,Single,Research & Development,2,5,Marketing,Manufacturing Director,1,0,0,0,0,6,8,0,6661,20,3,No,Travel_Rarely,3,1,2,3,1,3,6,Yes
E100774,35,Male,Single,Research & Development,20,2,Technical Degree,Research Scientist,3,8,2,0,5,0,20,0,14055,20,1,No,Travel_Rarely,3,4,2,2,4,4,4,No
E100775,45,Female,Married,Human Resources,25,5,Marketing,Human Resources,3,10,3,3,6,3,24,0,16507,13,1,No,Travel_Frequently,1,3,2,2,1,3,5,No
E100776,59,Male,Married,Research & Development,4,1,Medical,Laboratory Technician,1,5,2,1,3,9,17,1,6781,21,3,No,Travel_Rarely,1,2,3,2,3,3,0,No
E100777,39,Female,Married,Research & Development,10,4,Medical,Manufacturing Director,2,2,0,1,0,3,10,0,9848,21,2,No,Non-Travel,1,4,2,1,4,3,0,No
E100778,38,Male,Single,Research & Development,10,1,Technical Degree,Manufacturing Director,3,5,3,1,2,4,6,1,12341,13,3,Yes,Travel_Rarely,3,3,2,2,4,3,2,Yes
E100779,23,Female,Divorced,Sales,24,1,Other,Manager,2,6,2,1,3,5,10,1,9645,13,1,Yes,Travel_Frequently,1,4,1,4,1,3,0,No
E100780,18,Male,Married,Sales,21,2,Marketing,Manager,4,11,6,4,1,3,21,1,16791,18,0,Yes,Travel_Rarely,3,2,1,2,1,3,0,No
E100781,22,Male,Married,Research & Development,11,1,Other,Laboratory Technician,3,15,14,4,13,5,16,0,12800,16,3,No,Travel_Rarely,2,3,3,2,2,3,0,No
E100782,58,Male,Married,Sales,27,4,Marketing,Manager,2,3,1,0,2,9,3,2,8351,11,2,No,Travel_Rarely,4,1,1,3,1,3,3,No
E100783,29,Female,Divorced,Research & Development,16,5,Human Resources,Healthcare Representative,1,8,5,2,3,6,14,0,7690,22,3,No,Travel_Rarely,2,4,4,3,2,3,3,No
E100784,43,Male,Married,Human Resources,26,4,Marketing,Human Resources,4,16,15,9,9,2,19,0,19791,23,1,Yes,Non-Travel,4,4,3,3,3,3,1,No
E100785,51,Male,Married,Research & Development,29,2,Medical,Healthcare Representative,5,0,0,0,0,8,4,0,19030,25,0,No,Travel_Rarely,1,3,4,2,1,4,3,No
E100786,31,Male,Divorced,Research & Development,29,4,Life Sciences,Manufacturing Director,5,0,0,0,0,7,3,1,17716,24,1,No,Travel_Rarely,4,2,4,2,1,3,6,No
E100787,43,Male,Married,Human Resources,17,3,Life Sciences,Human Resources,1,10,8,5,7,0,15,1,6733,13,1,No,Travel_Frequently,2,4,3,4,2,4,6,No
E100788,44,Female,Married,Research & Development,16,5,Life Sciences,Healthcare Representative,4,1,0,0,0,1,11,1,18266,14,1,No,Travel_Frequently,2,3,1,1,2,3,4,No
E100789,26,Female,Married,Research & Development,7,3,Life Sciences,Laboratory Technician,4,0,0,0,0,1,1,0,17601,23,1,No,Travel_Rarely,4,2,1,2,4,3,6,No
E100790,43,Female,Married,Research & Development,16,3,Other,Manager,4,0,0,0,0,9,7,0,15409,12,0,No,Travel_Frequently,2,4,3,1,4,4,5,Yes
E100791,39,Male,Single,Human Resources,3,2,Other,Manager,4,2,1,1,1,8,5,0,14902,16,1,Yes,Non-Travel,1,3,4,2,1,4,1,No
E100792,47,Female,Married,Research & Development,26,1,Marketing,Manufacturing Director,5,1,0,0,0,8,8,0,20052,20,2,No,Travel_Rarely,2,2,3,1,3,4,0,No
E100793,60,Male,Divorced,Research & Development,16,3,Other,Healthcare Representative,2,1,0,0,0,8,3,1,10024,22,2,Yes,Travel_Rarely,4,4,3,3,4,3,4,No
E100794,34,Male,Divorced,Research & Development,8,4,Marketing,Manager,4,18,9,6,13,0,29,1,18528,11,1,No,Travel_Rarely,1,4,2,2,4,3,1,No
E100795,43,Male,Married,Research & Development,12,1,Human Resources,Laboratory Technician,2,6,3,1,4,6,17,2,11366,11,2,Yes,Travel_Rarely,4,2,2,4,4,3,5,No
E100796,53,Male,Married,Research & Development,3,4,Marketing,Healthcare Representative,4,6,4,0,3,2,16,1,18338,18,1,No,Travel_Rarely,3,2,4,1,2,3,1,No
E100797,18,Female,Single,Research & Development,17,4,Life Sciences,Manager,3,0,0,0,0,8,4,1,14318,14,0,No,Non-Travel,3,3,1,3,1,3,4,No
E100798,25,Female,Divorced,Research & Development,21,1,Technical Degree,Manager,3,6,4,3,4,7,17,0,12719,25,0,No,Travel_Rarely,1,4,2,4,2,3,1,No
E100799,52,Female,Divorced,Research & Development,18,1,Technical Degree,Manager,3,6,1,3,5,2,8,0,15008,25,2,No,Travel_Rarely,1,4,2,3,3,3,4,No
E100800,32,Male,Married,Human Resources,11,4,Medical,Manager,4,5,3,1,4,0,16,0,16662,11,2,Yes,Travel_Rarely,2,3,4,2,2,3,1,No
E100801,39,Male,Divorced,Research & Development,4,2,Medical,Research Scientist,2,1,0,0,0,8,15,0,11416,17,1,Yes,Travel_Rarely,4,4,3,4,1,3,1,No
E100802,31,Male,Married,Research & Development,16,5,Marketing,Manufacturing Director,5,2,1,0,0,9,14,2,20618,19,3,No,Travel_Rarely,3,4,2,1,2,3,6,No
E100803,43,Male,Married,Research & Development,17,5,Technical Degree,Healthcare Representative,1,9,8,2,7,0,15,2,7470,20,1,No,Travel_Rarely,2,4,1,1,3,3,1,No
E100804,45,Male,Single,Research & Development,9,2,Life Sciences,Healthcare Representative,5,5,4,2,3,2,19,0,22014,17,1,No,Travel_Rarely,3,1,4,4,1,3,4,No
E100805,40,Male,Married,Research & Development,6,1,Other,Healthcare Representative,4,6,4,1,4,5,8,0,15751,11,0,No,Non-Travel,2,2,2,1,1,3,1,No
E100806,31,Male,Married,Sales,24,4,Life Sciences,Sales Executive,3,4,0,0,1,5,18,2,12660,11,3,No,Travel_Rarely,2,1,4,3,1,3,6,No
E100807,41,Male,Married,Research & Development,27,5,Life Sciences,Manufacturing Director,3,2,1,0,1,9,13,0,13614,22,3,Yes,Travel_Frequently,3,1,2,4,1,4,5,No
E100808,19,Female,Married,Research & Development,20,4,Marketing,Laboratory Technician,2,7,6,0,1,3,14,3,10649,11,1,Yes,Travel_Rarely,2,2,2,1,3,4,5,No
E100809,43,Female,Divorced,Research & Development,25,2,Marketing,Healthcare Representative,4,0,0,0,0,1,8,0,14805,25,0,No,Travel_Rarely,3,1,4,3,1,3,3,Yes
E100810,31,Female,Single,Research & Development,2,4,Human Resources,Manufacturing Director,5,5,4,1,3,9,17,0,23224,18,2,No,Travel_Frequently,1,3,1,1,3,3,3,Yes
E100811,24,Female,Married,Research & Development,9,2,Life Sciences,Manufacturing Director,4,29,13,15,20,5,40,0,18456,17,0,No,Travel_Frequently,4,1,1,3,3,3,3,No
E100812,20,Male,Married,Research & Development,28,1,Life Sciences,Research Scientist,4,7,4,0,2,9,8,1,15817,24,2,Yes,Travel_Rarely,2,3,3,2,2,3,3,Yes
E100813,40,Female,Married,Sales,21,2,Marketing,Sales Representative,3,1,0,0,0,4,3,1,11170,13,0,No,Travel_Rarely,3,2,2,3,2,3,3,No
E100814,60,Female,Married,Research & Development,29,2,Marketing,Healthcare Representative,5,1,0,0,0,5,12,1,20154,13,3,No,Travel_Frequently,3,4,3,1,1,3,5,No
E100815,35,Male,Single,Research & Development,6,5,Human Resources,Manager,1,5,4,2,0,6,17,0,7293,22,0,Yes,Travel_Rarely,4,2,4,3,4,3,0,No
E100816,55,Male,Single,Sales,3,4,Human Resources,Manager,3,11,4,3,2,8,17,1,14094,13,1,No,Travel_Rarely,4,2,3,1,4,3,1,No
E100817,52,Female,Married,Sales,20,5,Medical,Manager,5,4,1,0,3,6,8,1,17852,12,2,No,Travel_Rarely,4,1,4,4,1,3,5,No
E100818,32,Male,Married,Research & Development,6,3,Technical Degree,Manufacturing Director,2,3,2,0,0,3,12,0,8955,24,0,No,Travel_Rarely,2,2,1,4,3,3,5,No
E100819,42,Male,Single,Research & Development,7,2,Life Sciences,Laboratory Technician,3,0,0,0,0,9,6,2,13893,24,0,No,Travel_Rarely,3,2,4,2,2,4,2,No
E100820,54,Male,Married,Sales,1,3,Life Sciences,Manager,2,6,3,0,4,4,7,1,10152,14,2,No,Travel_Frequently,2,3,4,3,1,3,0,No
E100821,45,Male,Married,Human Resources,23,5,Human Resources,Manager,3,6,1,1,2,5,19,0,13692,17,0,No,Travel_Rarely,2,4,3,2,1,3,4,No
E100822,27,Male,Married,Research & Development,1,4,Human Resources,Research Scientist,4,17,5,6,13,8,30,1,16334,19,2,Yes,Travel_Rarely,1,1,2,4,3,3,6,No
E100823,56,Male,Divorced,Human Resources,5,5,Medical,Manager,5,1,0,0,0,4,4,0,21061,13,3,No,Travel_Rarely,4,4,3,3,2,3,0,No
E100824,34,Male,Single,Research & Development,6,4,Technical Degree,Manufacturing Director,2,7,5,0,6,4,7,0,8775,20,2,No,Travel_Frequently,1,4,1,3,4,4,2,No
E100825,56,Male,Single,Research & Development,13,4,Medical,Manufacturing Director,3,2,0,0,0,6,16,0,15831,17,2,No,Travel_Rarely,1,4,1,2,4,3,5,No
E100826,39,Female,Married,Research & Development,2,1,Technical Degree,Manager,2,4,1,2,2,1,8,1,9796,22,3,No,Travel_Rarely,2,1,1,2,1,4,0,No
E100827,43,Male,Married,Research & Development,15,2,Other,Manager,3,8,2,1,5,2,15,2,13234,25,0,No,Travel_Rarely,2,2,2,3,1,4,1,No
E100828,42,Male,Married,Research & Development,15,5,Life Sciences,Laboratory Technician,3,1,0,0,0,1,1,0,13106,14,0,No,Travel_Rarely,3,4,3,3,1,3,3,No
E100829,34,Male,Divorced,Sales,13,4,Medical,Sales Representative,1,2,0,0,0,9,8,0,7412,11,3,No,Travel_Rarely,1,1,4,3,1,3,1,No
E100830,30,Female,Divorced,Research & Development,26,5,Human Resources,Laboratory Technician,1,7,3,3,3,9,13,1,6978,15,1,Yes,Travel_Rarely,4,2,4,2,1,3,0,No
E100831,37,Male,Divorced,Sales,25,5,Medical,Sales Representative,1,4,3,0,0,1,10,0,6708,18,2,No,Travel_Rarely,1,4,2,1,4,4,5,No
E100832,42,Male,Married,Sales,14,4,Other,Sales Executive,2,0,0,0,0,2,14,2,10367,13,0,No,Travel_Rarely,3,3,1,4,1,4,5,No
E100833,21,Female,Married,Sales,26,3,Medical,Manager,4,2,0,0,1,5,2,0,17508,20,0,No,Travel_Frequently,1,1,2,4,2,3,2,No
E100834,27,Female,Married,Sales,22,2,Life Sciences,Manager,3,4,2,1,1,4,15,2,14702,14,2,Yes,Non-Travel,1,4,4,2,3,3,4,No
E100835,20,Male,Single,Human Resources,7,2,Other,Manager,5,12,11,5,4,4,22,0,19539,25,2,No,Travel_Rarely,1,1,1,3,4,3,1,No
E100836,58,Female,Married,Sales,14,1,Human Resources,Manager,1,1,0,0,0,1,3,2,5487,13,2,No,Non-Travel,3,3,2,4,3,3,2,No
E100837,35,Male,Single,Research & Development,26,1,Human Resources,Manager,2,8,3,1,3,1,18,0,10165,25,1,No,Travel_Rarely,1,1,4,4,3,3,4,Yes
E100838,53,Male,Divorced,Research & Development,24,1,Marketing,Research Scientist,2,0,0,0,0,0,1,1,8380,20,3,No,Travel_Rarely,2,2,4,4,1,3,3,No
E100839,39,Male,Married,Research & Development,27,2,Other,Healthcare Representative,2,1,0,0,0,2,15,0,9833,24,1,No,Travel_Rarely,1,4,2,4,3,3,1,No
E100840,51,Male,Married,Sales,29,3,Marketing,Sales Executive,5,1,0,0,0,6,15,1,21265,24,1,No,Travel_Rarely,2,1,4,3,2,3,5,No
E100841,25,Female,Married,Research & Development,10,2,Marketing,Healthcare Representative,5,10,8,1,7,4,14,1,17854,18,2,No,Travel_Frequently,1,1,3,2,1,3,1,No
E100842,57,Male,Single,Research & Development,17,2,Life Sciences,Manager,1,1,0,0,0,6,2,1,5739,20,3,Yes,Non-Travel,2,4,3,3,4,3,5,No
E100843,36,Male,Single,Research & Development,14,2,Medical,Healthcare Representative,5,7,5,1,2,8,19,1,21559,18,0,No,Travel_Rarely,1,3,1,3,2,3,5,No
E100844,59,Female,Married,Research & Development,8,2,Human Resources,Manager,1,3,2,1,1,5,16,1,7141,24,2,No,Travel_Frequently,4,3,3,4,4,3,3,No
E100845,58,Female,Single,Human Resources,4,3,Human Resources,Manager,5,35,8,5,32,1,39,0,20156,14,3,No,Travel_Rarely,2,4,3,4,1,3,3,No
E100846,54,Male,Married,Research & Development,26,1,Medical,Research Scientist,5,9,3,2,1,0,13,0,17543,21,0,Yes,Travel_Rarely,4,4,2,3,1,3,0,No
E100847,23,Female,Divorced,Research & Development,16,5,Human Resources,Laboratory Technician,5,6,5,2,3,0,9,0,17382,12,1,No,Travel_Rarely,2,2,1,3,4,4,4,No
E100848,43,Male,Divorced,Research & Development,24,1,Medical,Research Scientist,1,10,9,3,3,9,20,1,8916,22,3,No,Travel_Rarely,1,1,2,3,3,3,2,No
E100849,51,Female,Married,Sales,13,1,Other,Sales Executive,3,5,4,2,4,8,11,0,14055,13,1,No,Travel_Rarely,3,1,2,1,4,3,6,No
E100850,23,Female,Single,Research & Development,22,5,Life Sciences,Healthcare Representative,1,9,8,3,7,5,18,0,6833,13,1,Yes,Travel_Rarely,1,3,3,4,2,3,6,No
E100851,54,Female,Divorced,Sales,27,2,Life Sciences,Sales Representative,3,1,0,0,0,5,6,1,12401,14,3,No,Travel_Rarely,3,2,3,2,3,3,3,No
E100852,50,Male,Divorced,Research & Development,25,3,Life Sciences,Healthcare Representative,2,0,0,0,0,3,1,0,8420,21,0,Yes,Travel_Rarely,4,1,4,2,1,3,0,No
E100853,39,Male,Single,Research & Development,27,3,Medical,Laboratory Technician,2,4,2,1,0,1,18,1,11318,23,3,No,Travel_Rarely,3,2,4,2,2,3,4,No
E100854,38,Male,Married,Research & Development,20,1,Medical,Manager,1,2,0,0,1,9,5,0,6343,12,0,No,Travel_Frequently,3,4,1,1,2,3,4,No
E100855,23,Male,Single,Research & Development,18,5,Technical Degree,Manager,3,2,1,0,0,2,14,2,13701,12,2,No,Travel_Rarely,3,1,3,1,1,3,1,No
E100856,23,Male,Divorced,Research & Development,14,4,Human Resources,Laboratory Technician,3,3,2,0,1,2,16,0,13239,13,2,No,Travel_Rarely,3,4,4,2,3,3,0,No
E100857,21,Female,Divorced,Research & Development,18,2,Human Resources,Research Scientist,3,2,1,0,1,7,12,1,12068,22,2,No,Travel_Frequently,4,3,2,2,1,3,0,No
E100858,47,Male,Single,Research & Development,5,1,Technical Degree,Manager,2,4,2,2,2,5,10,0,10834,11,1,Yes,Travel_Rarely,3,3,3,2,2,3,1,No
E100859,28,Male,Divorced,Research & Development,26,3,Technical Degree,Research Scientist,1,0,0,0,0,6,8,0,7418,18,2,No,Non-Travel,1,4,1,3,2,4,6,No
E100860,47,Female,Married,Sales,9,5,Life Sciences,Sales Executive,4,17,6,2,4,8,25,1,20738,16,1,No,Travel_Rarely,2,3,1,4,2,3,2,No
E100861,48,Male,Divorced,Research & Development,28,5,Technical Degree,Manager,3,12,5,4,1,0,23,1,12892,13,0,No,Travel_Rarely,2,4,2,1,1,3,6,No
E100862,41,Female,Married,Research & Development,3,1,Medical,Manufacturing Director,3,13,9,0,6,1,15,1,14900,11,3,No,Travel_Rarely,1,4,4,1,4,3,3,No
E100863,26,Male,Divorced,Sales,8,4,Marketing,Sales Executive,4,2,1,0,1,8,2,0,16595,13,3,Yes,Travel_Frequently,4,4,2,3,2,3,5,No
E100864,20,Male,Single,Research & Development,20,3,Medical,Healthcare Representative,1,3,2,1,1,4,11,1,7961,11,1,No,Non-Travel,1,3,4,1,2,3,1,No
E100865,48,Male,Married,Sales,22,1,Technical Degree,Sales Executive,3,15,13,3,13,3,22,1,13647,13,1,Yes,Travel_Rarely,1,3,3,2,3,3,3,No
E100866,57,Male,Single,Research & Development,10,4,Human Resources,Manager,1,11,3,5,5,0,17,1,8302,14,1,No,Travel_Rarely,3,3,1,1,4,3,5,No
E100867,54,Female,Divorced,Research & Development,22,5,Medical,Manufacturing Director,3,7,2,2,2,8,12,1,11730,16,0,Yes,Travel_Rarely,3,4,4,3,3,4,0,No
E100868,53,Male,Divorced,Research & Development,19,2,Human Resources,Manufacturing Director,5,2,1,0,1,8,15,0,21099,17,0,No,Travel_Rarely,4,2,2,4,2,3,6,No
E100869,41,Male,Divorced,Sales,21,3,Medical,Sales Executive,3,4,1,0,1,3,18,0,13621,17,2,Yes,Travel_Frequently,4,3,3,2,4,3,1,No
E100870,48,Male,Divorced,Sales,28,3,Human Resources,Sales Representative,5,7,5,1,2,8,16,1,22067,19,2,Yes,Travel_Rarely,2,2,4,1,3,3,5,Yes
E100871,23,Male,Single,Sales,3,4,Other,Sales Representative,1,1,0,0,0,9,7,0,7252,18,3,No,Non-Travel,4,3,3,2,1,3,2,No
E100872,19,Female,Married,Research & Development,11,1,Medical,Laboratory Technician,3,4,1,0,3,0,14,0,13221,23,2,No,Travel_Frequently,1,1,3,4,3,3,3,No
E100873,37,Male,Single,Research & Development,11,5,Human Resources,Healthcare Representative,2,8,4,1,6,4,16,1,10903,14,0,No,Travel_Rarely,2,1,2,1,4,3,6,No
E100874,45,Female,Single,Research & Development,17,4,Marketing,Research Scientist,2,6,3,1,0,0,11,0,9046,16,0,No,Travel_Frequently,2,1,2,2,3,4,3,Yes
E100875,28,Female,Single,Research & Development,16,2,Life Sciences,Manufacturing Director,4,3,2,0,1,3,17,0,16907,21,0,Yes,Travel_Rarely,3,2,3,3,4,3,3,No
E100876,21,Male,Married,Research & Development,7,2,Medical,Healthcare Representative,2,4,0,0,3,4,17,0,10483,11,0,No,Non-Travel,3,3,3,3,4,3,0,No
E100877,32,Female,Single,Human Resources,4,2,Marketing,Manager,5,22,20,3,20,2,35,2,20542,18,3,No,Travel_Rarely,2,4,4,4,3,3,6,No
E100878,23,Male,Single,Research & Development,23,4,Life Sciences,Manager,2,4,2,2,1,1,13,0,11697,16,3,No,Travel_Frequently,3,2,2,4,3,3,5,No
E100879,47,Male,Single,Human Resources,19,5,Medical,Manager,2,7,5,3,6,5,9,1,8926,12,0,No,Travel_Rarely,3,3,4,4,1,3,3,No
E100880,55,Male,Single,Research & Development,12,3,Marketing,Manufacturing Director,2,6,1,1,2,2,18,0,11510,18,1,No,Non-Travel,3,1,1,1,3,3,4,No
E100881,19,Female,Divorced,Sales,15,1,Marketing,Sales Executive,3,6,4,2,1,9,19,1,16063,14,2,Yes,Travel_Rarely,2,2,4,4,4,3,6,No
E100882,32,Female,Married,Sales,11,3,Other,Sales Executive,4,6,4,0,0,0,8,0,18269,19,3,No,Travel_Rarely,2,3,3,1,2,3,3,No
E100883,28,Male,Divorced,Research & Development,5,5,Marketing,Laboratory Technician,1,3,1,0,1,4,6,1,6984,14,1,Yes,Travel_Frequently,2,4,1,2,3,3,0,No
E100884,25,Female,Married,Sales,5,3,Other,Sales Executive,4,3,2,0,1,1,12,2,15113,11,2,No,Travel_Rarely,1,2,4,3,3,4,1,No
E100885,43,Male,Single,Research & Development,15,4,Technical Degree,Manufacturing Director,5,3,1,0,2,1,15,0,22233,17,1,No,Travel_Frequently,2,4,1,2,4,3,3,No
E100886,22,Male,Divorced,Research & Development,29,2,Human Resources,Research Scientist,3,0,0,0,0,3,13,0,12744,20,0,No,Travel_Rarely,3,2,2,3,2,3,3,No
E100887,23,Male,Married,Research & Development,18,5,Life Sciences,Manufacturing Director,3,1,0,0,0,3,15,0,15661,15,2,Yes,Travel_Rarely,2,1,4,4,1,3,1,No
E100888,43,Female,Single,Research & Development,11,5,Human Resources,Manager,2,0,0,0,0,3,13,0,11116,20,1,No,Travel_Rarely,1,1,4,2,2,3,5,No
E100889,21,Female,Single,Sales,26,3,Human Resources,Manager,2,10,3,2,7,6,19,1,12136,21,3,Yes,Non-Travel,3,1,2,2,4,4,5,No
E100890,36,Male,Single,Research & Development,12,4,Other,Healthcare Representative,5,1,0,0,0,0,8,0,17037,22,3,No,Travel_Frequently,4,4,4,4,4,3,4,No
E100891,37,Male,Single,Research & Development,2,3,Human Resources,Laboratory Technician,3,0,0,0,0,7,9,1,13507,15,3,No,Travel_Rarely,2,1,1,2,4,3,0,Yes
E100892,50,Male,Married,Human Resources,20,3,Marketing,Human Resources,1,0,0,0,0,9,8,1,7301,14,2,Yes,Travel_Rarely,2,4,2,1,4,3,1,Yes
E100893,37,Male,Married,Research & Development,15,5,Other,Laboratory Technician,4,6,3,1,1,8,19,1,19487,16,0,Yes,Travel_Rarely,4,4,1,3,2,3,0,No
E100894,29,Male,Single,Human Resources,20,3,Human Resources,Human Resources,3,0,0,0,0,9,7,0,11110,11,0,Yes,Travel_Frequently,3,4,4,4,2,3,5,No
E100895,18,Female,Single,Research & Development,4,2,Other,Laboratory Technician,1,3,0,0,0,5,13,0,8216,13,2,No,Non-Travel,2,1,4,1,2,3,1,No
E100896,43,Male,Divorced,Research & Development,22,3,Technical Degree,Manufacturing Director,1,0,0,0,0,3,9,0,5851,21,2,No,Travel_Rarely,1,3,4,1,3,3,2,Yes
E100897,31,Male,Single,Sales,18,2,Other,Manager,4,9,4,2,6,5,10,1,17066,22,0,No,Travel_Rarely,3,4,4,4,4,3,4,No
E100898,55,Male,Married,Research & Development,6,5,Medical,Research Scientist,1,15,13,0,8,9,18,1,8316,17,3,No,Travel_Rarely,2,3,1,2,3,4,2,No
E100899,54,Female,Divorced,Research & Development,23,4,Marketing,Manufacturing Director,5,15,13,7,4,6,18,1,18226,21,0,No,Travel_Rarely,3,4,4,3,3,3,5,No
E100900,28,Female,Single,Research & Development,27,2,Life Sciences,Laboratory Technician,1,2,1,0,0,5,13,0,6275,18,0,No,Travel_Rarely,2,1,2,1,3,3,6,No
E100901,53,Male,Single,Research & Development,26,4,Medical,Research Scientist,5,5,3,0,3,0,6,0,20862,22,1,No,Travel_Rarely,4,1,2,2,1,3,1,No
E100902,30,Female,Married,Research & Development,19,4,Medical,Manufacturing Director,1,4,3,0,2,4,16,0,7356,19,3,No,Travel_Rarely,2,1,3,4,3,3,5,No
E100903,60,Male,Single,Research & Development,11,2,Medical,Manufacturing Director,2,2,0,0,0,7,9,1,8803,11,2,Yes,Travel_Rarely,3,2,2,4,4,4,1,No
E100904,20,Male,Married,Research & Development,28,5,Human Resources,Manager,1,2,1,0,1,7,4,0,6666,14,0,No,Travel_Frequently,2,1,3,3,3,3,0,Yes
E100905,50,Male,Divorced,Sales,24,1,Other,Sales Executive,5,0,0,0,0,9,1,0,20570,12,3,No,Travel_Rarely,2,3,2,4,4,3,1,No
E100906,23,Male,Single,Research & Development,2,4,Other,Manager,1,7,6,3,1,8,13,0,7450,12,2,Yes,Travel_Rarely,3,4,2,3,1,3,5,Yes
E100907,27,Male,Married,Sales,27,4,Human Resources,Sales Executive,1,1,0,0,0,3,15,1,6737,11,1,Yes,Non-Travel,2,3,4,4,2,3,0,Yes
E100908,22,Female,Married,Sales,8,5,Marketing,Sales Executive,1,3,1,0,2,9,3,1,5178,15,1,Yes,Travel_Rarely,2,2,2,4,4,3,0,Yes
E100909,40,Female,Single,Research & Development,29,5,Human Resources,Healthcare Representative,5,3,2,0,1,5,17,2,21777,12,3,No,Travel_Frequently,3,3,4,1,3,3,1,No
E100910,27,Female,Married,Research & Development,11,3,Human Resources,Manager,1,4,1,1,3,6,9,0,6881,14,0,Yes,Travel_Rarely,4,4,4,2,4,3,0,Yes
E100911,19,Male,Single,Research & Development,5,5,Human Resources,Laboratory Technician,4,8,6,4,3,4,20,1,18500,19,2,No,Travel_Rarely,1,4,2,1,3,3,5,No
E100912,30,Male,Married,Sales,18,4,Marketing,Sales Representative,4,5,2,1,2,7,17,1,18969,21,3,No,Travel_Rarely,1,1,1,3,2,3,6,No
E100913,57,Female,Single,Research & Development,23,2,Marketing,Manufacturing Director,5,5,2,0,3,2,7,0,18958,13,1,Yes,Travel_Rarely,1,2,4,1,4,4,4,Yes
E100914,19,Male,Married,Research & Development,18,1,Technical Degree,Healthcare Representative,2,3,2,0,0,7,15,1,9494,25,2,No,Travel_Rarely,1,2,2,4,3,3,2,Yes
E100915,37,Male,Single,Human Resources,14,3,Technical Degree,Manager,4,0,0,0,0,4,2,0,17591,18,2,No,Travel_Rarely,1,3,1,4,4,3,1,No
E100916,18,Male,Divorced,Human Resources,22,2,Technical Degree,Human Resources,3,2,1,0,0,0,16,1,14210,20,0,Yes,Travel_Rarely,1,1,2,2,2,3,0,Yes
E100917,54,Female,Single,Research & Development,10,1,Technical Degree,Manufacturing Director,4,15,9,0,13,5,19,3,18188,23,1,No,Travel_Rarely,3,1,2,3,2,3,0,No
E100918,26,Male,Married,Research & Development,3,1,Other,Research Scientist,3,27,20,4,15,1,40,0,19097,16,1,No,Travel_Rarely,3,1,1,4,2,3,5,No
E100919,34,Male,Married,Research & Development,9,1,Medical,Research Scientist,5,6,4,1,2,6,8,1,21979,20,1,No,Travel_Rarely,3,4,2,2,4,3,0,No
E100920,26,Female,Married,Sales,3,2,Medical,Manager,2,1,0,0,0,8,12,0,10563,15,2,Yes,Travel_Frequently,2,2,4,2,4,3,0,Yes
E100921,28,Male,Married,Research & Development,11,3,Technical Degree,Laboratory Technician,3,0,0,0,0,2,3,1,11703,12,1,No,Travel_Rarely,4,3,3,4,3,3,4,No
E100922,32,Male,Married,Research & Development,12,3,Technical Degree,Manufacturing Director,3,2,1,0,0,9,14,0,15835,21,3,No,Travel_Rarely,4,3,3,4,2,4,6,No
E100923,41,Male,Married,Human Resources,12,1,Life Sciences,Human Resources,4,9,6,5,2,3,21,0,18786,23,1,No,Travel_Rarely,1,3,2,3,3,3,1,No
E100924,55,Male,Divorced,Sales,3,2,Medical,Sales Executive,3,6,4,1,2,3,20,0,14101,13,2,Yes,Travel_Rarely,1,1,3,2,4,3,1,No
E100925,52,Female,Single,Research & Development,21,1,Life Sciences,Research Scientist,5,10,7,5,6,3,12,0,20297,18,1,Yes,Travel_Rarely,3,2,3,2,1,3,5,No
E100926,47,Male,Married,Research & Development,7,5,Life Sciences,Manager,5,4,1,0,1,2,10,1,19202,25,1,No,Travel_Rarely,4,2,3,2,2,3,4,No
E100927,48,Male,Divorced,Research & Development,14,3,Human Resources,Manufacturing Director,5,0,0,0,0,4,2,0,20923,22,2,Yes,Travel_Rarely,2,4,4,3,3,3,4,No
E100928,22,Female,Divorced,Sales,24,4,Other,Manager,4,0,0,0,0,8,13,1,16771,22,1,Yes,Travel_Rarely,2,4,4,2,2,3,4,Yes
E100929,31,Female,Divorced,Human Resources,28,1,Marketing,Manager,2,0,0,0,0,7,9,1,10948,19,0,Yes,Travel_Rarely,3,4,3,1,3,3,1,Yes
E100930,28,Female,Married,Research & Development,11,5,Medical,Research Scientist,4,4,3,0,3,9,7,1,17787,21,2,No,Travel_Frequently,1,3,1,1,3,3,6,No
E100931,26,Male,Single,Research & Development,7,3,Technical Degree,Laboratory Technician,5,1,0,0,0,1,2,0,20563,21,1,Yes,Non-Travel,4,3,1,2,1,3,3,No
E100932,51,Male,Married,Sales,25,2,Technical Degree,Sales Executive,4,6,2,2,4,8,7,0,17215,17,0,Yes,Travel_Frequently,2,2,1,1,4,3,5,Yes
E100933,29,Female,Married,Research & Development,21,3,Marketing,Laboratory Technician,5,5,2,1,4,9,13,0,22195,11,3,No,Travel_Rarely,1,4,4,1,2,3,5,No
E100934,52,Female,Married,Research & Development,10,2,Medical,Research Scientist,1,1,0,0,0,1,11,0,6782,22,2,Yes,Travel_Rarely,4,3,4,3,4,3,2,No
E100935,52,Male,Married,Sales,11,2,Technical Degree,Manager,1,0,0,0,0,6,0,1,5041,22,1,No,Travel_Rarely,2,4,4,2,3,3,4,No
E100936,18,Male,Divorced,Sales,15,1,Technical Degree,Sales Representative,3,0,0,0,0,4,0,1,13343,23,2,No,Travel_Frequently,1,4,4,3,4,3,4,Yes
E100937,57,Male,Married,Research & Development,19,1,Human Resources,Laboratory Technician,2,6,3,2,5,6,15,0,10694,23,0,No,Travel_Rarely,2,2,3,2,1,3,1,No
E100938,39,Female,Divorced,Sales,16,3,Life Sciences,Sales Executive,1,2,1,0,0,4,2,0,5275,16,2,No,Travel_Frequently,1,2,4,4,4,4,6,No
E100939,46,Male,Married,Sales,22,5,Technical Degree,Sales Representative,5,1,0,0,0,5,14,3,17851,17,3,No,Travel_Rarely,1,3,3,1,3,3,5,Yes
E100940,25,Male,Married,Research & Development,21,3,Other,Manufacturing Director,4,9,3,1,5,7,11,1,14920,22,1,No,Travel_Rarely,1,2,1,3,3,3,1,No
E100941,28,Male,Married,Research & Development,28,4,Medical,Manufacturing Director,4,4,2,0,3,0,5,1,17097,16,3,No,Travel_Frequently,4,4,3,3,1,3,6,No
E100942,58,Female,Married,Sales,20,2,Other,Sales Executive,3,3,1,0,1,0,5,0,13503,20,0,No,Travel_Frequently,3,2,1,4,2,3,2,No
E100943,54,Female,Single,Research & Development,12,2,Marketing,Manager,4,6,2,2,4,4,19,0,16017,21,2,Yes,Travel_Rarely,1,4,4,4,1,3,0,No
E100944,31,Male,Single,Sales,18,1,Human Resources,Manager,1,8,7,4,6,0,12,0,7883,23,1,No,Travel_Frequently,1,4,1,1,2,3,1,No
E100945,47,Female,Divorced,Sales,23,5,Medical,Sales Representative,4,5,2,1,2,2,13,0,15753,12,1,No,Travel_Rarely,2,3,1,1,3,3,6,No
E100946,52,Female,Single,Sales,13,1,Human Resources,Manager,1,2,1,1,1,9,3,0,6592,23,0,No,Travel_Frequently,2,3,3,2,4,3,6,No
E100947,38,Male,Married,Research & Development,5,4,Life Sciences,Laboratory Technician,1,2,0,0,1,8,13,0,7235,19,0,No,Travel_Frequently,4,3,1,2,3,3,2,No
E100948,54,Male,Married,Sales,4,3,Technical Degree,Sales Representative,2,7,3,3,6,6,17,0,11699,13,2,Yes,Travel_Frequently,3,4,2,4,1,3,6,No
E100949,22,Male,Married,Sales,28,3,Medical,Sales Executive,3,3,1,1,2,5,17,1,13636,16,1,No,Travel_Frequently,2,2,1,1,1,3,1,Yes
E100950,36,Female,Married,Research & Development,14,5,Marketing,Laboratory Technician,5,6,2,2,5,7,19,0,19827,16,0,No,Travel_Rarely,4,3,4,1,4,3,1,No
E100951,31,Male,Single,Research & Development,8,1,Life Sciences,Healthcare Representative,1,11,8,2,3,7,11,1,7738,18,1,Yes,Travel_Rarely,4,3,1,4,1,3,1,No
E100952,43,Female,Married,Sales,9,1,Life Sciences,Manager,3,12,6,1,4,5,22,0,12685,23,2,No,Travel_Rarely,4,2,2,4,3,3,3,No
E100953,21,Female,Married,Research & Development,25,4,Human Resources,Laboratory Technician,5,1,0,0,0,3,6,0,21957,14,3,No,Non-Travel,1,2,3,3,4,3,6,No
E100954,42,Male,Married,Sales,19,3,Life Sciences,Manager,4,1,0,0,0,3,3,0,16356,25,0,No,Travel_Rarely,3,3,1,4,2,3,3,No
E100955,59,Female,Single,Research & Development,3,1,Medical,Manager,3,1,0,0,0,3,13,0,13383,16,2,Yes,Travel_Rarely,3,4,2,3,1,3,4,No
E100956,42,Male,Married,Research & Development,5,5,Human Resources,Healthcare Representative,3,6,1,2,2,5,12,0,14060,11,3,No,Travel_Rarely,3,4,4,2,2,3,3,Yes
E100957,35,Male,Single,Research & Development,21,3,Life Sciences,Laboratory Technician,3,2,1,1,0,0,7,0,11475,19,2,Yes,Travel_Rarely,1,3,4,4,4,3,2,No
E100958,57,Female,Single,Research & Development,26,4,Marketing,Healthcare Representative,4,0,0,0,0,1,10,1,16569,22,0,No,Travel_Frequently,1,2,3,4,1,3,1,Yes
E100959,25,Female,Single,Research & Development,18,5,Other,Manufacturing Director,4,0,0,0,0,5,6,1,18351,19,2,Yes,Travel_Rarely,2,4,4,4,4,3,3,No
E100960,56,Male,Single,Sales,1,2,Medical,Manager,3,1,0,0,0,0,13,0,12575,17,1,No,Travel_Rarely,2,2,2,3,1,4,5,No
E100961,57,Female,Divorced,Research & Development,8,4,Marketing,Manufacturing Director,2,0,0,0,0,8,12,1,11029,21,0,No,Travel_Rarely,2,1,1,4,1,3,1,No
E100962,31,Female,Single,Sales,19,5,Marketing,Sales Representative,1,0,0,0,0,5,4,1,6059,23,1,Yes,Travel_Rarely,4,2,2,4,1,3,0,Yes
E100963,49,Male,Divorced,Research & Development,17,1,Human Resources,Manager,4,5,1,0,2,6,5,1,16627,11,2,No,Travel_Rarely,3,2,3,1,4,3,4,No
E100964,55,Female,Divorced,Human Resources,17,2,Technical Degree,Manager,2,0,0,0,0,0,13,0,9533,13,0,No,Travel_Rarely,1,1,1,1,4,3,3,No
E100965,50,Male,Married,Human Resources,11,4,Human Resources,Human Resources,4,0,0,0,0,7,2,2,15402,22,1,No,Travel_Rarely,2,4,2,1,3,3,5,No
E100966,40,Male,Single,Research & Development,2,1,Medical,Research Scientist,3,9,6,2,6,4,11,1,15352,15,1,No,Travel_Rarely,4,4,3,4,3,3,6,No
E100967,32,Male,Married,Research & Development,6,2,Medical,Manufacturing Director,2,9,2,4,2,4,15,0,9721,14,1,No,Travel_Rarely,1,4,3,1,4,3,5,No
E100968,50,Female,Divorced,Research & Development,22,3,Human Resources,Manufacturing Director,5,1,0,0,0,5,15,1,21130,15,3,Yes,Non-Travel,4,3,1,2,4,3,1,No
E100969,42,Female,Married,Sales,14,1,Technical Degree,Sales Executive,1,0,0,0,0,6,13,1,7424,17,1,No,Travel_Rarely,4,1,1,1,1,3,0,Yes
E100970,34,Male,Single,Research & Development,3,5,Human Resources,Research Scientist,1,6,3,2,2,6,18,0,8013,19,1,No,Travel_Rarely,4,2,4,4,3,3,4,No
E100971,50,Male,Married,Research & Development,12,4,Medical,Laboratory Technician,4,2,0,0,0,4,4,1,16324,11,2,No,Travel_Rarely,3,1,4,1,3,3,4,No
E100972,19,Female,Divorced,Research & Development,4,2,Technical Degree,Healthcare Representative,1,0,0,0,0,0,10,0,6904,15,2,No,Travel_Rarely,1,1,1,1,4,3,0,Yes
E100973,31,Male,Divorced,Research & Development,12,1,Medical,Manufacturing Director,5,0,0,0,0,8,4,0,16229,13,2,Yes,Travel_Rarely,1,1,4,1,3,3,3,Yes
E100974,57,Female,Single,Sales,13,3,Technical Degree,Sales Executive,2,0,0,0,0,5,3,0,10371,13,2,No,Travel_Rarely,4,1,1,2,4,3,3,No
E100975,57,Female,Married,Research & Development,2,4,Technical Degree,Laboratory Technician,2,4,3,2,1,8,7,0,10695,21,3,No,Travel_Rarely,3,1,4,2,3,3,1,No
E100976,56,Male,Single,Human Resources,2,4,Human Resources,Manager,3,11,5,4,4,3,23,0,13407,12,2,No,Travel_Rarely,4,1,2,3,2,3,2,No
E100977,23,Female,Single,Sales,15,1,Human Resources,Manager,2,7,3,0,6,1,13,1,10187,16,2,No,Travel_Rarely,2,3,3,4,2,4,1,No
E100978,23,Male,Divorced,Research & Development,23,3,Human Resources,Manager,4,3,1,0,2,2,3,0,16931,24,2,No,Travel_Frequently,1,1,1,2,3,3,1,No
E100979,20,Female,Single,Human Resources,29,2,Technical Degree,Human Resources,5,2,1,1,1,3,8,0,22262,16,1,No,Non-Travel,1,1,1,2,4,3,6,No
E100980,24,Female,Single,Research & Development,17,1,Technical Degree,Manager,3,4,0,1,2,9,18,0,16189,13,3,No,Travel_Rarely,3,4,1,2,2,3,1,No
E100981,25,Female,Single,Research & Development,7,2,Medical,Research Scientist,4,2,0,1,1,7,9,0,18342,11,2,No,Travel_Rarely,1,1,2,4,1,3,6,No
E100982,59,Male,Divorced,Sales,28,4,Marketing,Manager,4,1,0,0,0,2,3,2,14055,17,1,No,Travel_Rarely,1,1,3,3,4,3,0,Yes
E100983,32,Female,Divorced,Research & Development,14,2,Human Resources,Research Scientist,4,5,2,2,2,7,19,1,19765,12,0,No,Travel_Rarely,1,4,4,4,2,3,4,No
E100984,46,Male,Married,Research & Development,12,3,Other,Manufacturing Director,1,10,9,4,1,5,12,0,7950,18,3,Yes,Travel_Rarely,3,4,4,1,1,3,4,Yes
E100985,50,Male,Married,Research & Development,17,5,Medical,Research Scientist,4,2,1,0,1,3,5,2,15313,13,2,No,Travel_Rarely,4,4,3,3,2,3,2,No
E100986,47,Male,Single,Research & Development,14,3,Medical,Healthcare Representative,1,9,4,1,2,6,23,0,8192,11,1,No,Non-Travel,1,2,4,1,2,4,3,No
E100987,56,Male,Married,Sales,6,2,Life Sciences,Manager,2,2,1,1,0,4,14,1,10452,20,0,Yes,Travel_Frequently,4,1,1,2,1,4,1,No
E100988,44,Male,Married,Sales,19,1,Human Resources,Manager,1,2,0,0,1,4,7,2,6846,19,0,No,Travel_Rarely,3,1,3,4,1,3,0,No
E100989,53,Female,Single,Human Resources,24,4,Medical,Manager,4,0,0,0,0,8,13,3,15650,15,1,No,Travel_Frequently,4,1,2,1,3,3,0,No
E100990,46,Female,Married,Research & Development,6,5,Life Sciences,Manufacturing Director,5,5,3,1,4,2,11,0,16983,11,1,No,Travel_Frequently,2,4,3,3,2,3,1,No
E100991,55,Male,Divorced,Research & Development,27,1,Other,Manufacturing Director,5,8,2,0,4,9,8,1,17365,20,3,No,Travel_Rarely,1,3,1,1,1,3,0,No
E100992,50,Female,Single,Sales,18,1,Other,Manager,2,5,4,0,4,3,19,0,10979,21,1,No,Travel_Rarely,3,1,3,1,3,3,0,No
E100993,54,Male,Single,Research & Development,24,3,Human Resources,Healthcare Representative,4,0,0,0,0,4,12,0,15645,16,2,Yes,Travel_Rarely,3,4,2,2,1,3,6,No
E100994,44,Female,Single,Human Resources,5,2,Technical Degree,Human Resources,1,0,0,0,0,0,3,1,6540,20,0,No,Travel_Frequently,4,4,2,1,3,3,1,Yes
E100995,50,Female,Single,Research & Development,24,3,Life Sciences,Research Scientist,5,4,3,1,1,6,15,0,17904,13,2,No,Travel_Rarely,1,4,3,1,3,3,2,No
E100996,21,Male,Divorced,Sales,24,2,Technical Degree,Manager,3,2,1,0,0,7,8,0,14695,21,2,No,Travel_Frequently,3,2,3,2,1,3,0,No
E100997,39,Female,Married,Research & Development,6,3,Other,Laboratory Technician,4,2,0,1,0,5,12,1,18725,25,2,Yes,Travel_Rarely,2,4,4,3,1,3,4,No
E100998,19,Male,Married,Research & Development,2,1,Other,Research Scientist,4,17,6,1,12,8,18,0,19601,14,0,No,Travel_Frequently,4,3,4,2,2,4,5,No
E100999,27,Male,Married,Research & Development,8,4,Marketing,Research Scientist,3,6,2,1,1,2,6,1,13741,18,0,No,Travel_Rarely,2,2,1,1,2,3,4,Yes
E101000,22,Female,Single,Research & Development,15,2,Marketing,Manager,5,2,0,1,1,1,2,1,16530,25,0,No,Travel_Frequently,2,4,4,4,3,3,6,No
E101001,27,Male,Married,Research & Development,15,5,Marketing,Healthcare Representative,3,0,0,0,0,4,9,1,12935,15,1,No,Travel_Rarely,4,3,1,2,1,3,6,No
E101002,50,Male,Married,Research & Development,11,5,Marketing,Manager,2,0,0,0,0,8,13,2,9303,22,2,No,Travel_Rarely,2,3,1,2,2,3,5,No
E101003,55,Male,Married,Research & Development,22,1,Medical,Healthcare Representative,1,5,2,1,3,0,18,0,9009,16,3,No,Travel_Rarely,4,1,3,1,3,3,5,No
E101004,30,Female,Divorced,Sales,22,3,Marketing,Sales Executive,1,9,6,2,8,0,14,0,7010,20,1,No,Travel_Rarely,4,4,4,4,2,3,4,No
E101005,48,Male,Married,Research & Development,24,3,Medical,Research Scientist,5,6,4,0,2,9,17,1,21065,14,1,No,Travel_Rarely,3,4,2,3,3,3,1,No
E101006,53,Male,Married,Sales,1,1,Medical,Sales Executive,3,2,1,0,1,2,6,1,13894,16,3,Yes,Travel_Rarely,3,1,2,4,2,3,5,No
E101007,41,Female,Divorced,Human Resources,18,5,Human Resources,Human Resources,4,0,0,0,0,9,0,1,17230,13,2,No,Travel_Rarely,2,3,3,2,1,3,4,No
E101008,32,Female,Single,Research & Development,12,5,Medical,Laboratory Technician,4,17,8,5,11,2,26,0,19832,20,3,No,Travel_Rarely,2,4,2,4,4,3,3,No
E101009,46,Male,Single,Research & Development,12,3,Medical,Manager,4,21,17,0,14,4,23,0,19005,22,0,No,Travel_Rarely,2,1,2,3,4,3,0,No
E101010,25,Male,Single,Research & Development,25,2,Marketing,Manager,2,3,2,1,0,3,17,0,10828,11,2,No,Travel_Rarely,2,1,3,4,3,3,6,No
E101011,22,Male,Married,Sales,11,4,Medical,Sales Executive,2,0,0,0,0,5,10,0,10419,16,1,Yes,Travel_Rarely,2,3,2,4,4,4,2,Yes
E101012,46,Male,Married,Research & Development,28,2,Technical Degree,Manufacturing Director,4,3,2,0,1,7,9,1,14385,24,0,No,Non-Travel,3,3,3,4,4,3,5,No
E101013,21,Male,Married,Research & Development,8,5,Marketing,Laboratory Technician,5,11,4,5,5,7,22,1,23574,23,0,Yes,Travel_Rarely,2,4,1,2,3,3,4,No
E101014,29,Female,Divorced,Sales,28,2,Life Sciences,Sales Representative,2,5,3,0,4,3,13,0,10597,11,1,Yes,Travel_Rarely,2,4,4,1,4,3,1,No
E101015,19,Female,Married,Research & Development,7,4,Marketing,Manager,2,6,1,3,3,0,18,0,9534,20,3,No,Travel_Frequently,1,2,2,1,2,3,6,Yes
E101016,44,Female,Married,Sales,23,2,Medical,Manager,1,0,0,0,0,6,8,0,7498,22,0,No,Travel_Rarely,4,3,3,4,2,3,5,Yes
E101017,48,Male,Single,Research & Development,21,2,Technical Degree,Manager,1,0,0,0,0,5,14,1,7356,13,0,Yes,Travel_Frequently,4,2,2,2,2,3,2,Yes
E101018,53,Female,Single,Research & Development,2,2,Marketing,Laboratory Technician,5,0,0,0,0,4,5,0,21212,22,2,No,Travel_Rarely,3,2,4,2,1,3,6,No
E101019,53,Male,Married,Sales,11,2,Technical Degree,Manager,2,11,10,1,10,3,13,2,11579,18,2,No,Travel_Rarely,4,1,2,2,2,3,1,No
E101020,43,Female,Married,Human Resources,22,1,Life Sciences,Manager,2,3,2,1,1,5,3,1,10137,17,1,Yes,Travel_Rarely,2,1,1,1,4,3,2,Yes
E101021,60,Female,Divorced,Sales,10,5,Other,Sales Executive,3,7,3,4,1,7,9,0,11445,18,1,No,Travel_Frequently,4,4,3,2,4,3,2,No
E101022,44,Male,Single,Sales,3,4,Life Sciences,Sales Executive,5,0,0,0,0,5,9,2,18094,20,1,No,Travel_Rarely,3,3,4,4,2,4,0,No
E101023,22,Female,Single,Sales,20,5,Other,Sales Representative,5,13,11,4,8,2,14,0,22453,20,3,Yes,Travel_Rarely,4,3,1,1,1,3,5,No
E101024,37,Male,Married,Research & Development,29,1,Human Resources,Research Scientist,3,8,2,4,2,8,18,0,15966,12,0,No,Travel_Rarely,4,2,2,2,2,3,5,No
E101025,28,Female,Single,Research & Development,10,1,Other,Manager,3,1,0,0,0,2,5,0,12540,20,1,No,Travel_Frequently,1,2,2,4,1,3,5,Yes
E101026,27,Male,Single,Research & Development,28,1,Human Resources,Healthcare Representative,1,10,3,0,5,3,17,1,7600,17,2,No,Travel_Rarely,1,4,2,1,1,3,2,Yes
E101027,57,Male,Married,Sales,27,1,Marketing,Manager,5,1,0,0,0,4,5,0,17238,24,0,No,Travel_Frequently,2,1,4,2,2,3,3,No
E101028,55,Female,Single,Sales,18,2,Human Resources,Sales Executive,5,1,0,0,0,1,1,1,21236,14,1,No,Travel_Rarely,4,3,3,3,1,3,3,No
E101029,23,Male,Married,Research & Development,14,5,Technical Degree,Healthcare Representative,3,1,0,0,0,9,3,0,11387,11,0,No,Non-Travel,2,3,4,4,4,3,6,No
E101030,25,Female,Single,Research & Development,18,3,Human Resources,Laboratory Technician,4,12,11,4,3,9,23,1,16385,21,0,No,Travel_Rarely,4,3,1,3,2,3,3,No
E101031,40,Male,Single,Research & Development,28,4,Technical Degree,Healthcare Representative,4,12,11,6,6,1,16,1,18050,13,0,Yes,Travel_Rarely,2,3,3,1,4,3,6,No
E101032,43,Female,Married,Sales,24,1,Other,Sales Representative,1,1,0,0,0,5,7,0,6035,15,1,No,Travel_Rarely,2,1,4,2,1,3,1,Yes
E101033,60,Female,Divorced,Research & Development,8,5,Other,Manager,4,6,5,1,0,1,10,0,18671,24,0,No,Travel_Rarely,4,4,2,4,3,3,0,No
E101034,29,Male,Married,Human Resources,10,1,Other,Manager,4,5,4,0,1,9,18,0,14898,20,0,No,Travel_Rarely,1,4,1,4,2,3,1,No
E101035,43,Male,Married,Research & Development,22,1,Human Resources,Healthcare Representative,4,8,7,4,2,0,17,3,14768,18,0,Yes,Travel_Rarely,3,1,2,4,3,3,5,No
E101036,30,Male,Single,Research & Development,13,1,Other,Manufacturing Director,2,1,0,0,0,7,5,2,9513,12,2,No,Travel_Rarely,2,4,4,3,3,3,5,No
E101037,57,Male,Married,Sales,21,1,Human Resources,Sales Executive,1,3,2,0,2,9,9,1,6755,12,1,No,Travel_Rarely,3,4,1,2,3,3,4,No
E101038,35,Male,Single,Human Resources,8,1,Human Resources,Human Resources,3,5,1,0,2,9,17,0,12711,18,3,No,Travel_Frequently,4,2,3,2,3,3,5,No
E101039,42,Female,Married,Research & Development,4,4,Medical,Manufacturing Director,4,0,0,0,0,0,14,1,16952,24,2,No,Travel_Rarely,2,1,3,2,4,3,3,Yes
E101040,50,Female,Married,Human Resources,27,5,Medical,Manager,2,2,0,0,1,9,9,0,9715,19,0,No,Travel_Rarely,4,4,4,3,2,3,0,No
E101041,57,Female,Divorced,Research & Development,4,1,Human Resources,Research Scientist,4,5,2,0,4,5,18,0,19504,20,0,No,Travel_Rarely,2,2,4,1,4,3,3,No
E101042,60,Female,Married,Research & Development,5,1,Technical Degree,Manager,2,1,0,0,0,0,8,2,8408,23,3,No,Travel_Rarely,1,1,3,3,1,3,0,Yes
E101043,29,Female,Single,Human Resources,1,1,Marketing,Manager,1,15,8,3,2,7,21,0,9394,23,3,Yes,Travel_Rarely,2,1,3,1,2,3,1,No
E101044,53,Female,Single,Sales,17,1,Life Sciences,Sales Executive,4,0,0,0,0,4,12,0,17364,11,2,No,Travel_Rarely,2,3,4,3,2,3,5,No
E101045,21,Male,Divorced,Research & Development,2,2,Medical,Healthcare Representative,2,15,14,6,12,2,28,1,10979,24,0,Yes,Travel_Rarely,2,2,3,2,4,4,1,No
E101046,22,Female,Married,Research & Development,8,2,Human Resources,Healthcare Representative,5,1,0,0,0,4,3,0,16295,12,3,No,Travel_Rarely,4,2,1,2,1,3,3,No
E101047,54,Female,Married,Research & Development,7,3,Life Sciences,Laboratory Technician,5,0,0,0,0,0,10,0,19925,25,2,No,Travel_Rarely,1,2,4,2,3,3,2,No
E101048,25,Male,Single,Human Resources,15,1,Medical,Human Resources,2,1,0,0,0,0,2,1,8413,14,3,Yes,Travel_Frequently,4,1,1,3,1,3,0,Yes
E101049,59,Male,Married,Sales,26,3,Marketing,Sales Representative,4,7,3,0,6,3,7,1,15177,22,0,No,Travel_Rarely,3,3,2,4,4,3,5,No
E101050,45,Male,Single,Research & Development,25,4,Technical Degree,Healthcare Representative,4,6,3,0,3,8,11,0,15349,13,0,No,Travel_Rarely,1,1,1,3,4,3,4,No
E101051,48,Male,Divorced,Research & Development,5,3,Human Resources,Manager,1,1,0,0,0,8,13,5,7587,11,0,No,Travel_Rarely,2,4,4,1,4,3,6,Yes
E101052,26,Female,Married,Sales,2,5,Marketing,Manager,1,1,0,0,0,0,9,1,6888,14,0,No,Travel_Rarely,2,4,2,3,3,3,2,No
E101053,46,Male,Divorced,Research & Development,7,2,Medical,Healthcare Representative,3,5,2,0,2,2,7,0,11301,21,1,No,Travel_Rarely,2,4,3,1,2,3,1,No
E101054,31,Male,Single,Sales,8,2,Human Resources,Sales Executive,1,3,0,1,0,3,7,0,6592,23,1,No,Travel_Frequently,3,3,1,3,1,3,0,No
E101055,57,Female,Married,Research & Development,28,1,Life Sciences,Laboratory Technician,4,7,6,0,2,1,15,1,18593,21,1,No,Travel_Frequently,3,1,1,4,1,3,2,Yes
E101056,58,Male,Married,Human Resources,7,1,Other,Manager,3,0,0,0,0,6,13,1,11943,12,2,No,Travel_Rarely,2,2,4,4,3,4,6,No
E101057,39,Male,Single,Research & Development,7,4,Technical Degree,Manager,1,4,3,1,1,2,17,0,8644,20,2,Yes,Travel_Rarely,2,4,3,2,4,3,4,Yes
E101058,28,Male,Divorced,Research & Development,28,4,Medical,Healthcare Representative,2,6,4,0,3,0,14,0,10828,15,3,Yes,Travel_Rarely,3,4,4,4,1,4,2,No
E101059,40,Female,Divorced,Human Resources,14,5,Technical Degree,Human Resources,5,25,7,7,21,0,31,0,25223,11,3,Yes,Travel_Rarely,4,1,3,3,2,3,4,No
E101060,18,Female,Divorced,Research & Development,21,1,Human Resources,Healthcare Representative,1,5,4,1,2,2,18,0,7030,24,2,No,Travel_Frequently,1,2,4,4,1,3,1,No
E101061,54,Male,Married,Research & Development,18,1,Other,Manufacturing Director,1,1,0,0,0,5,4,0,7095,18,3,No,Non-Travel,1,3,3,2,4,4,0,No
E101062,38,Female,Single,Research & Development,6,4,Marketing,Healthcare Representative,2,0,0,0,0,3,10,1,10537,20,2,No,Non-Travel,3,4,2,3,1,4,1,No
E101063,43,Male,Single,Research & Development,4,4,Technical Degree,Manager,4,5,1,1,1,0,6,0,16344,12,1,No,Travel_Rarely,3,4,4,1,4,3,0,No
E101064,53,Female,Divorced,Sales,10,4,Life Sciences,Sales Representative,2,3,2,0,0,6,4,0,9422,21,2,No,Travel_Rarely,4,4,2,3,2,4,2,No
E101065,40,Female,Single,Human Resources,18,2,Medical,Human Resources,1,11,8,0,7,1,14,1,6325,13,2,No,Travel_Rarely,2,2,4,2,3,3,1,No
E101066,18,Female,Married,Sales,12,3,Life Sciences,Manager,4,6,5,2,5,4,6,1,18132,13,3,No,Travel_Rarely,3,4,4,4,4,3,0,No
E101067,57,Male,Married,Research & Development,16,3,Technical Degree,Manager,3,3,0,0,2,7,16,0,14625,14,3,No,Travel_Frequently,4,2,4,4,4,3,5,No
E101068,32,Female,Married,Research & Development,25,1,Other,Manufacturing Director,1,2,0,0,0,6,5,2,5528,17,2,Yes,Travel_Rarely,3,4,1,3,1,3,4,No
E101069,38,Female,Divorced,Research & Development,7,2,Marketing,Research Scientist,2,2,1,0,0,7,13,0,8956,23,0,No,Travel_Rarely,2,4,4,1,3,3,0,No
E101070,26,Male,Single,Research & Development,6,4,Marketing,Research Scientist,3,1,0,0,0,9,14,0,11922,19,3,No,Travel_Rarely,3,2,3,1,4,3,5,Yes
E101071,26,Female,Married,Research & Development,28,1,Life Sciences,Laboratory Technician,5,0,0,0,0,5,10,0,20346,13,2,No,Travel_Rarely,2,2,1,1,1,4,1,No
E101072,27,Male,Single,Research & Development,5,2,Human Resources,Laboratory Technician,3,4,2,0,1,6,9,1,13630,11,3,No,Travel_Rarely,4,3,3,1,2,3,1,No
E101073,43,Female,Married,Sales,3,5,Human Resources,Sales Representative,2,1,0,0,0,8,6,0,9619,25,0,No,Travel_Rarely,1,1,3,3,3,4,2,No
E101074,58,Male,Single,Sales,12,2,Other,Sales Executive,3,1,0,0,0,5,7,0,12189,21,3,No,Travel_Frequently,4,4,3,4,1,3,4,No
E101075,52,Female,Married,Sales,15,1,Marketing,Sales Executive,2,0,0,0,0,8,4,3,9469,20,2,No,Non-Travel,1,4,3,1,3,3,0,Yes
E101076,42,Male,Divorced,Research & Development,10,3,Life Sciences,Healthcare Representative,1,1,0,0,0,1,9,1,6813,25,2,Yes,Travel_Frequently,4,1,3,3,4,3,1,Yes
E101077,43,Male,Divorced,Sales,26,4,Life Sciences,Sales Representative,4,0,0,0,0,1,1,0,13196,11,0,No,Travel_Frequently,1,1,2,3,1,3,0,Yes
E101078,28,Male,Single,Research & Development,20,5,Life Sciences,Healthcare Representative,5,5,4,2,3,1,6,0,17965,22,2,No,Travel_Rarely,4,1,1,3,2,3,3,No
E101079,55,Male,Married,Research & Development,19,2,Technical Degree,Research Scientist,4,2,0,0,1,5,5,1,13768,21,0,No,Travel_Rarely,2,4,3,1,2,3,4,No
E101080,19,Male,Divorced,Sales,16,1,Other,Sales Executive,4,4,1,1,0,1,18,1,19556,16,2,Yes,Travel_Rarely,1,4,2,1,1,3,4,Yes
E101081,24,Male,Single,Research & Development,28,1,Human Resources,Manufacturing Director,4,5,4,1,2,2,8,0,17358,15,2,No,Travel_Rarely,1,4,2,3,1,3,5,No
E101082,35,Male,Single,Research & Development,11,4,Human Resources,Manager,2,17,8,3,16,7,20,0,12981,20,3,No,Travel_Rarely,2,2,3,3,3,3,3,No
E101083,44,Male,Single,Sales,8,1,Technical Degree,Sales Executive,2,0,0,0,0,7,0,0,8371,17,3,Yes,Travel_Rarely,2,3,4,3,1,3,4,No
E101084,51,Male,Married,Research & Development,3,1,Medical,Manager,5,2,1,0,1,3,5,0,21268,17,0,No,Travel_Rarely,1,3,3,4,3,3,3,No
E101085,44,Female,Single,Research & Development,23,4,Technical Degree,Manager,2,1,0,0,0,8,12,0,10659,13,3,No,Travel_Frequently,1,1,2,4,4,3,0,Yes
E101086,34,Male,Divorced,Research & Development,7,5,Other,Manager,2,3,2,0,0,7,7,0,9603,17,1,No,Travel_Rarely,1,1,3,2,1,3,6,No
E101087,60,Female,Married,Research & Development,23,3,Life Sciences,Research Scientist,2,12,8,1,2,0,20,0,10359,19,0,Yes,Travel_Frequently,3,4,2,2,4,3,3,No
E101088,41,Female,Married,Research & Development,29,3,Technical Degree,Healthcare Representative,2,6,4,1,2,7,8,0,10565,18,1,No,Travel_Rarely,4,3,3,1,2,4,2,No
E101089,42,Female,Single,Research & Development,7,2,Life Sciences,Manufacturing Director,1,5,1,0,3,0,19,0,8947,13,0,Yes,Travel_Rarely,2,3,2,4,3,3,5,No
E101090,24,Male,Married,Sales,14,5,Other,Sales Executive,5,2,1,1,0,3,4,0,17472,20,1,No,Travel_Rarely,2,2,3,2,3,3,3,No
E101091,23,Female,Married,Research & Development,2,2,Other,Manufacturing Director,2,5,2,0,2,9,18,0,9982,15,3,No,Travel_Rarely,4,4,4,3,2,3,0,No
E101092,41,Male,Married,Research & Development,10,3,Marketing,Research Scientist,5,0,0,0,0,5,4,0,20097,23,3,Yes,Non-Travel,2,4,4,3,4,4,4,No
E101093,50,Male,Married,Sales,19,4,Life Sciences,Sales Executive,3,4,3,1,3,6,13,1,15614,23,2,No,Non-Travel,2,3,2,1,3,3,2,No
E101094,46,Male,Married,Research & Development,26,1,Human Resources,Laboratory Technician,1,4,2,2,0,9,9,0,7288,24,1,No,Travel_Rarely,1,3,4,1,2,3,3,No
E101095,60,Female,Divorced,Human Resources,9,3,Technical Degree,Human Resources,2,2,1,0,0,3,4,3,8773,18,2,No,Travel_Frequently,2,2,4,2,2,3,5,No
E101096,39,Male,Divorced,Research & Development,16,5,Other,Laboratory Technician,1,1,0,0,0,7,1,0,5680,12,0,No,Travel_Rarely,3,2,1,3,2,3,5,No
E101097,43,Male,Married,Research & Development,19,3,Life Sciences,Manufacturing Director,1,8,3,1,1,7,17,0,7471,24,1,No,Travel_Rarely,3,4,3,1,1,3,0,No
E101098,45,Female,Single,Human Resources,18,5,Medical,Manager,3,0,0,0,0,8,7,2,14306,24,2,Yes,Travel_Rarely,1,2,3,1,4,3,2,No
E101099,38,Female,Single,Research & Development,9,5,Marketing,Healthcare Representative,5,0,0,0,0,5,11,1,21433,17,0,Yes,Travel_Rarely,1,3,4,4,2,3,2,Yes
E101100,24,Male,Single,Research & Development,16,5,Medical,Laboratory Technician,1,2,0,0,1,3,2,0,6098,21,1,No,Travel_Rarely,2,4,4,2,4,3,2,No
E101101,34,Male,Married,Research & Development,13,2,Other,Research Scientist,4,1,0,0,0,1,2,3,14490,20,2,Yes,Travel_Frequently,1,3,2,1,3,3,3,No
E101102,37,Female,Married,Research & Development,10,4,Medical,Manager,3,6,5,2,4,6,8,0,14776,20,1,Yes,Travel_Rarely,1,4,3,2,1,3,0,No
E101103,58,Male,Married,Research & Development,25,3,Medical,Manufacturing Director,4,5,4,1,4,9,10,0,17258,17,1,No,Travel_Rarely,4,4,1,3,2,3,0,No
E101104,37,Male,Divorced,Research & Development,20,4,Marketing,Research Scientist,3,7,6,0,6,2,10,1,15177,21,2,Yes,Travel_Rarely,1,3,1,2,2,3,0,Yes
E101105,39,Male,Divorced,Research & Development,14,1,Marketing,Healthcare Representative,4,1,0,0,0,2,4,0,16159,22,3,Yes,Travel_Rarely,3,4,4,1,2,4,6,No
E101106,45,Female,Divorced,Human Resources,12,3,Marketing,Manager,4,6,1,1,3,2,20,0,19405,24,3,No,Travel_Rarely,2,4,2,4,3,3,1,No
E101107,57,Female,Single,Research & Development,25,4,Marketing,Manager,1,9,2,0,5,3,17,0,8467,23,2,Yes,Travel_Rarely,1,2,2,2,1,3,4,No
E101108,24,Female,Married,Sales,19,4,Medical,Manager,1,2,1,1,0,1,7,0,6220,18,0,No,Travel_Rarely,4,3,3,2,4,4,0,No
E101109,18,Female,Single,Research & Development,7,1,Human Resources,Healthcare Representative,3,2,1,1,1,4,13,1,15561,11,2,Yes,Travel_Rarely,2,3,4,3,4,3,1,Yes
E101110,49,Male,Single,Research & Development,23,5,Human Resources,Manager,5,11,5,5,8,2,12,0,17080,18,2,No,Non-Travel,2,2,4,4,4,3,1,No
E101111,30,Male,Single,Sales,15,3,Marketing,Sales Executive,1,0,0,0,0,9,6,1,6937,24,1,No,Travel_Rarely,2,4,2,2,4,3,2,Yes
E101112,47,Male,Married,Research & Development,16,3,Technical Degree,Healthcare Representative,1,2,1,0,0,4,16,1,8684,11,3,No,Travel_Rarely,4,1,1,4,4,3,4,No
E101113,40,Male,Married,Research & Development,27,1,Life Sciences,Manufacturing Director,2,0,0,0,0,6,12,1,9840,13,3,Yes,Travel_Frequently,3,1,1,1,4,3,2,No
E101114,36,Male,Divorced,Research & Development,8,5,Other,Manager,1,0,0,0,0,8,2,0,6203,19,3,No,Non-Travel,4,3,3,4,4,3,4,No
E101115,49,Female,Single,Sales,10,3,Technical Degree,Sales Executive,5,0,0,0,0,1,8,2,19823,14,3,No,Travel_Rarely,4,2,4,1,1,3,6,No
E101116,47,Female,Married,Research & Development,4,3,Other,Laboratory Technician,2,2,0,0,0,8,7,1,10504,20,2,Yes,Travel_Rarely,2,4,4,3,1,3,2,No
E101117,46,Female,Married,Research & Development,19,3,Technical Degree,Manufacturing Director,4,5,3,0,1,9,12,1,18578,23,1,Yes,Travel_Rarely,4,2,1,3,3,4,5,Yes
E101118,46,Male,Single,Sales,19,5,Technical Degree,Manager,4,1,0,0,0,5,13,0,17381,19,3,No,Travel_Rarely,2,4,4,3,2,3,3,No
E101119,47,Female,Married,Human Resources,28,1,Human Resources,Manager,2,9,5,0,2,5,21,0,12502,11,3,No,Travel_Rarely,1,3,4,1,1,3,4,No
E101120,33,Female,Single,Research & Development,21,3,Life Sciences,Manager,2,2,0,0,0,2,2,0,8625,18,1,No,Travel_Rarely,1,3,2,2,2,3,5,No
E101121,57,Male,Married,Sales,27,4,Technical Degree,Sales Executive,2,17,7,5,8,9,18,0,10159,13,2,No,Travel_Rarely,4,1,3,1,3,4,1,No
E101122,36,Female,Married,Research & Development,15,5,Marketing,Manufacturing Director,3,15,13,4,13,8,20,0,14198,21,2,Yes,Travel_Rarely,3,2,3,4,1,3,1,No
E101123,35,Male,Single,Research & Development,14,2,Other,Laboratory Technician,5,7,3,0,3,3,9,0,20624,17,2,No,Travel_Frequently,2,3,3,4,3,3,4,No
E101124,18,Male,Single,Research & Development,1,1,Human Resources,Healthcare Representative,5,13,10,3,6,4,13,0,18177,12,3,No,Travel_Frequently,4,2,2,1,1,3,2,No
E101125,31,Male,Married,Sales,16,4,Other,Sales Executive,4,6,5,1,3,2,11,0,17519,23,3,No,Travel_Rarely,4,3,3,3,1,3,6,No
E101126,19,Male,Divorced,Sales,10,3,Marketing,Sales Executive,4,11,10,1,3,4,15,1,16556,17,3,Yes,Travel_Frequently,3,4,3,3,4,3,3,No
E101127,45,Male,Married,Sales,19,2,Marketing,Sales Representative,4,1,0,0,0,7,13,2,18355,17,2,Yes,Travel_Frequently,2,4,1,4,2,3,3,Yes
E101128,47,Female,Married,Research & Development,22,1,Technical Degree,Laboratory Technician,1,2,1,0,0,7,10,1,5941,19,3,No,Travel_Rarely,4,1,1,4,3,3,0,No
E101129,55,Female,Married,Research & Development,3,5,Marketing,Research Scientist,4,6,5,3,3,7,11,0,17457,12,0,No,Travel_Rarely,3,3,3,2,4,3,4,No
E101130,21,Female,Divorced,Sales,5,2,Life Sciences,Sales Representative,2,2,0,0,1,5,6,0,10052,18,1,No,Travel_Rarely,2,1,2,2,1,3,3,No
E101131,18,Female,Divorced,Sales,9,2,Marketing,Manager,4,9,3,1,6,0,9,0,18546,15,0,No,Travel_Frequently,1,1,2,2,1,3,2,No
E101132,25,Male,Married,Research & Development,18,4,Technical Degree,Manager,2,10,2,1,3,9,24,1,12534,20,0,Yes,Travel_Rarely,3,3,2,4,3,3,2,No
E101133,46,Female,Married,Human Resources,11,1,Other,Manager,3,1,0,0,0,5,1,0,13306,19,3,No,Travel_Frequently,4,3,4,2,2,3,1,No
E101134,56,Male,Divorced,Research & Development,16,4,Marketing,Manufacturing Director,1,8,7,0,2,9,18,1,8814,18,1,No,Travel_Rarely,1,4,4,4,3,3,3,No
E101135,20,Male,Married,Human Resources,2,4,Human Resources,Human Resources,1,0,0,0,0,6,0,0,5999,13,0,No,Travel_Rarely,2,1,2,4,1,3,3,Yes
E101136,49,Male,Married,Research & Development,12,3,Human Resources,Laboratory Technician,5,2,1,0,0,8,8,1,18234,13,2,No,Travel_Rarely,3,4,1,1,4,3,2,No
E101137,27,Male,Single,Sales,22,5,Human Resources,Manager,3,3,2,0,1,7,8,1,14508,21,2,Yes,Travel_Rarely,1,2,4,2,3,3,1,Yes
E101138,27,Male,Divorced,Research & Development,6,2,Other,Research Scientist,2,1,0,0,0,7,14,0,11365,22,2,Yes,Travel_Frequently,1,2,2,1,4,3,3,Yes
E101139,36,Male,Divorced,Research & Development,11,1,Medical,Research Scientist,3,4,2,2,2,6,8,0,12763,20,2,No,Travel_Rarely,4,1,4,1,2,4,6,No
E101140,51,Male,Single,Research & Development,27,5,Human Resources,Manager,1,4,0,0,3,1,7,0,6953,18,1,No,Travel_Rarely,1,1,4,2,2,3,6,Yes
E101141,50,Female,Married,Human Resources,8,5,Human Resources,Human Resources,2,1,0,0,0,0,11,1,11347,19,2,Yes,Non-Travel,4,3,4,4,4,3,2,No
E101142,40,Male,Married,Sales,12,1,Medical,Sales Representative,3,7,3,3,3,1,20,0,16569,12,1,No,Travel_Rarely,2,3,4,4,2,3,1,No
E101143,45,Male,Single,Sales,29,5,Other,Sales Executive,1,4,2,1,1,5,16,2,8654,13,1,No,Travel_Rarely,4,1,2,4,4,3,1,No
E101144,49,Male,Divorced,Research & Development,27,3,Human Resources,Laboratory Technician,2,1,0,0,0,1,13,0,9911,24,1,No,Travel_Frequently,3,1,4,2,4,3,2,No
E101145,24,Female,Single,Sales,2,5,Technical Degree,Sales Executive,2,1,0,0,0,9,11,0,9979,24,1,Yes,Travel_Rarely,1,2,3,4,4,3,1,Yes
E101146,46,Male,Single,Sales,9,3,Other,Sales Representative,1,10,9,2,9,3,17,0,6833,18,3,Yes,Travel_Rarely,2,4,2,1,2,3,5,Yes
E101147,25,Male,Married,Sales,15,2,Human Resources,Sales Representative,2,9,5,3,4,9,19,1,10333,12,0,Yes,Travel_Frequently,4,2,2,3,4,3,5,No
E101148,18,Male,Married,Sales,2,2,Human Resources,Sales Representative,1,1,0,0,0,2,8,2,7424,18,3,No,Travel_Frequently,4,2,2,2,2,3,1,No
E101149,20,Male,Single,Research & Development,29,4,Medical,Manager,4,0,0,0,0,5,4,0,15121,15,0,Yes,Travel_Rarely,4,4,4,3,4,4,0,No
E101150,41,Male,Married,Sales,1,3,Technical Degree,Manager,4,8,3,1,6,7,22,3,18588,16,3,No,Travel_Rarely,2,1,2,1,4,3,1,No
E101151,40,Male,Married,Research & Development,10,2,Other,Manufacturing Director,2,4,1,2,3,5,7,0,10224,24,2,Yes,Travel_Rarely,2,1,1,3,2,3,6,No
E101152,25,Male,Single,Research & Development,2,5,Marketing,Manager,2,0,0,0,0,1,14,1,11474,20,1,No,Non-Travel,3,2,3,1,4,3,3,Yes
E101153,54,Male,Single,Research & Development,12,1,Life Sciences,Laboratory Technician,1,4,1,0,3,4,5,0,5700,25,2,No,Travel_Rarely,2,2,1,3,4,3,1,Yes
E101154,20,Male,Married,Sales,23,1,Technical Degree,Sales Executive,2,3,1,0,0,5,9,0,9395,22,2,Yes,Travel_Rarely,4,4,3,3,2,3,3,Yes
E101155,50,Female,Single,Research & Development,8,3,Marketing,Healthcare Representative,5,7,4,3,3,8,11,1,19512,14,2,No,Non-Travel,2,3,3,4,1,3,2,No
E101156,45,Male,Divorced,Sales,5,4,Technical Degree,Sales Representative,4,1,0,0,0,5,3,1,15025,13,3,No,Travel_Frequently,4,3,4,3,3,4,1,No
E101157,25,Male,Divorced,Research & Development,22,5,Marketing,Manager,2,3,1,1,1,9,11,1,11700,18,2,No,Travel_Frequently,3,1,3,1,2,3,2,Yes
E101158,51,Male,Divorced,Research & Development,28,3,Marketing,Research Scientist,2,0,0,0,0,4,8,0,10850,19,1,No,Travel_Rarely,3,3,3,1,4,3,4,Yes
E101159,52,Female,Single,Research & Development,1,1,Technical Degree,Research Scientist,3,15,7,0,4,0,25,2,15007,25,1,No,Travel_Rarely,4,1,1,1,3,3,6,No
E101160,49,Male,Divorced,Research & Development,15,3,Medical,Laboratory Technician,2,7,4,0,1,9,21,0,12719,23,0,No,Travel_Rarely,2,1,3,2,3,3,5,No
E101161,41,Male,Married,Research & Development,6,5,Technical Degree,Laboratory Technician,5,6,4,1,1,4,16,1,19486,25,3,No,Travel_Rarely,2,1,2,1,4,3,1,No
E101162,31,Female,Married,Research & Development,12,2,Technical Degree,Healthcare Representative,4,5,4,0,4,4,14,0,18436,18,1,No,Travel_Rarely,1,4,2,2,4,3,2,No
E101163,49,Male,Single,Research & Development,8,5,Marketing,Manager,3,2,0,0,1,5,15,1,12747,19,1,Yes,Travel_Rarely,3,2,3,1,1,3,4,No
E101164,60,Male,Single,Research & Development,13,2,Life Sciences,Manager,1,12,10,4,7,6,22,0,9021,11,3,No,Non-Travel,3,3,2,2,4,3,3,No
E101165,33,Male,Married,Research & Development,19,2,Marketing,Manufacturing Director,1,0,0,0,0,3,7,0,6454,15,2,No,Travel_Rarely,4,4,4,3,3,3,3,No
E101166,21,Female,Married,Research & Development,27,2,Human Resources,Manufacturing Director,4,8,5,3,5,6,8,0,14345,22,1,No,Travel_Rarely,1,3,2,3,4,3,5,No
E101167,54,Male,Single,Human Resources,1,3,Technical Degree,Manager,1,1,0,0,0,4,12,2,6654,17,2,Yes,Travel_Rarely,2,4,4,1,3,3,5,Yes
E101168,38,Female,Married,Human Resources,11,1,Other,Human Resources,5,1,0,0,0,5,3,1,18307,18,1,No,Travel_Rarely,4,3,3,2,2,4,6,No
E101169,31,Female,Single,Research & Development,20,3,Technical Degree,Manufacturing Director,2,3,2,0,2,3,4,1,10081,24,0,No,Travel_Frequently,2,3,4,4,2,3,6,No
E101170,48,Male,Married,Research & Development,1,1,Medical,Manufacturing Director,4,7,3,1,3,7,10,0,14386,21,2,No,Travel_Rarely,2,2,4,4,3,3,3,No
E101171,35,Male,Married,Sales,8,5,Other,Sales Executive,3,9,4,5,5,8,10,0,13936,12,1,No,Travel_Rarely,2,3,3,4,2,3,3,No
E101172,24,Male,Divorced,Human Resources,5,4,Marketing,Manager,2,4,3,1,0,1,15,1,11393,22,3,No,Travel_Rarely,1,4,3,3,1,3,3,No
E101173,27,Male,Divorced,Sales,17,5,Medical,Manager,1,2,0,0,1,3,12,0,7469,21,3,No,Travel_Rarely,3,3,4,3,3,3,0,No
E101174,24,Male,Married,Research & Development,8,3,Technical Degree,Research Scientist,1,14,4,6,11,7,21,0,8862,24,3,No,Non-Travel,3,2,1,2,3,3,6,No
E101175,50,Female,Married,Sales,25,3,Marketing,Manager,3,1,0,0,0,7,1,0,11040,14,1,No,Travel_Frequently,2,3,3,1,4,3,5,Yes
E101176,40,Female,Married,Sales,10,1,Marketing,Manager,5,8,2,0,6,8,11,1,20337,17,2,No,Travel_Frequently,1,4,3,3,1,3,2,No
E101177,38,Female,Divorced,Research & Development,2,3,Human Resources,Manager,3,4,2,1,2,2,8,1,14788,15,0,Yes,Travel_Rarely,2,3,1,1,4,3,4,No
E101178,36,Male,Married,Human Resources,9,2,Human Resources,Human Resources,4,2,1,0,1,0,15,1,17668,11,0,No,Travel_Rarely,2,2,2,4,1,4,4,No
E101179,36,Female,Single,Sales,24,3,Life Sciences,Manager,3,0,0,0,0,8,9,1,13620,23,1,No,Travel_Rarely,4,2,1,4,1,3,1,No
E101180,53,Female,Single,Research & Development,23,1,Human Resources,Healthcare Representative,1,2,0,1,1,0,5,2,6746,24,1,No,Travel_Rarely,1,2,2,1,1,3,2,Yes
E101181,46,Female,Married,Sales,3,1,Other,Sales Representative,5,1,0,0,0,2,8,0,18486,12,1,No,Travel_Rarely,1,2,1,2,3,3,5,No
E101182,35,Male,Married,Sales,18,2,Marketing,Sales Representative,5,0,0,0,0,2,1,2,19739,15,2,No,Non-Travel,3,1,4,4,2,3,0,No
E101183,19,Female,Divorced,Research & Development,7,1,Human Resources,Healthcare Representative,3,0,0,0,0,8,8,0,14690,16,3,No,Travel_Frequently,3,2,3,2,2,3,0,No
E101184,18,Male,Single,Research & Development,15,4,Life Sciences,Manager,4,2,1,0,1,0,3,0,13362,11,2,No,Non-Travel,2,3,1,4,4,3,2,No
E101185,22,Male,Married,Sales,21,5,Technical Degree,Manager,1,4,3,1,3,6,5,0,6999,22,2,No,Travel_Rarely,4,3,3,3,4,3,3,No
E101186,37,Male,Divorced,Research & Development,22,3,Other,Laboratory Technician,2,9,7,4,5,1,21,1,10455,13,1,No,Non-Travel,4,3,2,4,2,3,3,No
E101187,28,Female,Divorced,Sales,20,4,Human Resources,Sales Representative,5,1,0,0,0,6,2,0,18492,16,0,No,Travel_Rarely,4,3,4,2,2,4,2,No
E101188,59,Female,Married,Research & Development,18,3,Marketing,Healthcare Representative,3,2,0,0,1,0,13,1,15103,16,2,Yes,Travel_Frequently,2,1,3,3,1,3,5,Yes
E101189,19,Male,Married,Human Resources,25,4,Technical Degree,Manager,4,2,1,0,1,9,11,4,18235,17,0,Yes,Travel_Rarely,3,1,1,4,4,3,4,Yes
E101190,20,Male,Single,Human Resources,3,3,Marketing,Human Resources,4,3,0,1,2,9,10,0,18440,20,1,No,Travel_Rarely,1,1,1,3,4,3,3,No
E101191,40,Male,Divorced,Research & Development,28,2,Technical Degree,Research Scientist,1,8,7,2,2,7,10,0,7811,22,2,No,Travel_Rarely,2,3,4,3,4,3,1,No
E101192,29,Male,Single,Research & Development,23,1,Other,Manufacturing Director,5,4,2,1,3,9,13,0,19741,24,3,Yes,Travel_Rarely,4,4,2,4,4,3,5,No
E101193,37,Male,Divorced,Human Resources,14,1,Marketing,Human Resources,1,9,6,0,5,9,19,1,8354,24,3,No,Travel_Rarely,4,4,4,1,2,3,5,No
E101194,22,Male,Married,Sales,24,2,Human Resources,Sales Representative,2,3,0,0,2,1,16,2,10464,13,2,No,Travel_Rarely,2,3,4,1,2,3,0,Yes
E101195,54,Female,Married,Research & Development,2,4,Human Resources,Laboratory Technician,2,4,2,1,2,2,13,0,9991,11,3,No,Travel_Rarely,4,2,3,2,3,3,6,No
E101196,55,Male,Single,Human Resources,14,5,Life Sciences,Manager,2,2,0,0,0,7,16,0,10597,23,2,Yes,Non-Travel,1,2,2,2,3,3,3,No
E101197,47,Male,Married,Sales,22,4,Technical Degree,Sales Representative,4,8,3,1,3,2,21,2,19119,17,3,No,Travel_Rarely,2,3,4,4,2,3,4,No
E101198,26,Male,Married,Sales,11,1,Life Sciences,Sales Representative,5,12,6,0,6,0,19,0,20788,22,1,Yes,Travel_Frequently,1,2,3,3,1,3,5,No
E101199,51,Female,Single,Human Resources,16,5,Medical,Human Resources,1,5,1,0,4,8,11,0,7681,21,3,Yes,Travel_Rarely,3,2,3,3,2,3,3,Yes
E101200,52,Female,Married,Research & Development,8,3,Human Resources,Manager,1,8,4,3,6,7,17,1,8309,13,3,Yes,Travel_Rarely,4,4,2,1,1,3,3,No
E101201,39,Female,Divorced,Sales,7,5,Technical Degree,Sales Executive,2,0,0,0,0,3,3,0,7927,15,1,No,Travel_Frequently,4,3,2,1,4,4,0,No
E101202,41,Male,Married,Sales,11,4,Other,Sales Representative,5,11,9,0,7,7,17,3,21342,14,1,Yes,Travel_Frequently,3,1,3,3,3,3,1,No
E101203,34,Male,Married,Research & Development,3,2,Life Sciences,Healthcare Representative,5,1,0,0,0,4,11,1,19442,22,3,Yes,Travel_Rarely,3,4,2,3,1,3,5,No
E101204,27,Male,Single,Research & Development,17,3,Other,Laboratory Technician,3,1,0,0,0,2,8,0,12890,25,0,Yes,Non-Travel,3,3,3,2,4,4,6,Yes
E101205,47,Female,Married,Research & Development,14,4,Other,Manager,5,0,0,0,0,0,5,1,20924,11,0,No,Travel_Frequently,4,3,2,3,2,3,1,No
E101206,40,Female,Single,Human Resources,6,3,Other,Manager,5,16,10,7,6,9,21,0,21320,22,2,No,Travel_Frequently,3,4,2,3,3,3,4,No
E101207,49,Female,Married,Sales,8,5,Life Sciences,Sales Executive,1,9,5,4,2,4,11,1,7832,17,3,Yes,Travel_Rarely,2,2,2,4,2,3,6,No
E101208,34,Female,Divorced,Research & Development,22,1,Medical,Laboratory Technician,5,12,7,6,2,5,16,1,21723,24,2,No,Travel_Frequently,3,2,1,3,4,4,2,No
E101209,34,Female,Married,Research & Development,5,4,Life Sciences,Healthcare Representative,5,9,7,3,1,3,18,0,20987,23,1,No,Travel_Rarely,2,4,2,1,4,3,2,No
E101210,31,Male,Single,Research & Development,27,2,Marketing,Research Scientist,1,3,1,0,2,6,4,1,6651,14,3,Yes,Travel_Rarely,2,3,1,1,2,3,6,No
E101211,26,Female,Married,Sales,28,5,Human Resources,Manager,5,12,6,4,4,2,23,0,18315,11,1,Yes,Travel_Rarely,1,1,3,2,4,3,2,Yes
E101212,57,Male,Married,Human Resources,8,4,Life Sciences,Manager,1,17,13,0,6,6,21,1,7053,21,3,Yes,Travel_Frequently,2,3,4,2,4,3,4,No
E101213,19,Male,Married,Research & Development,2,2,Life Sciences,Manager,3,3,0,0,0,0,7,1,11322,16,3,No,Travel_Rarely,2,1,4,4,1,3,5,No
E101214,42,Male,Divorced,Research & Development,15,4,Medical,Manufacturing Director,4,0,0,0,0,6,6,1,15719,14,1,No,Travel_Rarely,3,1,4,2,2,3,3,No
E101215,56,Male,Divorced,Research & Development,12,5,Marketing,Healthcare Representative,1,5,2,1,2,0,8,2,6131,23,3,Yes,Non-Travel,4,3,3,3,2,3,1,No
E101216,26,Male,Married,Sales,17,4,Life Sciences,Sales Representative,1,18,11,2,5,0,31,1,10788,14,3,Yes,Travel_Rarely,3,3,2,3,3,3,1,No
E101217,39,Male,Married,Research & Development,1,3,Human Resources,Research Scientist,5,10,8,0,6,1,20,0,21165,25,2,No,Travel_Frequently,1,3,1,4,1,4,3,No
E101218,60,Male,Single,Research & Development,15,5,Human Resources,Laboratory Technician,1,9,3,3,6,1,14,1,7739,12,1,No,Travel_Rarely,1,1,3,1,1,3,5,No
E101219,21,Male,Single,Research & Development,14,4,Life Sciences,Laboratory Technician,2,13,11,7,5,3,21,0,10662,11,0,No,Travel_Rarely,4,2,4,3,4,3,6,No
E101220,43,Male,Married,Human Resources,20,1,Other,Manager,2,11,10,1,6,0,14,0,10014,13,0,Yes,Travel_Rarely,2,1,4,3,3,3,1,No
E101221,46,Male,Married,Research & Development,22,4,Other,Research Scientist,3,7,4,2,3,3,17,1,13442,20,3,No,Travel_Rarely,1,1,4,4,3,4,5,No
E101222,51,Male,Married,Research & Development,16,3,Marketing,Manufacturing Director,1,6,5,0,1,1,19,0,8455,15,2,Yes,Travel_Frequently,4,1,4,1,1,3,6,Yes
E101223,40,Male,Married,Research & Development,29,2,Human Resources,Laboratory Technician,5,1,0,0,0,3,6,3,19068,22,3,No,Travel_Rarely,3,4,1,2,3,3,6,No
E101224,54,Female,Single,Sales,9,2,Other,Sales Executive,5,4,3,0,3,3,16,1,20528,19,2,Yes,Travel_Rarely,3,2,4,3,1,4,6,Yes
E101225,28,Female,Married,Research & Development,1,2,Human Resources,Manufacturing Director,4,3,1,1,2,8,14,0,17448,24,3,Yes,Travel_Rarely,3,1,1,1,3,3,1,Yes
E101226,23,Female,Single,Research & Development,28,1,Marketing,Laboratory Technician,3,9,4,1,3,8,17,2,15280,25,0,No,Travel_Rarely,2,1,4,4,1,3,2,No
E101227,35,Female,Single,Research & Development,17,3,Marketing,Research Scientist,5,3,1,1,2,0,12,0,17489,17,1,No,Travel_Rarely,2,4,3,4,1,3,2,No
E101228,38,Male,Divorced,Research & Development,29,5,Other,Healthcare Representative,4,0,0,0,0,4,11,0,18000,14,2,No,Travel_Rarely,4,1,1,1,4,3,0,No
E101229,59,Female,Single,Research & Development,13,2,Life Sciences,Laboratory Technician,5,0,0,0,0,6,0,1,18850,18,3,Yes,Travel_Frequently,1,2,1,4,4,3,0,No
E101230,53,Male,Married,Research & Development,21,3,Technical Degree,Laboratory Technician,4,5,4,0,2,3,12,1,17589,22,3,No,Travel_Rarely,3,1,3,2,3,3,1,No
E101231,58,Male,Single,Research & Development,26,4,Medical,Research Scientist,2,3,2,0,2,4,3,0,8780,14,2,No,Travel_Rarely,2,2,4,1,4,3,2,No
E101232,55,Female,Divorced,Research & Development,21,1,Technical Degree,Laboratory Technician,2,2,0,1,1,1,5,2,9241,16,2,No,Travel_Rarely,2,2,4,2,2,3,5,No
E101233,51,Male,Married,Research & Development,5,3,Technical Degree,Manufacturing Director,5,0,0,0,0,2,2,0,17228,22,0,No,Travel_Rarely,1,3,2,4,2,4,0,No
E101234,34,Female,Single,Sales,10,3,Human Resources,Sales Representative,3,3,2,0,0,6,6,2,14663,11,2,Yes,Travel_Rarely,3,4,2,2,3,3,0,Yes
E101235,54,Female,Married,Sales,6,5,Marketing,Sales Representative,1,0,0,0,0,9,13,0,7253,24,3,No,Travel_Frequently,3,4,1,2,1,4,2,No
E101236,42,Female,Married,Research & Development,24,3,Human Resources,Manager,3,2,0,0,1,6,8,0,15003,16,0,No,Travel_Rarely,1,4,2,2,4,4,5,No
E101237,55,Female,Divorced,Sales,19,5,Other,Sales Representative,3,2,1,1,0,3,14,0,13737,20,0,No,Travel_Rarely,4,3,3,2,3,3,0,No
E101238,29,Male,Single,Sales,25,1,Medical,Manager,1,3,1,0,2,0,16,1,6979,15,1,No,Travel_Rarely,4,3,3,1,2,3,3,No
E101239,40,Male,Divorced,Research & Development,13,1,Other,Research Scientist,2,3,1,1,1,0,11,1,10242,24,1,No,Travel_Rarely,1,2,3,4,1,3,6,Yes
E101240,59,Male,Divorced,Research & Development,1,4,Life Sciences,Manufacturing Director,2,1,0,0,0,3,9,0,8601,12,1,No,Travel_Rarely,1,4,1,4,4,3,5,No
E101241,39,Male,Divorced,Research & Development,20,5,Medical,Manager,1,9,6,2,4,3,18,0,8814,11,2,No,Travel_Rarely,4,3,3,3,1,3,3,No
E101242,38,Female,Married,Human Resources,25,5,Human Resources,Human Resources,4,2,0,0,0,5,2,0,17025,23,0,No,Travel_Rarely,1,3,1,2,1,3,2,No
E101243,44,Female,Married,Research & Development,15,2,Human Resources,Laboratory Technician,3,1,0,0,0,6,15,0,14841,16,2,No,Travel_Rarely,3,3,1,2,4,4,2,No
E101244,48,Female,Married,Research & Development,14,2,Other,Laboratory Technician,5,0,0,0,0,8,9,0,20225,21,0,No,Travel_Rarely,4,2,3,3,4,3,0,No
E101245,23,Male,Married,Sales,8,4,Human Resources,Sales Representative,2,1,0,0,0,8,1,1,9236,12,3,No,Travel_Rarely,4,1,3,3,2,4,1,No
E101246,44,Male,Married,Research & Development,10,1,Human Resources,Healthcare Representative,5,0,0,0,0,9,8,2,22359,19,2,No,Travel_Frequently,4,3,1,2,2,3,4,No
E101247,57,Male,Married,Research & Development,9,2,Technical Degree,Manufacturing Director,1,0,0,0,0,4,3,1,5656,19,0,Yes,Travel_Rarely,3,3,3,4,1,4,3,No
E101248,51,Male,Married,Research & Development,17,3,Life Sciences,Healthcare Representative,5,4,2,2,1,9,15,1,22003,11,1,No,Travel_Rarely,1,3,2,3,1,3,3,No
E101249,29,Female,Married,Research & Development,9,1,Technical Degree,Manager,5,4,1,2,3,2,16,0,20918,25,1,Yes,Travel_Rarely,2,4,1,2,2,3,5,No
E101250,24,Male,Divorced,Research & Development,3,3,Human Resources,Laboratory Technician,3,3,1,1,0,2,16,0,16021,15,3,No,Non-Travel,2,4,4,4,2,3,5,No
E101251,27,Male,Single,Sales,11,5,Marketing,Sales Representative,1,7,2,4,5,5,9,3,7446,18,2,No,Travel_Rarely,3,3,1,1,1,3,2,No
E101252,34,Male,Divorced,Research & Development,12,1,Technical Degree,Laboratory Technician,5,0,0,0,0,0,12,0,22922,14,0,No,Non-Travel,3,2,3,3,3,3,6,No
E101253,43,Female,Married,Research & Development,10,4,Human Resources,Research Scientist,2,13,10,3,12,6,21,3,11722,13,1,No,Travel_Rarely,1,1,3,3,3,3,1,No
E101254,38,Female,Divorced,Research & Development,25,5,Human Resources,Manager,1,0,0,0,0,2,4,0,5632,15,0,No,Non-Travel,2,4,1,4,3,3,2,No
E101255,45,Male,Married,Sales,17,5,Life Sciences,Manager,2,5,3,2,0,4,16,1,10831,15,2,No,Travel_Rarely,4,1,1,1,4,3,0,No
E101256,19,Male,Married,Human Resources,17,3,Other,Manager,4,0,0,0,0,6,5,1,16907,18,1,No,Travel_Rarely,3,3,4,4,2,3,1,No
E101257,60,Male,Divorced,Human Resources,25,5,Medical,Manager,5,10,7,2,8,6,10,1,21321,16,3,No,Travel_Rarely,2,4,4,3,3,3,0,No
E101258,18,Male,Single,Sales,11,2,Technical Degree,Sales Representative,1,3,1,0,1,8,3,1,5151,25,3,Yes,Travel_Rarely,4,1,1,1,3,3,3,Yes
E101259,53,Female,Divorced,Research & Development,22,1,Technical Degree,Manager,2,0,0,0,0,0,12,1,10355,12,2,No,Non-Travel,4,3,3,2,2,3,2,Yes
E101260,43,Female,Married,Research & Development,4,2,Technical Degree,Laboratory Technician,5,4,3,2,3,2,17,2,18908,21,2,Yes,Travel_Rarely,1,4,1,3,4,3,5,No
E101261,46,Male,Married,Human Resources,7,3,Human Resources,Manager,3,0,0,0,0,8,6,1,14261,11,0,No,Travel_Rarely,3,3,2,4,3,3,2,Yes
E101262,38,Male,Single,Research & Development,21,3,Life Sciences,Manufacturing Director,2,7,3,0,5,7,16,0,9693,23,3,No,Travel_Rarely,4,4,2,4,4,3,4,No
E101263,28,Female,Married,Research & Development,26,1,Human Resources,Manager,2,5,3,0,1,1,19,0,11738,13,2,No,Travel_Rarely,3,1,3,4,4,3,1,Yes
E101264,57,Male,Married,Research & Development,14,5,Human Resources,Healthcare Representative,4,1,0,0,0,7,8,1,15118,12,2,Yes,Travel_Rarely,2,1,1,4,1,3,6,Yes
E101265,28,Female,Single,Research & Development,7,4,Other,Research Scientist,3,2,1,0,1,7,12,0,12957,14,3,No,Travel_Rarely,2,4,1,4,2,4,3,No
E101266,53,Male,Single,Sales,24,3,Marketing,Manager,4,0,0,0,0,1,7,2,18273,13,0,No,Travel_Rarely,3,2,2,3,1,3,4,No
E101267,56,Male,Single,Research & Development,8,1,Life Sciences,Manager,3,5,1,2,1,7,18,2,13149,25,0,No,Travel_Rarely,4,3,1,1,3,4,4,No
E101268,57,Male,Divorced,Sales,1,4,Technical Degree,Sales Representative,2,1,0,0,0,2,13,1,9189,25,3,No,Travel_Rarely,4,1,3,4,1,3,2,No
E101269,52,Male,Divorced,Sales,24,5,Medical,Sales Representative,4,4,1,0,3,6,10,1,14367,19,3,No,Travel_Rarely,2,2,3,4,2,3,1,No
E101270,51,Female,Married,Research & Development,22,3,Technical Degree,Manager,5,15,4,8,3,8,27,1,21770,25,3,Yes,Non-Travel,4,4,4,2,4,3,2,No
E101271,41,Male,Married,Research & Development,4,1,Human Resources,Research Scientist,3,1,0,0,0,3,11,1,13990,15,3,No,Travel_Rarely,4,1,3,2,4,3,1,No
E101272,39,Male,Married,Research & Development,29,1,Life Sciences,Manager,2,23,19,1,12,5,31,0,11966,14,3,No,Travel_Rarely,2,1,1,1,3,3,4,No
E101273,22,Male,Married,Research & Development,12,1,Life Sciences,Laboratory Technician,1,5,4,1,3,8,5,0,6659,20,2,No,Travel_Frequently,1,3,1,3,2,3,0,Yes
E101274,50,Male,Divorced,Research & Development,24,3,Life Sciences,Healthcare Representative,3,1,0,0,0,4,2,1,10714,19,1,No,Travel_Rarely,2,2,2,3,4,4,3,No
E101275,53,Male,Divorced,Sales,3,4,Marketing,Manager,3,2,0,1,0,0,14,0,15257,14,3,No,Travel_Rarely,3,3,2,1,3,3,4,No
E101276,37,Male,Married,Research & Development,13,1,Technical Degree,Healthcare Representative,5,6,3,3,2,2,8,0,21308,16,1,No,Travel_Rarely,1,4,3,1,2,3,2,No
E101277,36,Female,Divorced,Human Resources,20,5,Marketing,Manager,3,2,0,0,1,8,14,1,15787,24,0,Yes,Travel_Rarely,3,1,4,1,2,3,6,No
E101278,52,Male,Single,Research & Development,6,1,Other,Laboratory Technician,3,0,0,0,0,2,11,1,15177,20,2,No,Travel_Rarely,1,2,1,4,1,3,6,No
E101279,60,Male,Divorced,Research & Development,11,4,Medical,Research Scientist,5,0,0,0,0,9,12,0,19079,11,1,Yes,Travel_Rarely,1,3,4,3,4,3,3,No
E101280,34,Female,Single,Research & Development,23,3,Other,Manager,5,7,1,3,4,1,11,1,19221,25,0,No,Travel_Rarely,2,2,1,1,2,3,4,No
E101281,60,Male,Married,Human Resources,4,1,Human Resources,Manager,4,5,3,2,3,3,8,0,17459,23,0,No,Non-Travel,2,4,3,2,4,3,1,No
E101282,51,Female,Married,Sales,20,1,Marketing,Sales Executive,2,4,2,0,1,4,7,0,8670,12,0,No,Travel_Rarely,3,1,3,4,4,3,6,No
E101283,26,Male,Married,Research & Development,16,5,Marketing,Healthcare Representative,2,0,0,0,0,6,14,0,9989,25,3,No,Non-Travel,2,2,2,4,2,3,2,Yes
E101284,43,Female,Single,Research & Development,7,5,Other,Manufacturing Director,4,9,8,5,6,6,16,1,15249,14,2,Yes,Travel_Rarely,1,4,4,4,4,3,6,Yes
E101285,19,Female,Divorced,Research & Development,22,1,Human Resources,Manufacturing Director,2,16,6,8,2,8,23,1,11502,19,0,No,Travel_Rarely,2,4,2,4,1,3,4,No
E101286,26,Female,Single,Sales,29,1,Life Sciences,Sales Executive,3,0,0,0,0,7,10,0,13507,16,3,No,Travel_Rarely,3,1,3,1,3,3,1,No
E101287,26,Female,Married,Research & Development,11,5,Human Resources,Laboratory Technician,4,0,0,0,0,1,6,0,14631,16,1,Yes,Travel_Rarely,1,3,4,4,3,3,1,No
E101288,57,Male,Single,Sales,24,4,Technical Degree,Sales Executive,4,10,4,3,2,7,10,1,14156,21,2,Yes,Travel_Rarely,3,1,1,2,2,4,1,No
E101289,34,Female,Single,Research & Development,1,2,Other,Manager,2,8,2,0,1,7,17,0,11659,19,1,Yes,Travel_Rarely,4,1,2,2,1,3,6,Yes
E101290,18,Male,Married,Research & Development,26,2,Human Resources,Laboratory Technician,1,4,3,0,1,4,18,1,6728,22,1,No,Travel_Rarely,2,2,3,1,3,3,3,Yes
E101291,42,Male,Married,Sales,29,1,Life Sciences,Sales Executive,2,14,5,1,13,2,17,1,12493,14,3,No,Travel_Rarely,1,2,1,4,1,3,2,No
E101292,60,Male,Single,Research & Development,27,5,Human Resources,Healthcare Representative,1,5,4,0,2,8,5,0,5773,13,1,No,Non-Travel,3,3,3,2,2,3,1,No
E101293,57,Male,Single,Sales,7,3,Marketing,Sales Executive,4,1,0,0,0,6,11,2,17437,17,2,Yes,Travel_Rarely,2,4,1,3,1,3,4,No
E101294,59,Male,Married,Research & Development,12,3,Medical,Manufacturing Director,1,6,2,1,4,0,19,1,7823,22,1,Yes,Travel_Rarely,2,2,2,4,2,4,1,No
E101295,42,Male,Married,Research & Development,7,2,Marketing,Research Scientist,3,5,2,1,1,7,9,1,11438,25,3,No,Travel_Frequently,3,3,1,1,3,3,2,Yes
E101296,56,Male,Divorced,Sales,27,4,Medical,Sales Executive,5,21,17,6,8,9,23,1,21082,17,0,No,Travel_Rarely,1,1,4,3,3,3,5,No
E101297,52,Female,Single,Sales,23,2,Human Resources,Sales Executive,1,1,0,0,0,4,3,0,6090,19,3,No,Travel_Rarely,3,4,1,4,3,3,5,No
E101298,20,Female,Married,Human Resources,7,1,Technical Degree,Human Resources,5,4,3,1,2,5,7,0,21397,25,0,No,Travel_Rarely,2,1,3,3,3,3,3,No
E101299,54,Male,Single,Sales,10,4,Human Resources,Manager,3,7,5,1,1,8,8,0,13970,16,1,No,Travel_Rarely,3,4,1,4,4,3,1,No
E101300,47,Male,Single,Sales,16,3,Life Sciences,Manager,5,2,1,0,1,9,8,0,17003,12,0,No,Travel_Rarely,4,2,2,4,1,3,4,No
E101301,55,Male,Married,Research & Development,26,5,Human Resources,Research Scientist,3,2,1,1,1,7,13,0,12468,16,3,No,Travel_Rarely,2,1,3,2,1,3,2,No
E101302,51,Male,Married,Research & Development,8,5,Medical,Manufacturing Director,5,10,2,2,5,2,22,1,19946,25,3,No,Travel_Rarely,1,1,3,3,1,3,6,No
E101303,29,Male,Single,Research & Development,9,1,Marketing,Healthcare Representative,5,2,1,0,1,4,5,1,16902,18,2,Yes,Travel_Rarely,4,4,3,3,2,3,1,No
E101304,36,Male,Single,Sales,9,2,Technical Degree,Sales Executive,2,4,3,0,0,3,8,4,9732,16,2,No,Travel_Rarely,3,3,3,1,3,4,6,Yes
E101305,54,Male,Single,Sales,2,1,Human Resources,Manager,1,11,10,5,5,0,22,2,9551,19,0,No,Non-Travel,1,4,4,1,3,3,3,No
E101306,34,Female,Divorced,Sales,13,5,Human Resources,Sales Executive,5,1,0,0,0,4,14,0,20268,25,0,No,Travel_Rarely,4,2,3,3,4,3,0,No
E101307,27,Male,Divorced,Sales,13,3,Marketing,Sales Representative,4,20,13,2,12,9,21,0,19113,14,2,No,Travel_Rarely,3,3,3,2,4,3,5,No
E101308,29,Male,Single,Research & Development,23,5,Technical Degree,Laboratory Technician,2,6,2,2,2,6,11,1,10780,13,1,Yes,Travel_Rarely,4,1,3,2,3,4,4,Yes
E101309,33,Male,Single,Research & Development,23,4,Other,Manufacturing Director,1,3,1,0,1,0,11,1,7756,21,2,Yes,Travel_Rarely,2,1,2,4,1,3,5,Yes
E101310,41,Male,Divorced,Sales,4,5,Human Resources,Sales Executive,2,2,1,1,0,3,9,1,9128,15,1,No,Travel_Frequently,1,1,2,1,1,3,1,Yes
E101311,36,Male,Divorced,Research & Development,25,5,Human Resources,Laboratory Technician,1,15,14,3,5,5,22,1,8975,13,0,Yes,Travel_Rarely,4,2,3,1,3,3,1,No
E101312,25,Female,Married,Research & Development,24,4,Other,Manufacturing Director,3,1,0,0,0,8,2,0,13751,21,0,No,Travel_Rarely,2,1,4,1,2,4,0,Yes
E101313,48,Male,Single,Human Resources,12,2,Medical,Human Resources,5,1,0,0,0,7,15,0,18299,22,3,No,Travel_Rarely,3,1,1,4,1,3,2,No
E101314,38,Male,Single,Human Resources,17,5,Medical,Human Resources,4,1,0,0,0,1,4,0,15054,12,3,No,Travel_Rarely,2,3,4,2,3,3,6,No
E101315,34,Female,Married,Research & Development,2,1,Life Sciences,Manager,2,1,0,0,0,2,8,0,11250,12,1,No,Travel_Rarely,3,2,3,1,3,3,6,No
E101316,40,Female,Married,Sales,13,5,Marketing,Sales Representative,2,3,2,1,1,9,13,1,11341,14,1,No,Travel_Rarely,1,1,3,4,4,3,6,No
E101317,54,Female,Single,Sales,29,1,Technical Degree,Manager,2,22,11,2,12,4,22,1,10787,13,2,No,Travel_Rarely,2,3,4,3,4,3,0,No
E101318,33,Male,Married,Research & Development,18,4,Human Resources,Laboratory Technician,2,10,9,3,8,6,17,0,11149,19,1,Yes,Non-Travel,2,1,3,2,3,3,6,No
E101319,23,Female,Single,Sales,28,5,Human Resources,Manager,5,1,0,0,0,2,3,1,18318,24,0,No,Travel_Frequently,3,3,1,3,2,3,2,Yes
E101320,25,Male,Divorced,Research & Development,28,4,Life Sciences,Research Scientist,1,2,1,0,0,6,9,0,6759,17,0,No,Travel_Rarely,4,1,2,1,3,3,1,No
E101321,42,Male,Single,Research & Development,27,4,Human Resources,Laboratory Technician,5,5,3,1,2,4,10,0,18844,16,0,No,Travel_Frequently,3,2,1,4,1,3,0,No
E101322,35,Male,Single,Research & Development,15,2,Marketing,Laboratory Technician,3,0,0,0,0,9,6,0,11971,20,3,No,Travel_Rarely,4,4,1,2,2,3,5,No
E101323,42,Male,Married,Research & Development,8,5,Life Sciences,Healthcare Representative,5,8,7,2,4,5,9,0,20606,22,1,Yes,Travel_Frequently,3,2,1,1,2,3,6,No
E101324,29,Male,Married,Research & Development,15,1,Marketing,Laboratory Technician,5,10,5,1,8,5,24,0,23166,18,1,No,Travel_Rarely,1,3,4,2,4,3,5,No
E101325,32,Male,Divorced,Research & Development,1,1,Life Sciences,Manager,3,9,4,2,7,3,9,0,14658,19,3,Yes,Travel_Rarely,4,1,4,4,3,3,6,No
E101326,43,Female,Married,Research & Development,20,5,Human Resources,Manufacturing Director,5,2,1,0,1,7,7,1,17340,13,3,Yes,Travel_Rarely,2,2,1,4,4,3,1,No
E101327,58,Female,Single,Sales,10,2,Life Sciences,Sales Executive,1,3,1,0,2,8,14,0,8094,22,3,Yes,Travel_Rarely,4,1,4,1,1,4,0,Yes
E101328,43,Female,Married,Research & Development,12,2,Medical,Manager,4,0,0,0,0,1,2,2,14396,20,0,Yes,Travel_Frequently,3,2,3,2,4,4,1,Yes
E101329,49,Male,Single,Sales,5,2,Technical Degree,Manager,3,2,0,0,1,8,5,1,12423,17,1,No,Travel_Rarely,3,3,2,4,1,3,5,No
E101330,27,Female,Divorced,Research & Development,9,1,Human Resources,Manager,2,3,1,0,1,3,15,0,11988,19,2,Yes,Travel_Rarely,4,4,4,2,3,3,5,No
E101331,33,Male,Married,Research & Development,23,4,Other,Manager,1,11,10,2,8,5,25,2,8581,11,2,Yes,Travel_Frequently,2,2,4,2,3,4,1,No
E101332,24,Female,Married,Research & Development,8,2,Technical Degree,Manager,4,11,9,3,5,6,19,1,15982,20,1,Yes,Travel_Frequently,1,1,1,3,4,3,6,No
E101333,34,Male,Single,Research & Development,16,1,Human Resources,Research Scientist,1,16,8,6,3,3,18,0,7057,19,1,No,Non-Travel,2,1,2,1,4,3,1,No
E101334,40,Female,Married,Research & Development,14,1,Technical Degree,Healthcare Representative,1,10,7,2,8,7,11,0,6963,24,3,No,Travel_Rarely,4,1,3,1,4,3,3,No
E101335,43,Male,Divorced,Research & Development,27,4,Medical,Laboratory Technician,2,0,0,0,0,9,1,0,9730,17,3,No,Travel_Rarely,3,3,3,2,1,3,0,No
E101336,38,Female,Divorced,Sales,25,5,Technical Degree,Manager,4,5,1,2,4,7,6,1,18409,20,0,No,Non-Travel,2,3,2,3,2,3,3,No
E101337,39,Female,Single,Research & Development,13,5,Life Sciences,Manager,1,0,0,0,0,0,5,1,6843,24,3,No,Travel_Frequently,3,4,3,2,2,4,1,Yes
E101338,24,Male,Single,Research & Development,23,2,Technical Degree,Laboratory Technician,2,1,0,0,0,7,2,0,10173,14,1,No,Travel_Rarely,3,1,2,1,4,3,4,Yes
E101339,31,Male,Divorced,Research & Development,21,2,Human Resources,Laboratory Technician,3,4,1,1,0,9,14,1,14804,23,0,No,Travel_Rarely,2,4,1,1,4,3,5,Yes
E101340,32,Female,Divorced,Human Resources,13,4,Other,Human Resources,2,6,2,1,4,2,12,0,11566,25,2,Yes,Travel_Frequently,4,1,3,2,3,3,2,No
E101341,24,Male,Single,Sales,5,2,Other,Manager,5,5,4,0,0,4,11,0,17300,21,1,No,Travel_Rarely,2,2,3,2,4,4,0,No
E101342,26,Female,Married,Research & Development,16,4,Marketing,Laboratory Technician,2,0,0,0,0,9,6,1,10860,22,2,No,Travel_Frequently,1,2,2,2,3,3,0,No
E101343,25,Male,Married,Research & Development,26,1,Technical Degree,Manufacturing Director,2,0,0,0,0,7,13,0,10134,16,1,No,Travel_Rarely,3,2,3,1,1,4,5,No
E101344,40,Male,Divorced,Human Resources,11,2,Other,Manager,2,0,0,0,0,5,12,1,11647,21,1,No,Travel_Frequently,3,1,4,2,1,3,2,No
E101345,46,Male,Single,Sales,22,1,Technical Degree,Sales Representative,1,0,0,0,0,3,1,0,5079,21,0,Yes,Travel_Rarely,4,2,1,2,1,3,3,Yes
E101346,35,Male,Single,Research & Development,5,3,Other,Manager,4,0,0,0,0,3,6,0,17054,16,0,No,Non-Travel,3,1,3,4,1,3,2,No
E101347,48,Female,Married,Research & Development,13,4,Technical Degree,Research Scientist,2,5,2,0,1,3,14,1,11328,16,3,No,Travel_Rarely,3,4,3,1,4,4,4,No
E101348,47,Male,Single,Sales,28,3,Human Resources,Sales Representative,2,8,2,3,5,5,15,1,12295,25,1,Yes,Travel_Rarely,3,3,3,2,4,3,1,No
E101349,56,Male,Married,Research & Development,11,2,Technical Degree,Healthcare Representative,5,2,0,0,0,6,9,0,21159,12,1,Yes,Travel_Rarely,2,2,2,3,3,4,2,No
E101350,52,Male,Married,Research & Development,25,1,Human Resources,Manufacturing Director,5,5,4,1,1,4,18,0,19932,15,0,No,Travel_Rarely,3,1,1,1,4,3,6,Yes
E101351,35,Male,Married,Research & Development,19,2,Human Resources,Manufacturing Director,3,1,0,0,0,9,2,0,12551,17,2,Yes,Travel_Rarely,2,1,1,2,3,3,2,No
E101352,59,Female,Married,Research & Development,3,3,Marketing,Research Scientist,3,18,4,3,13,7,22,1,14149,16,3,Yes,Travel_Rarely,4,4,3,2,1,3,1,No
E101353,56,Female,Married,Research & Development,15,2,Other,Research Scientist,5,2,1,0,0,6,15,1,18448,13,1,Yes,Travel_Rarely,1,4,3,4,3,3,5,No
E101354,34,Male,Single,Research & Development,7,5,Life Sciences,Laboratory Technician,4,9,8,0,8,7,14,0,15698,21,0,Yes,Travel_Rarely,3,3,2,4,3,3,0,No
E101355,31,Female,Married,Research & Development,7,3,Human Resources,Manager,3,14,7,1,2,3,22,0,13510,22,1,Yes,Travel_Rarely,1,4,1,1,4,3,5,No
E101356,48,Female,Divorced,Sales,6,2,Other,Manager,4,10,2,0,4,7,15,3,17350,15,0,No,Travel_Rarely,2,3,4,4,1,3,6,No
E101357,41,Male,Married,Sales,3,1,Medical,Sales Executive,5,0,0,0,0,5,9,1,21965,23,3,Yes,Travel_Rarely,4,3,3,4,2,3,4,No
E101358,52,Female,Single,Research & Development,13,2,Technical Degree,Healthcare Representative,3,5,4,0,3,2,10,2,14946,18,2,No,Travel_Frequently,4,4,4,1,4,3,5,No
E101359,51,Male,Single,Research & Development,7,1,Medical,Manager,2,0,0,0,0,7,9,0,8646,21,1,Yes,Travel_Rarely,2,3,4,3,4,3,2,Yes
E101360,20,Male,Single,Sales,5,5,Technical Degree,Manager,5,0,0,0,0,6,9,1,17112,15,1,No,Travel_Rarely,1,2,1,2,2,3,2,Yes
E101361,54,Female,Married,Research & Development,23,2,Marketing,Manufacturing Director,3,0,0,0,0,9,14,0,12726,22,3,No,Travel_Rarely,3,3,4,2,1,3,0,No
E101362,60,Male,Married,Research & Development,18,5,Human Resources,Manager,4,12,11,3,11,4,17,2,16065,20,2,No,Travel_Rarely,2,1,3,4,2,4,4,No
E101363,57,Female,Married,Sales,22,3,Life Sciences,Manager,4,11,9,0,3,3,19,0,15443,13,1,No,Travel_Rarely,2,1,3,2,3,3,1,No
E101364,43,Female,Single,Research & Development,8,1,Human Resources,Manager,3,1,0,0,0,0,10,1,12854,19,3,No,Travel_Rarely,2,1,2,4,2,3,1,Yes
E101365,40,Male,Single,Sales,17,3,Technical Degree,Manager,4,3,1,0,2,9,9,0,16811,21,1,No,Travel_Rarely,2,4,1,1,1,3,3,No
E101366,56,Female,Married,Human Resources,20,1,Life Sciences,Manager,3,15,10,6,12,2,15,1,14225,13,1,No,Travel_Rarely,2,1,1,1,1,3,4,No
E101367,32,Male,Married,Research & Development,27,5,Human Resources,Manager,3,3,0,1,1,1,3,1,12622,12,3,Yes,Travel_Rarely,4,4,4,1,2,3,4,No
E101368,21,Male,Single,Research & Development,1,4,Life Sciences,Healthcare Representative,4,2,0,0,1,7,15,2,16272,16,3,No,Travel_Rarely,2,1,3,2,4,3,2,Yes
E101369,46,Female,Married,Sales,14,2,Technical Degree,Sales Representative,1,3,1,0,0,7,6,2,6817,18,0,No,Travel_Rarely,4,3,3,4,2,3,3,No
E101370,39,Female,Single,Research & Development,17,5,Marketing,Healthcare Representative,2,7,4,2,5,4,21,1,12538,16,0,No,Travel_Rarely,1,4,2,4,3,3,1,No
E101371,42,Male,Divorced,Research & Development,10,1,Marketing,Manufacturing Director,5,3,1,0,1,4,14,0,19249,11,1,No,Travel_Frequently,3,1,4,2,2,3,6,No
E101372,30,Male,Divorced,Research & Development,12,1,Human Resources,Healthcare Representative,2,7,5,2,1,3,8,1,8634,18,3,No,Travel_Rarely,4,3,3,1,2,3,4,No
E101373,35,Female,Single,Sales,16,1,Medical,Sales Representative,5,2,1,0,0,0,4,1,17820,11,2,Yes,Travel_Frequently,3,4,1,3,2,4,4,Yes
E101374,50,Female,Single,Research & Development,14,1,Technical Degree,Manager,5,1,0,0,0,0,12,0,17770,19,2,No,Travel_Rarely,3,3,2,4,3,3,0,No
E101375,33,Female,Married,Research & Development,27,2,Human Resources,Research Scientist,2,1,0,0,0,5,7,0,9644,18,1,No,Travel_Frequently,3,3,1,4,2,3,1,No
E101376,59,Male,Single,Research & Development,16,3,Human Resources,Healthcare Representative,3,0,0,0,0,3,13,1,12250,16,0,No,Travel_Rarely,4,3,2,2,4,3,0,No
E101377,19,Male,Married,Research & Development,8,4,Marketing,Research Scientist,4,3,1,1,2,3,9,1,16197,25,3,No,Travel_Rarely,4,4,1,3,3,3,3,No
E101378,52,Male,Divorced,Research & Development,23,2,Life Sciences,Healthcare Representative,1,0,0,0,0,2,13,0,6652,12,3,No,Travel_Rarely,4,4,4,1,4,3,4,No
E101379,59,Female,Married,Research & Development,28,1,Technical Degree,Healthcare Representative,1,8,1,3,5,8,19,0,8551,23,0,Yes,Travel_Rarely,1,2,3,4,3,3,3,Yes
E101380,51,Male,Divorced,Sales,10,2,Life Sciences,Sales Executive,1,2,1,0,0,2,4,1,5304,19,3,No,Travel_Rarely,4,2,1,2,1,3,5,No
E101381,47,Male,Married,Research & Development,29,5,Other,Manufacturing Director,2,7,1,3,4,7,19,1,11363,18,1,No,Travel_Frequently,1,2,4,3,1,3,0,Yes
E101382,30,Female,Single,Sales,17,1,Other,Sales Representative,2,15,6,1,2,1,16,0,9747,23,3,No,Travel_Rarely,4,2,1,2,3,4,1,No
E101383,30,Male,Married,Research & Development,27,4,Technical Degree,Laboratory Technician,3,9,5,2,3,3,23,0,12635,14,3,No,Travel_Rarely,4,4,4,3,3,3,4,No
E101384,35,Female,Married,Sales,29,1,Medical,Sales Representative,1,15,9,7,9,0,27,2,9930,12,0,No,Travel_Frequently,3,2,2,2,3,4,5,No
E101385,49,Female,Married,Research & Development,18,4,Other,Manufacturing Director,3,4,2,0,3,4,16,1,14741,23,0,No,Travel_Frequently,2,1,4,3,1,4,5,No
E101386,49,Female,Single,Sales,20,4,Marketing,Sales Executive,1,0,0,0,0,1,0,0,5014,24,2,No,Travel_Rarely,3,2,1,4,3,3,1,No
E101387,52,Male,Single,Research & Development,16,3,Medical,Laboratory Technician,2,13,4,5,12,0,21,0,11982,25,1,No,Travel_Frequently,4,1,3,3,1,3,3,No
E101388,56,Male,Divorced,Research & Development,17,3,Human Resources,Research Scientist,4,10,3,2,8,0,19,1,18168,16,0,Yes,Non-Travel,2,1,2,1,1,4,5,No
E101389,46,Female,Single,Sales,16,2,Other,Manager,4,9,8,2,2,1,11,0,16487,11,0,No,Non-Travel,2,3,2,4,3,3,2,No
E101390,46,Female,Divorced,Sales,19,2,Marketing,Sales Representative,4,5,2,2,2,4,13,0,16451,17,0,No,Non-Travel,1,3,4,1,3,3,1,No
E101391,33,Female,Divorced,Sales,24,4,Human Resources,Manager,4,4,1,0,2,8,18,0,19487,11,3,No,Travel_Rarely,2,3,1,4,3,4,5,No
E101392,27,Male,Divorced,Research & Development,24,1,Medical,Manager,5,0,0,0,0,5,14,0,18637,25,1,Yes,Non-Travel,1,2,4,3,1,3,1,Yes
E101393,47,Female,Married,Research & Development,8,5,Technical Degree,Laboratory Technician,1,6,1,2,5,3,9,0,6573,23,1,No,Non-Travel,3,4,2,4,2,3,1,No
E101394,42,Female,Married,Research & Development,6,5,Human Resources,Manager,4,0,0,0,0,2,14,0,16109,16,3,No,Travel_Rarely,1,1,3,2,3,3,4,No
E101395,56,Female,Divorced,Sales,6,1,Life Sciences,Sales Representative,5,1,0,0,0,7,10,1,21302,15,3,No,Travel_Rarely,4,4,4,3,2,3,3,No
E101396,37,Female,Single,Research & Development,21,1,Technical Degree,Manufacturing Director,5,4,3,1,3,2,9,0,22026,22,0,No,Travel_Rarely,2,4,1,2,2,3,3,No
E101397,22,Female,Married,Research & Development,29,3,Technical Degree,Manufacturing Director,5,3,2,1,1,0,15,0,22430,20,2,No,Non-Travel,4,2,4,2,2,3,4,No
E101398,18,Female,Married,Research & Development,9,5,Medical,Healthcare Representative,3,0,0,0,0,3,6,1,13964,24,2,No,Travel_Rarely,2,4,4,2,4,3,1,Yes
E101399,47,Male,Married,Research & Development,4,4,Medical,Healthcare Representative,3,8,4,3,5,4,17,0,16204,13,1,No,Travel_Rarely,2,4,4,2,2,4,1,No
E101400,20,Male,Married,Sales,26,2,Marketing,Manager,5,10,2,0,8,4,23,2,22517,16,2,No,Travel_Rarely,3,3,3,1,2,3,2,No
E101401,31,Male,Married,Sales,12,3,Marketing,Manager,4,5,1,1,4,4,10,0,17742,14,0,Yes,Travel_Frequently,1,3,1,3,1,3,5,No
E101402,47,Male,Married,Sales,28,5,Life Sciences,Sales Executive,1,3,1,1,1,7,3,0,6937,24,3,No,Travel_Frequently,3,1,1,2,4,3,1,No
E101403,21,Male,Divorced,Sales,12,1,Technical Degree,Manager,2,16,6,5,13,7,21,1,9730,22,1,No,Travel_Rarely,1,1,2,1,1,4,5,No
E101404,35,Male,Single,Sales,23,5,Life Sciences,Sales Executive,3,0,0,0,0,3,10,1,13834,16,1,No,Travel_Rarely,3,3,2,4,1,3,0,No
E101405,54,Male,Divorced,Sales,17,4,Life Sciences,Manager,4,6,4,0,3,8,19,0,18840,14,3,No,Travel_Frequently,3,2,4,2,2,3,5,Yes
E101406,42,Male,Married,Research & Development,15,3,Medical,Manager,4,0,0,0,0,0,5,1,17893,25,2,Yes,Travel_Rarely,2,2,2,2,1,4,1,No
E101407,18,Female,Divorced,Human Resources,9,1,Life Sciences,Manager,2,2,1,0,1,4,6,0,10727,11,1,Yes,Travel_Rarely,3,1,1,1,3,3,2,Yes
E101408,32,Female,Married,Research & Development,7,4,Life Sciences,Healthcare Representative,2,4,0,0,2,4,6,0,10606,15,3,No,Travel_Rarely,3,3,4,4,2,4,0,No
E101409,26,Male,Married,Research & Development,10,2,Human Resources,Manufacturing Director,4,6,2,1,3,4,15,0,19386,18,3,No,Travel_Rarely,1,2,2,4,3,4,2,No
E101410,32,Female,Single,Research & Development,16,3,Marketing,Manufacturing Director,2,0,0,0,0,7,2,1,9242,16,2,Yes,Travel_Rarely,3,4,3,1,2,4,5,Yes
E101411,41,Male,Divorced,Sales,12,4,Marketing,Sales Executive,4,1,0,0,0,8,11,1,14161,20,2,No,Travel_Rarely,2,1,2,2,2,3,2,No
E101412,21,Male,Single,Research & Development,25,4,Technical Degree,Healthcare Representative,2,3,0,0,0,2,12,0,8823,19,0,No,Travel_Rarely,3,1,3,3,2,3,5,Yes
E101413,29,Male,Divorced,Sales,7,1,Marketing,Sales Executive,2,3,0,0,1,8,15,3,10843,14,2,No,Travel_Rarely,4,4,2,1,4,3,3,Yes
E101414,54,Male,Divorced,Research & Development,18,2,Other,Laboratory Technician,4,5,3,1,3,7,11,0,16297,20,2,No,Travel_Frequently,4,4,1,3,2,3,5,No
E101415,54,Female,Single,Research & Development,15,4,Technical Degree,Manager,5,1,0,0,0,2,8,2,19175,19,3,No,Travel_Rarely,1,1,2,2,3,3,4,No
E101416,60,Female,Single,Human Resources,6,3,Human Resources,Manager,4,3,2,1,2,1,16,0,16705,18,1,Yes,Travel_Rarely,1,4,3,2,2,4,2,No
E101417,23,Male,Married,Sales,26,4,Marketing,Sales Representative,1,1,0,0,0,3,3,1,6819,13,3,No,Travel_Rarely,4,2,3,4,2,3,1,No
E101418,56,Male,Single,Sales,12,5,Human Resources,Sales Representative,2,1,0,0,0,1,3,0,8868,24,0,No,Travel_Rarely,3,1,2,2,1,3,3,No
E101419,41,Male,Divorced,Human Resources,11,3,Marketing,Human Resources,3,4,2,2,3,3,10,0,14721,16,3,No,Travel_Rarely,3,2,4,4,2,3,6,No
E101420,28,Male,Single,Sales,20,3,Marketing,Sales Executive,2,5,3,0,0,4,14,1,11858,14,0,Yes,Travel_Rarely,1,1,3,4,2,3,0,Yes
E101421,30,Male,Single,Research & Development,3,4,Human Resources,Laboratory Technician,1,0,0,0,0,1,11,0,7018,11,2,No,Travel_Rarely,2,2,1,2,2,4,5,No
E101422,51,Male,Divorced,Research & Development,2,1,Life Sciences,Manager,3,0,0,0,0,7,6,2,12615,19,1,No,Travel_Rarely,3,3,2,4,2,3,4,No
E101423,42,Female,Married,Research & Development,6,3,Life Sciences,Laboratory Technician,3,4,2,0,0,0,14,0,14859,14,1,No,Travel_Rarely,4,2,3,2,2,3,3,No
E101424,24,Female,Divorced,Human Resources,24,5,Life Sciences,Human Resources,4,1,0,0,0,2,9,1,17401,21,3,Yes,Travel_Frequently,2,4,2,4,2,3,2,No
E101425,21,Male,Married,Human Resources,22,1,Other,Manager,5,2,0,0,0,6,15,0,19255,24,1,No,Travel_Frequently,2,3,2,4,4,3,6,Yes
E101426,25,Female,Married,Sales,25,1,Life Sciences,Sales Executive,4,2,0,0,1,9,7,0,14215,15,0,Yes,Travel_Rarely,3,1,4,2,3,3,6,No
E101427,37,Male,Married,Research & Development,5,1,Marketing,Manufacturing Director,3,0,0,0,0,0,14,1,12807,13,0,No,Travel_Frequently,2,2,2,3,4,3,3,No
E101428,46,Male,Married,Research & Development,18,3,Medical,Healthcare Representative,3,0,0,0,0,1,12,0,12041,14,2,No,Travel_Rarely,1,1,2,1,3,3,1,No
E101429,27,Male,Married,Research & Development,16,1,Human Resources,Healthcare Representative,5,9,4,0,8,2,15,0,19049,23,3,No,Travel_Frequently,2,3,2,2,4,3,1,No
E101430,60,Female,Married,Sales,8,4,Medical,Sales Executive,2,6,3,1,4,1,16,0,10046,19,2,No,Travel_Rarely,1,4,1,4,2,3,1,No
E101431,51,Female,Married,Research & Development,25,1,Other,Manufacturing Director,5,5,4,0,1,1,14,2,21013,25,1,No,Travel_Rarely,3,4,2,1,4,3,4,No
E101432,43,Female,Single,Human Resources,26,5,Medical,Manager,4,3,1,0,1,5,3,0,17795,17,2,No,Travel_Rarely,2,4,1,3,3,4,6,Yes
E101433,58,Male,Married,Human Resources,20,2,Technical Degree,Manager,2,6,1,2,4,6,12,0,10916,18,1,Yes,Travel_Frequently,4,1,2,2,1,3,3,No
E101434,20,Female,Single,Research & Development,22,5,Life Sciences,Manager,4,13,6,4,11,5,14,1,19153,13,0,Yes,Travel_Rarely,4,4,4,4,1,3,3,Yes
E101435,23,Male,Married,Sales,11,3,Other,Sales Executive,5,5,3,1,2,5,11,0,21509,25,3,No,Travel_Rarely,1,4,4,4,2,3,6,No
E101436,22,Female,Single,Research & Development,10,1,Marketing,Laboratory Technician,2,1,0,0,0,8,3,0,9893,13,3,No,Travel_Frequently,1,1,3,2,2,4,2,No
E101437,22,Male,Married,Research & Development,24,1,Life Sciences,Laboratory Technician,5,4,2,1,2,7,12,0,19425,25,2,Yes,Travel_Rarely,3,1,2,4,3,4,0,No
E101438,40,Male,Married,Research & Development,25,4,Life Sciences,Manager,1,2,1,0,1,7,14,0,6992,24,1,No,Travel_Rarely,2,3,4,1,1,3,1,Yes
E101439,26,Male,Single,Research & Development,12,1,Medical,Manager,3,4,3,0,3,5,8,0,14416,17,0,No,Non-Travel,1,4,4,4,2,3,0,No
E101440,52,Female,Single,Sales,21,5,Technical Degree,Sales Representative,2,3,0,1,0,4,9,0,11193,18,1,No,Travel_Frequently,1,3,2,1,4,3,6,No
E101441,37,Male,Single,Research & Development,28,3,Life Sciences,Healthcare Representative,3,9,7,4,2,8,16,0,13817,24,2,Yes,Travel_Frequently,3,2,3,1,4,3,6,Yes
E101442,59,Female,Married,Research & Development,6,2,Human Resources,Research Scientist,1,5,1,1,2,1,17,1,6600,15,1,No,Travel_Frequently,2,2,1,2,1,3,0,No
E101443,52,Male,Divorced,Human Resources,27,1,Human Resources,Manager,2,1,0,0,0,6,12,0,11247,11,0,No,Travel_Rarely,2,2,4,4,3,3,1,No
E101444,35,Female,Single,Research & Development,20,2,Life Sciences,Healthcare Representative,3,0,0,0,0,5,1,2,11432,13,2,No,Travel_Rarely,1,2,4,1,2,3,1,No
E101445,34,Female,Married,Research & Development,5,1,Medical,Healthcare Representative,3,2,1,0,1,6,12,1,11549,15,0,No,Travel_Rarely,2,1,1,4,2,3,2,No
E101446,41,Female,Married,Research & Development,23,3,Medical,Healthcare Representative,2,0,0,0,0,3,0,2,9714,13,2,No,Travel_Rarely,2,3,4,1,2,4,4,Yes
E101447,20,Male,Married,Sales,9,5,Marketing,Manager,3,1,0,0,0,8,7,0,13007,25,3,No,Travel_Rarely,2,3,1,3,1,3,1,No
E101448,49,Male,Divorced,Human Resources,26,3,Other,Human Resources,3,2,0,0,0,6,16,0,14798,24,1,No,Travel_Rarely,4,1,1,2,4,4,0,No
E101449,52,Male,Married,Research & Development,27,2,Other,Healthcare Representative,2,2,1,0,0,1,7,1,10951,11,0,No,Travel_Rarely,2,2,3,2,3,3,6,No
E101450,55,Female,Married,Research & Development,29,1,Other,Manager,3,19,8,10,9,3,24,1,15165,17,0,No,Travel_Frequently,4,3,1,2,1,3,2,No
E101451,30,Male,Single,Research & Development,16,2,Technical Degree,Manufacturing Director,3,1,0,0,0,4,2,0,12351,11,1,No,Non-Travel,2,4,1,1,1,3,3,No
E101452,42,Male,Single,Research & Development,22,5,Medical,Laboratory Technician,4,1,0,0,0,1,3,1,14676,20,0,Yes,Travel_Rarely,2,1,1,3,2,3,6,No
E101453,26,Male,Single,Research & Development,14,3,Marketing,Manufacturing Director,4,0,0,0,0,9,3,0,14744,23,0,Yes,Travel_Rarely,2,1,1,1,4,3,2,No
E101454,21,Male,Single,Research & Development,22,2,Human Resources,Manager,1,3,2,1,1,7,5,0,6860,16,0,No,Travel_Rarely,1,4,4,2,3,3,1,No
E101455,31,Female,Married,Sales,8,2,Other,Sales Executive,4,0,0,0,0,0,1,1,15184,16,3,Yes,Travel_Rarely,1,2,1,1,3,4,6,Yes
E101456,54,Male,Married,Research & Development,27,5,Human Resources,Manufacturing Director,4,4,2,1,0,2,6,1,14402,24,0,No,Travel_Rarely,4,2,4,2,2,3,5,No
E101457,51,Female,Married,Sales,20,1,Human Resources,Sales Representative,1,0,0,0,0,0,13,2,6376,17,3,No,Travel_Frequently,2,3,2,4,3,3,1,No
E101458,28,Male,Single,Research & Development,19,2,Life Sciences,Healthcare Representative,3,4,0,0,2,4,9,0,13072,22,1,No,Travel_Rarely,4,4,2,1,4,3,4,Yes
E101459,58,Male,Single,Sales,14,5,Technical Degree,Manager,3,8,7,4,6,7,16,0,13872,21,3,Yes,Travel_Rarely,2,3,1,4,2,4,2,No
E101460,20,Male,Married,Research & Development,7,1,Marketing,Research Scientist,4,0,0,0,0,6,3,1,16380,11,0,No,Travel_Rarely,3,2,3,1,2,3,1,No
E101461,45,Male,Divorced,Research & Development,5,1,Technical Degree,Manager,1,2,0,0,1,8,7,0,6483,21,0,No,Travel_Rarely,4,3,3,2,4,3,0,Yes
E101462,46,Male,Single,Research & Development,18,3,Life Sciences,Laboratory Technician,3,3,2,0,1,1,3,0,11127,13,0,No,Travel_Rarely,1,4,4,4,3,3,0,No
E101463,26,Female,Divorced,Research & Development,2,5,Marketing,Manager,5,7,5,4,5,7,18,1,20708,22,3,No,Travel_Frequently,3,4,4,1,4,3,2,No
E101464,20,Male,Married,Research & Development,11,1,Marketing,Research Scientist,2,3,0,0,2,7,8,0,11063,19,2,No,Travel_Rarely,1,4,2,2,3,3,6,No
E101465,42,Female,Married,Sales,22,3,Medical,Manager,2,4,1,1,2,5,15,0,9606,12,2,No,Travel_Frequently,3,2,4,1,3,3,4,No
E101466,51,Male,Married,Research & Development,8,4,Technical Degree,Healthcare Representative,2,7,5,0,4,2,9,0,10548,24,1,Yes,Travel_Rarely,3,1,3,4,3,4,5,Yes
E101467,29,Male,Single,Research & Development,1,5,Technical Degree,Manager,4,4,1,2,1,1,12,0,17211,15,1,No,Travel_Rarely,3,1,2,1,4,3,2,Yes
E101468,59,Female,Single,Sales,27,4,Medical,Sales Representative,2,2,1,0,1,7,5,0,10208,13,1,No,Travel_Frequently,4,1,1,1,4,3,4,Yes
E101469,26,Male,Married,Research & Development,22,1,Human Resources,Healthcare Representative,2,0,0,0,0,5,6,2,8611,22,0,No,Travel_Rarely,4,3,4,4,1,3,0,No
E101470,32,Male,Married,Research & Development,12,5,Life Sciences,Laboratory Technician,5,6,2,0,3,3,9,0,22173,22,2,Yes,Travel_Rarely,1,4,1,2,4,3,1,No
E101471,57,Male,Divorced,Research & Development,2,3,Technical Degree,Manufacturing Director,3,10,4,5,1,4,20,1,15026,23,2,No,Travel_Rarely,4,2,4,1,2,4,3,No
E101472,42,Male,Married,Sales,18,1,Medical,Sales Representative,5,17,10,7,9,4,22,0,23341,15,1,No,Travel_Rarely,1,1,3,1,2,3,1,No
E101473,22,Female,Single,Research & Development,7,5,Marketing,Healthcare Representative,4,13,6,5,9,8,26,2,17019,17,2,No,Travel_Rarely,2,1,4,3,2,3,0,No
E101474,28,Male,Married,Sales,26,5,Other,Manager,2,7,5,1,4,8,13,2,11211,11,1,No,Travel_Frequently,1,3,3,3,2,3,5,No
E101475,51,Female,Single,Sales,17,4,Medical,Sales Representative,3,5,4,2,2,7,6,1,13900,13,0,Yes,Travel_Frequently,1,3,3,2,1,3,6,Yes
E101476,41,Female,Married,Human Resources,22,1,Other,Manager,2,7,4,3,2,7,16,0,10487,21,2,No,Travel_Rarely,4,1,1,4,4,3,0,No
E101477,32,Male,Married,Research & Development,23,3,Human Resources,Manufacturing Director,2,2,1,0,0,1,7,0,9400,23,0,No,Travel_Rarely,1,4,4,2,4,3,1,Yes
E101478,55,Female,Divorced,Research & Development,14,3,Life Sciences,Laboratory Technician,4,4,1,2,2,2,11,1,17406,16,0,Yes,Travel_Frequently,4,4,1,2,3,3,1,No
E101479,25,Male,Divorced,Sales,24,1,Other,Sales Representative,2,2,1,0,0,7,16,0,9500,17,2,Yes,Travel_Rarely,1,3,3,2,4,4,5,Yes
E101480,22,Female,Married,Research & Development,7,1,Human Resources,Research Scientist,1,1,0,0,0,4,13,0,7773,20,3,No,Travel_Rarely,2,3,3,1,3,4,5,No
E101481,43,Male,Married,Research & Development,22,2,Other,Research Scientist,3,7,5,3,4,6,19,0,12408,13,1,Yes,Travel_Rarely,4,4,3,1,3,3,0,No
E101482,35,Female,Divorced,Research & Development,25,4,Marketing,Research Scientist,3,3,0,1,2,7,17,2,12827,14,2,No,Travel_Rarely,4,3,3,2,2,3,1,Yes
E101483,23,Male,Single,Research & Development,29,1,Marketing,Research Scientist,1,1,0,0,0,5,12,2,7491,16,0,No,Non-Travel,2,3,2,2,1,3,6,No
E101484,54,Male,Single,Sales,3,1,Marketing,Sales Executive,4,1,0,0,0,4,6,1,14089,15,1,No,Travel_Rarely,4,4,3,3,1,3,3,No
E101485,30,Female,Single,Research & Development,27,2,Marketing,Research Scientist,2,9,7,3,4,7,10,0,11529,21,0,No,Travel_Frequently,1,4,4,4,4,3,3,No
E101486,45,Female,Single,Research & Development,6,2,Medical,Manufacturing Director,2,5,4,1,2,0,8,0,10949,19,1,No,Travel_Rarely,3,2,3,2,3,3,2,No
E101487,22,Male,Married,Sales,20,5,Marketing,Manager,3,3,2,0,0,0,3,1,12932,23,2,Yes,Travel_Frequently,4,3,2,3,2,4,3,No
E101488,30,Male,Married,Sales,2,3,Marketing,Sales Executive,4,2,1,1,1,0,16,1,18868,22,0,No,Travel_Rarely,3,3,4,2,3,3,0,Yes
E101489,34,Female,Married,Sales,17,4,Medical,Manager,4,2,1,0,1,2,8,0,18150,11,1,No,Travel_Rarely,1,2,2,4,2,3,0,No
E101490,57,Female,Single,Sales,12,5,Marketing,Sales Executive,4,0,0,0,0,9,7,0,14975,25,1,No,Non-Travel,2,3,2,2,3,3,2,No
E101491,49,Female,Married,Research & Development,12,1,Human Resources,Laboratory Technician,2,3,2,1,1,5,12,0,11423,23,2,No,Travel_Frequently,4,3,4,4,4,3,6,No
E101492,46,Female,Married,Research & Development,17,2,Human Resources,Manufacturing Director,4,7,1,2,6,5,8,0,14771,15,1,Yes,Non-Travel,3,1,2,1,4,3,4,No
E101493,20,Female,Married,Sales,27,3,Technical Degree,Manager,1,2,1,0,0,4,11,1,6837,21,1,No,Travel_Rarely,2,1,3,4,3,4,6,No
E101494,57,Female,Married,Sales,10,5,Human Resources,Manager,5,2,0,0,0,6,16,1,20776,11,0,No,Travel_Rarely,2,1,1,2,1,3,2,Yes
E101495,51,Male,Married,Research & Development,3,3,Life Sciences,Manager,4,0,0,0,0,4,4,1,16792,18,2,No,Travel_Rarely,4,2,1,3,2,4,4,No
E101496,57,Male,Single,Research & Development,20,2,Life Sciences,Healthcare Representative,5,3,1,0,1,1,13,2,17232,17,2,No,Travel_Rarely,3,3,1,1,1,3,4,No
E101497,44,Female,Single,Research & Development,18,5,Life Sciences,Manufacturing Director,2,0,0,0,0,3,7,0,9127,15,0,No,Travel_Rarely,4,2,4,3,1,3,1,No
E101498,30,Female,Divorced,Research & Development,13,5,Medical,Laboratory Technician,4,4,2,0,1,0,14,2,17532,16,3,Yes,Travel_Frequently,1,2,4,2,3,3,5,No
E101499,50,Male,Divorced,Research & Development,12,3,Human Resources,Research Scientist,3,3,2,0,0,6,10,0,12730,14,0,No,Travel_Rarely,2,3,4,1,2,3,3,No
