EmployeeID,Age,Gender,MaritalStatus,Department,JobRole,DistanceFromHome,Education,EducationField,BusinessTravel,Attrition
E100000,56,Female,Married,Research & Development,Research Scientist,24,3,Other,Travel_Rarely,Yes
E100001,46,Female,Divorced,sales ,Sales Representative,13,3,Medical,Travel_Rarely,No
E100002,32,Female,Married,research & development ,Healthcare Representative,26,3,Life Sciences,Travel_Rarely,No
E100003,60,Female,Married,Research & Development,Manager,29,1,Human Resources,Travel_Frequently,No
E100004,25,Female,Married,R&D,Manufacturing Director,19,4,Life Sciences,Travel_Rarely,No
E100005,38,Female,Single,SALES,Manager,17,2,Medical,Travel_Rarely,No
E100006,56,Female,Married,Sales,Sales Representative,11,3,Human Resources,Travel_Rarely,No
E100007,36,Female,Married,R&D,Healthcare Representative,28,3,Human Resources,Travel_Rarely,Yes
E100008,40,,Single,research & development ,Healthcare Representative,28,1,Other,Non-Travel,No
E100009,28,Female,Married,SALES,Sales Representative,8,2,Life Sciences,Travel_Frequently,No
E100010,28,Female,Married,SALES,Sales Representative,23,4,Other,Travel_Rarely,Yes
E100011,41,Male,Divorced,Research & Development,Laboratory Technician,29,5,Technical Degree,Travel_Frequently,No
E100012,53,Female,Divorced,research & development ,Research Scientist,5,1,Life Sciences,Travel_Rarely,No
E100013,57,Female,Single,Human Resources,Human Resources,10,4,Life Sciences,Travel_Rarely,No
E100014,41,Male,Married,Research & Development,Healthcare Representative,7,5,Technical Degree,Travel_Rarely,Yes
E100015,20,Female,Married,Research & Development,Healthcare Representative,10,3,Medical,Travel_Rarely,No
E100016,39,Male,Divorced,Sales,Manager,4,3,Medical,Travel_Rarely,Yes
E100017,19,Male,Single,research & development ,Laboratory Technician,9,2,Human Resources,Travel_Frequently,Yes
E100018,41,Female,Married,research & development ,Laboratory Technician,27,5,,Travel_Frequently,No
E100019,47,Male,Married,Research & Development,Manager,26,3,Other,Non-Travel,No
E100020,55,Female,Single,Research & Development,Laboratory Technician,14,3,Marketing,Non-Travel,No
E100021,19,Female,Single,sales ,Manager,2,2,Human Resources,Travel_Rarely,No
E100022,38,Male,Married,Sales,Manager,25,4,Marketing,Travel_Rarely,No
E100023,50,Male,Married,Research & Development,Manufacturing Director,9,3,,Travel_Rarely,Yes
E100024,29,Male,Single,sales ,Manager,21,1,Life Sciences,Non-Travel,No
E100025,39,Female,Married,Sales,Sales Executive,27,1,Technical Degree,Travel_Rarely,No
E100026,42,Female,Married,HR,Manager,1,4,Technical Degree,Travel_Rarely,No
E100027,44,Female,Married,Research & Development,Manufacturing Director,23,5,Human Resources,Travel_Frequently,No
E100028,59,Male,Single,research & development ,Laboratory Technician,10,2,Human Resources,Travel_Rarely,No
E100029,45,Female,Divorced,Research & Development,Manufacturing Director,10,1,Human Resources,Non-Travel,No
E100030,33,Male,Single,HR,Manager,20,1,Life Sciences,Travel_Frequently,Yes
E100031,32,Female,Married,research & development ,Manager,25,4,Marketing,Travel_Rarely,No
E100032,20,Male,Single,research & development ,Laboratory Technician,22,5,Other,Travel_Rarely,No
E100033,54,Female,Single,Research & Development,Manufacturing Director,29,5,Human Resources,Travel_Rarely,No
E100034,24,Male,Married,research & development ,Healthcare Representative,3,4,Human Resources,Travel_Frequently,No
E100035,38,Female,Single,R&D,Laboratory Technician,6,1,Life Sciences,Travel_Rarely,Yes
E100036,26,Male,Divorced,Research & Development,Laboratory Technician,29,2,Other,Non-Travel,No
E100037,56,Female,Single,Research & Development,Healthcare Representative,26,1,Life Sciences,Travel_Frequently,No
E100038,35,Female,Married,R&D,Laboratory Technician,6,5,Other,Travel_Rarely,No
E100039,21,Male,Married,Sales,Manager,21,1,Life Sciences,Travel_Frequently,No
E100040,42,Female,Single,Research & Development,Laboratory Technician,2,2,Marketing,Travel_Rarely,No
E100041,31,Female,Single,SALES,Manager,26,3,Human Resources,Travel_Frequently,Yes
E100042,26,Male,Married,R&D,Healthcare Representative,26,1,Medical,Travel_Rarely,Yes
E100043,43,Male,Married,Research & Development,Research Scientist,18,4,Medical,Travel_Frequently,Yes
E100044,19,Female,Married,Research & Development,Healthcare Representative,23,3,Human Resources,Travel_Frequently,No
E100045,37,Male,Married,Research & Development,Manufacturing Director,2,4,Human Resources,Travel_Frequently,No
E100046,45,Male,Married,research & development ,Manager,12,4,Human Resources,Travel_Rarely,No
E100047,24,Male,Single,R&D,Healthcare Representative,22,4,Human Resources,Travel_Frequently,Yes
E100048,25,Female,Married,Research & Development,Manager,5,1,Other,Travel_Rarely,No
E100049,52,Male,Divorced,R&D,Manager,20,5,Marketing,Non-Travel,No
E100050,31,Female,Married,Sales,Manager,7,3,Medical,Travel_Frequently,Yes
E100051,34,Female,Married,Sales,Manager,24,2,Technical Degree,Travel_Rarely,No
E100052,53,Female,Single,sales ,Manager,16,5,Medical,Travel_Rarely,No
E100053,57,Female,Married,Research & Development,Research Scientist,20,1,Medical,Travel_Rarely,No
E100054,21,Male,Married,R&D,Laboratory Technician,1,4,Life Sciences,Travel_Rarely,No
E100055,19,Female,Married,R&D,Healthcare Representative,1,2,Human Resources,Travel_Rarely,No
E100056,23,Male,Divorced,Sales,Manager,17,3,Human Resources,Travel_Rarely,No
E100057,59,Male,Single,sales ,Sales Representative,27,5,Human Resources,Travel_Rarely,No
E100058,21,Male,Single,human resources,Manager,1,5,Life Sciences,Travel_Rarely,No
E100059,46,Male,Married,sales ,Manager,21,2,Marketing,Travel_Frequently,No
E100060,35,Female,Divorced,R&D,Manager,20,1,Marketing,Travel_Rarely,No
E100061,43,Female,Single,R&D,Laboratory Technician,13,3,Technical Degree,Travel_Rarely,Yes
E100062,51,Male,Single,R&D,Research Scientist,9,2,Marketing,Travel_Rarely,No
E100063,27,Male,Single,sales ,Sales Representative,15,4,Marketing,Non-Travel,No
E100064,53,Female,Single,SALES,Sales Executive,3,3,Human Resources,Travel_Rarely,No
E100065,31,Male,Married,SALES,Sales Representative,14,5,Other,Non-Travel,No
E100066,48,Male,Married,research & development ,Manufacturing Director,23,2,Medical,Travel_Rarely,No
E100067,32,Male,Married,R&D,Healthcare Representative,11,5,Marketing,Travel_Rarely,Yes
E100068,25,Female,Married,SALES,Sales Representative,24,5,Marketing,Travel_Rarely,Yes
E100069,31,Female,Single,Research & Development,Research Scientist,22,5,Life Sciences,Travel_Rarely,Yes
E100070,40,Male,Single,Research & Development,Laboratory Technician,12,1,Technical Degree,Travel_Frequently,No
E100071,57,Male,Married,sales ,Manager,13,5,Other,Non-Travel,No
E100072,38,,Divorced,R&D,Healthcare Representative,26,4,Life Sciences,Travel_Rarely,No
E100073,33,Female,Divorced,R&D,Healthcare Representative,13,4,Human Resources,Travel_Frequently,No
E100074,35,Male,Single,Sales,Manager,1,3,Medical,Travel_Frequently,Yes
E100075,41,Female,Divorced,research & development ,Research Scientist,24,5,Technical Degree,Travel_Rarely,No
E100076,43,Male,Divorced,research & development ,Healthcare Representative,10,5,Life Sciences,Travel_Rarely,No
E100077,42,Male,Divorced,Research & Development,Research Scientist,3,2,Marketing,Non-Travel,No
E100078,58,Female,Married,Research & Development,Laboratory Technician,24,1,Marketing,Travel_Rarely,No
E100079,46,Male,Married,R&D,Research Scientist,28,3,Technical Degree,Travel_Rarely,No
E100080,32,Female,Single,Research & Development,Research Scientist,4,5,Marketing,Non-Travel,No
E100081,18,Male,Single,Research & Development,Healthcare Representative,16,2,Life Sciences,Travel_Frequently,Yes
E100082,42,Male,Single,Research & Development,Manager,8,1,Life Sciences,Travel_Rarely,No
E100083,24,Female,Single,Research & Development,Manager,16,3,Marketing,Non-Travel,No
E100084,26,Male,Married,SALES,Manager,27,3,Marketing,Travel_Rarely,No
E100085,41,Female,Married,research & development ,Manufacturing Director,17,5,Human Resources,Travel_Rarely,No
E100086,18,Male,Married,research & development ,Manager,19,3,Medical,Non-Travel,Yes
E100087,25,Male,Single,R&D,Laboratory Technician,22,2,Technical Degree,Travel_Rarely,Yes
E100088,41,Male,Divorced,human resources,Manager,15,3,Life Sciences,Travel_Frequently,No
E100089,28,Female,Divorced,sales ,Sales Representative,16,4,Technical Degree,Travel_Frequently,No
E100090,34,Male,Divorced,Research & Development,Laboratory Technician,15,2,Human Resources,Travel_Rarely,No
E100091,25,Female,Divorced,Sales,Sales Executive,25,1,Life Sciences,Travel_Frequently,No
E100092,52,Male,Married,R&D,Manufacturing Director,2,1,Human Resources,Travel_Rarely,No
E100093,52,Female,Divorced,Research & Development,Laboratory Technician,11,5,Human Resources,Travel_Rarely,Yes
E100094,50,Male,Single,research & development ,Manufacturing Director,1,5,Other,Travel_Rarely,No
E100095,22,Female,Married,research & development ,Research Scientist,15,4,Marketing,Travel_Rarely,No
E100096,59,Female,Single,R&D,Healthcare Representative,26,1,Other,Travel_Rarely,No
E100097,56,Female,Single,research & development ,Manager,19,1,Technical Degree,Travel_Rarely,No
E100098,58,Female,Single,R&D,Healthcare Representative,4,1,Technical Degree,Travel_Frequently,No
E100099,45,Female,Married,Research & Development,Manager,11,1,Marketing,Travel_Rarely,No
E100100,24,Female,Divorced,HR,Manager,5,3,Other,Travel_Rarely,Yes
E100101,26,Male,Married,SALES,Sales Executive,3,2,Technical Degree,Travel_Rarely,No
E100102,25,Male,Single,sales ,Sales Executive,13,2,Other,Travel_Rarely,No
E100103,29,Female,Divorced,Research & Development,Manager,10,4,Marketing,Travel_Rarely,Yes
E100104,51,Female,Married,Human Resources,Manager,11,3,Life Sciences,Travel_Frequently,No
E100105,50,Female,Married,R&D,Healthcare Representative,18,1,Human Resources,Travel_Rarely,No
E100106,40,Male,Married,sales ,Sales Executive,2,1,Human Resources,Non-Travel,No
E100107,41,Male,Single,R&D,Healthcare Representative,7,5,Other,Travel_Rarely,No
E100108,54,Male,Married,research & development ,Healthcare Representative,9,5,Technical Degree,Travel_Rarely,No
E100109,52,Female,Divorced,Sales,Manager,10,4,Other,Travel_Rarely,No
E100110,57,Male,Single,Research & Development,Research Scientist,18,1,Other,Travel_Rarely,No
E100111,39,Male,Married,human resources,Human Resources,23,4,Medical,Travel_Rarely,No
E100112,44,Male,Divorced,research & development ,Healthcare Representative,7,3,Human Resources,Non-Travel,No
E100113,52,,Married,research & development ,Laboratory Technician,27,2,Marketing,Non-Travel,No
E100114,18,,Single,Research & Development,Healthcare Representative,7,1,Other,Travel_Rarely,Yes
E100115,52,,Single,SALES,Manager,3,3,Medical,Travel_Rarely,Yes
E100116,54,Female,Single,Research & Development,Manager,12,1,Medical,Travel_Rarely,No
E100117,31,Male,Married,research & development ,Manufacturing Director,7,5,Human Resources,Travel_Rarely,Yes
E100118,20,Male,Married,research & development ,Laboratory Technician,17,4,Human Resources,Travel_Frequently,Yes
E100119,18,Male,Single,research & development ,Healthcare Representative,26,5,Human Resources,Travel_Rarely,Yes
E100120,22,Male,Divorced,Research & Development,Research Scientist,1,2,Marketing,Travel_Frequently,No
E100121,43,Male,Married,R&D,Healthcare Representative,5,5,Medical,Travel_Frequently,Yes
E100122,31,Male,Single,sales ,Sales Representative,16,1,Technical Degree,Travel_Frequently,Yes
E100123,56,Female,Married,research & development ,Research Scientist,15,5,Marketing,Travel_Frequently,Yes
E100124,44,Male,Married,human resources,Human Resources,2,1,Life Sciences,Travel_Rarely,Yes
E100125,26,Female,Single,R&D,Manager,9,2,Other,Travel_Rarely,No
E100126,32,Female,Single,HR,Human Resources,7,5,Human Resources,Travel_Rarely,No
E100127,32,Female,Divorced,sales ,Manager,4,4,Medical,Travel_Rarely,No
E100128,43,Male,Married,research & development ,Healthcare Representative,20,4,Other,Travel_Rarely,No
E100129,59,Male,Married,Research & Development,Manufacturing Director,18,4,Marketing,Travel_Rarely,No
E100130,30,Male,Married,R&D,Laboratory Technician,21,5,Life Sciences,Travel_Rarely,No
E100131,49,Male,Single,Research & Development,Manager,4,5,Marketing,Travel_Rarely,No
E100132,56,,Single,Research & Development,Manufacturing Director,28,5,Marketing,Travel_Frequently,Yes
E100133,49,Male,Married,SALES,Sales Executive,13,1,Technical Degree,Travel_Frequently,No
E100134,21,,Single,R&D,Healthcare Representative,1,2,Other,Travel_Rarely,No
E100135,47,Female,Single,sales ,Manager,28,4,Technical Degree,Non-Travel,No
E100136,54,Female,Divorced,R&D,Manager,24,1,Marketing,Travel_Rarely,No
E100137,40,Male,Divorced,Sales,Manager,3,4,Life Sciences,Travel_Rarely,No
E100138,56,Male,Divorced,Sales,Sales Executive,16,1,Medical,Travel_Frequently,No
E100139,32,Male,Divorced,R&D,Manufacturing Director,22,5,Medical,Travel_Rarely,No
E100140,60,Male,Single,research & development ,Laboratory Technician,4,4,Other,Travel_Rarely,No
E100141,46,Male,Divorced,Research & Development,Healthcare Representative,25,5,Human Resources,Travel_Rarely,No
E100142,53,Male,Single,R&D,Manager,23,4,Human Resources,Travel_Rarely,No
E100143,30,Male,Divorced,R&D,Research Scientist,25,3,Medical,Travel_Rarely,No
E100144,49,Male,Divorced,R&D,Healthcare Representative,16,1,Marketing,Travel_Rarely,No
E100145,24,Male,Married,research & development ,Manufacturing Director,26,3,Marketing,Travel_Frequently,No
E100146,39,Male,Divorced,Sales,Sales Representative,19,1,Technical Degree,Non-Travel,No
E100147,45,Male,Married,Research & Development,Laboratory Technician,1,2,Other,Travel_Rarely,Yes
E100148,19,Female,Single,HR,Human Resources,5,4,Technical Degree,Travel_Rarely,No
E100149,59,Female,Married,Research & Development,Healthcare Representative,19,2,Human Resources,Travel_Rarely,No
E100150,23,Male,Married,Sales,Sales Representative,22,2,Medical,Travel_Frequently,No
E100151,45,Male,Single,sales ,Manager,24,1,Marketing,Travel_Rarely,No
E100152,45,Male,Married,Sales,Sales Executive,11,3,Medical,Travel_Frequently,Yes
E100153,37,Female,Divorced,R&D,Manager,13,5,Life Sciences,Travel_Frequently,No
E100154,47,Female,Single,research & development ,Healthcare Representative,20,1,Medical,Travel_Frequently,Yes
E100155,28,Male,Divorced,sales ,Manager,5,5,Life Sciences,Travel_Rarely,Yes
E100156,45,Female,Divorced,human resources,Human Resources,21,2,Technical Degree,Travel_Rarely,No
E100157,42,Male,Divorced,research & development ,Healthcare Representative,4,5,,Travel_Rarely,No
E100158,56,Male,Divorced,Research & Development,Laboratory Technician,4,3,Human Resources,Travel_Rarely,No
E100159,50,Female,Married,Research & Development,Manufacturing Director,4,1,Medical,Travel_Rarely,No
E100160,18,Female,Divorced,sales ,Sales Representative,4,3,Medical,Travel_Rarely,No
E100161,44,Female,Married,R&D,Manager,20,3,Life Sciences,Travel_Rarely,No
E100162,30,Female,Single,Research & Development,Research Scientist,21,1,Technical Degree,Travel_Frequently,No
E100163,58,Male,Married,R&D,Manager,18,3,Life Sciences,Travel_Rarely,No
E100164,20,Female,Married,R&D,Manager,18,4,,Non-Travel,No
E100165,56,Male,Single,sales ,Sales Executive,16,4,Life Sciences,Non-Travel,No
E100166,23,Female,Married,Human Resources,Manager,9,4,Technical Degree,Travel_Rarely,No
E100167,25,Male,Married,Sales,Sales Executive,18,5,Life Sciences,Non-Travel,No
E100168,44,Female,Single,research & development ,Research Scientist,22,3,Technical Degree,Travel_Rarely,No
E100169,26,Male,Married,HR,Human Resources,2,1,Other,Travel_Rarely,No
E100170,54,Female,Married,sales ,Sales Executive,21,1,Life Sciences,Travel_Rarely,No
E100171,50,Male,Married,research & development ,Manufacturing Director,4,5,Medical,Travel_Rarely,Yes
E100172,59,Female,Single,Sales,Sales Representative,12,1,Human Resources,Non-Travel,No
E100173,41,Male,Single,research & development ,Healthcare Representative,7,4,Other,Travel_Rarely,No
E100174,32,Male,Married,Research & Development,Manager,15,3,Other,Travel_Rarely,No
E100175,49,Male,Divorced,research & development ,Laboratory Technician,7,1,Life Sciences,Travel_Rarely,Yes
E100176,49,Male,Single,human resources,Human Resources,29,1,Human Resources,Travel_Rarely,No
E100177,41,Female,Married,R&D,Research Scientist,22,2,Medical,Travel_Frequently,No
E100178,58,Male,Single,R&D,Healthcare Representative,26,2,Other,Travel_Frequently,Yes
E100179,29,Female,Married,R&D,Laboratory Technician,21,2,Medical,Travel_Rarely,No
E100180,56,Male,Divorced,HR,Manager,17,3,Technical Degree,Travel_Rarely,No
E100181,19,Male,Married,sales ,Sales Representative,16,4,Human Resources,Travel_Rarely,No
E100182,20,Female,Single,human resources,Human Resources,28,4,Marketing,Travel_Frequently,No
E100183,54,Female,Married,Sales,Sales Executive,19,4,Technical Degree,Travel_Rarely,No
E100184,34,Male,Single,Research & Development,Manager,9,3,Human Resources,Non-Travel,No
E100185,19,Male,Married,sales ,Manager,14,3,Life Sciences,Travel_Frequently,Yes
E100186,19,Female,Married,sales ,Manager,17,2,Life Sciences,Travel_Rarely,Yes
E100187,45,Male,Single,research & development ,Manager,5,1,Medical,Travel_Rarely,No
E100188,40,Female,Single,R&D,Laboratory Technician,2,5,Other,Travel_Rarely,Yes
E100189,54,Female,Married,R&D,Manufacturing Director,20,5,Marketing,Non-Travel,No
E100190,49,,Divorced,SALES,Manager,16,1,Life Sciences,Travel_Frequently,No
E100191,50,Male,Divorced,Research & Development,Manager,14,2,Human Resources,Travel_Rarely,No
E100192,18,Female,Single,HR,Human Resources,14,1,Other,Travel_Rarely,Yes
E100193,36,Male,Married,research & development ,Laboratory Technician,27,1,Other,Travel_Rarely,No
E100194,19,Male,Married,SALES,Sales Executive,1,5,,Travel_Rarely,No
E100195,43,Male,Married,research & development ,Research Scientist,3,2,,Travel_Rarely,No
E100196,49,Male,Married,Sales,Sales Representative,26,3,Life Sciences,Travel_Rarely,No
E100197,23,Female,Divorced,research & development ,Laboratory Technician,7,5,Human Resources,Travel_Rarely,No
E100198,49,Female,Divorced,Research & Development,Healthcare Representative,26,3,Human Resources,Travel_Rarely,No
E100199,21,Female,Married,Research & Development,Healthcare Representative,15,2,Medical,Travel_Rarely,No
E100200,28,Male,Married,R&D,Laboratory Technician,19,1,Marketing,Travel_Rarely,No
E100201,34,Male,Divorced,Research & Development,Healthcare Representative,20,4,Medical,Travel_Rarely,No
E100202,55,Male,Single,R&D,Laboratory Technician,2,4,,Travel_Rarely,No
E100203,41,Female,Married,Research & Development,Research Scientist,19,2,Human Resources,Travel_Rarely,No
E100204,22,Male,Married,research & development ,Laboratory Technician,9,4,Other,Travel_Rarely,Yes
E100205,51,,Married,research & development ,Manager,19,3,Marketing,Travel_Rarely,No
E100206,23,Male,Single,research & development ,Manager,27,4,Human Resources,Travel_Rarely,Yes
E100207,39,,Single,Research & Development,Manufacturing Director,5,2,Human Resources,Travel_Rarely,No
E100208,28,Female,Divorced,HR,Manager,18,2,Medical,Travel_Rarely,No
E100209,33,Male,Single,Research & Development,Healthcare Representative,16,3,Medical,Travel_Rarely,No
E100210,50,Female,Married,research & development ,Laboratory Technician,4,4,Other,Travel_Rarely,No
E100211,26,Female,Single,Sales,Sales Representative,12,4,Technical Degree,Travel_Rarely,No
E100212,23,Male,Single,Research & Development,Healthcare Representative,29,1,Life Sciences,Travel_Rarely,No
E100213,33,Male,Single,Research & Development,Manager,7,5,Technical Degree,Travel_Frequently,No
E100214,46,Male,Single,Sales,Sales Executive,14,2,Technical Degree,Travel_Frequently,No
E100215,20,Female,Divorced,sales ,Sales Representative,23,1,Other,Travel_Rarely,No
E100216,37,Male,Single,research & development ,Healthcare Representative,12,2,Marketing,Travel_Frequently,No
E100217,53,Female,Divorced,Research & Development,Manager,3,1,Other,Travel_Rarely,No
E100218,36,Female,Married,research & development ,Manufacturing Director,5,5,Other,Non-Travel,Yes
E100219,43,Female,Married,Sales,Sales Representative,17,1,Human Resources,Travel_Rarely,No
E100220,20,Male,Married,R&D,Healthcare Representative,26,2,Human Resources,Travel_Frequently,Yes
E100221,36,Female,Married,sales ,Sales Executive,10,4,Human Resources,Travel_Rarely,No
E100222,37,Female,Married,Research & Development,Research Scientist,10,2,Life Sciences,Travel_Rarely,No
E100223,49,Male,Single,sales ,Sales Executive,11,3,Marketing,Travel_Frequently,No
E100224,24,Male,Married,SALES,Manager,17,3,Marketing,Travel_Frequently,Yes
E100225,58,Female,Divorced,Sales,Manager,5,3,Human Resources,Travel_Rarely,No
E100226,50,Male,Divorced,Research & Development,Manufacturing Director,13,3,Technical Degree,Travel_Rarely,No
E100227,57,Female,Divorced,Sales,Manager,10,5,Life Sciences,Travel_Rarely,No
E100228,56,Male,Married,R&D,Manager,9,4,Technical Degree,Travel_Rarely,No
E100229,35,Male,Divorced,Research & Development,Laboratory Technician,17,4,Medical,Travel_Frequently,No
E100230,57,Female,Married,R&D,Manufacturing Director,1,2,Marketing,Travel_Rarely,No
E100231,18,Male,Married,R&D,Manager,4,1,Marketing,Travel_Frequently,No
E100232,28,Male,Single,R&D,Manager,4,2,Technical Degree,Travel_Rarely,No
E100233,45,Male,Married,SALES,Sales Representative,18,2,Life Sciences,Travel_Rarely,Yes
E100234,42,Male,Single,research & development ,Research Scientist,9,2,Marketing,Non-Travel,No
E100235,40,Male,Married,Sales,Sales Executive,25,2,Technical Degree,Travel_Rarely,No
E100236,48,Male,Divorced,Sales,Manager,29,4,Other,Non-Travel,No
E100237,47,Female,Single,Research & Development,Healthcare Representative,29,1,Other,Travel_Rarely,Yes
E100238,59,Male,Single,research & development ,Manufacturing Director,18,2,Life Sciences,Non-Travel,Yes
E100239,52,Female,Single,research & development ,Laboratory Technician,14,4,Technical Degree,Travel_Rarely,No
E100240,24,Male,Divorced,Research & Development,Manager,25,2,Other,Travel_Rarely,Yes
E100241,33,Female,Married,human resources,Human Resources,15,3,Life Sciences,Travel_Rarely,Yes
E100242,43,Male,Married,SALES,Manager,6,2,Human Resources,Travel_Rarely,No
E100243,19,Female,Divorced,SALES,Sales Executive,24,2,Life Sciences,Travel_Rarely,No
E100244,18,,Divorced,sales ,Sales Executive,10,5,Medical,Travel_Rarely,No
E100245,29,Male,Married,sales ,Sales Representative,29,3,Human Resources,Travel_Rarely,Yes
E100246,22,Male,Married,R&D,Manager,15,1,Technical Degree,Travel_Rarely,No
E100247,54,Male,Married,Research & Development,Research Scientist,29,2,Human Resources,Travel_Rarely,No
E100248,49,Male,Married,sales ,Sales Executive,4,1,Human Resources,Travel_Frequently,No
E100249,26,Male,Single,human resources,Manager,18,3,Technical Degree,Travel_Rarely,No
E100250,58,Female,Divorced,Research & Development,Manager,18,2,Technical Degree,Travel_Rarely,No
E100251,52,Male,Married,sales ,Sales Representative,25,5,Other,Non-Travel,Yes
E100252,36,Male,Single,Sales,Sales Representative,17,4,Medical,Travel_Rarely,No
E100253,33,Female,Married,SALES,Sales Executive,12,5,Technical Degree,Travel_Rarely,No
E100254,20,Female,Single,sales ,Sales Executive,7,5,Marketing,Travel_Rarely,No
E100255,37,Male,Single,sales ,Sales Representative,16,4,Marketing,Travel_Rarely,No
E100256,41,,Married,R&D,Healthcare Representative,11,4,Medical,Travel_Rarely,No
E100257,50,Male,Single,SALES,Sales Representative,14,4,Life Sciences,Travel_Rarely,No
E100258,41,Female,Married,research & development ,Manager,3,2,Life Sciences,Travel_Rarely,No
E100259,28,Female,Married,Human Resources,Human Resources,19,1,Marketing,Travel_Rarely,No
E100260,25,Male,Single,Research & Development,Laboratory Technician,18,1,Technical Degree,Travel_Frequently,No
E100261,53,Female,Divorced,Human Resources,Manager,10,4,Medical,Travel_Rarely,No
E100262,55,Female,Single,sales ,Sales Representative,6,5,Life Sciences,Travel_Rarely,Yes
E100263,57,Male,Single,research & development ,Research Scientist,13,3,Life Sciences,Travel_Frequently,No
E100264,37,Female,Single,research & development ,Manager,10,4,Human Resources,Non-Travel,No
E100265,52,Male,Single,Sales,Sales Representative,18,5,Marketing,Travel_Rarely,No
E100266,42,Male,Single,Sales,Sales Executive,26,5,,Non-Travel,No
E100267,52,Male,Married,R&D,Research Scientist,20,2,Medical,Travel_Frequently,No
E100268,42,Male,Divorced,Research & Development,Manager,26,2,Life Sciences,Non-Travel,No
E100269,46,Male,Single,Research & Development,Research Scientist,16,1,Human Resources,Travel_Rarely,No
E100270,35,Female,Married,research & development ,Research Scientist,25,1,Marketing,Travel_Frequently,No
E100271,35,Male,Married,R&D,Healthcare Representative,25,3,Marketing,Travel_Rarely,No
E100272,19,Male,Divorced,SALES,Sales Representative,6,3,Medical,Travel_Rarely,Yes
E100273,52,Male,Married,Research & Development,Manager,13,3,Life Sciences,Non-Travel,No
E100274,33,Female,Single,sales ,Manager,4,3,Medical,Travel_Rarely,No
E100275,58,Male,Married,SALES,Manager,23,5,Medical,Travel_Frequently,No
E100276,53,Male,Married,Human Resources,Manager,14,5,Other,Travel_Rarely,No
E100277,50,Male,Divorced,Research & Development,Research Scientist,1,1,Human Resources,Travel_Frequently,No
E100278,21,Male,Single,Research & Development,Manufacturing Director,28,2,Marketing,Travel_Frequently,Yes
E100279,50,Female,Married,Research & Development,Laboratory Technician,20,2,Other,Travel_Rarely,No
E100280,31,Female,Divorced,R&D,Laboratory Technician,5,4,Technical Degree,Travel_Rarely,No
E100281,38,Male,Divorced,SALES,Sales Representative,8,5,Marketing,Travel_Rarely,No
E100282,37,Female,Divorced,Sales,Sales Representative,12,3,Marketing,Non-Travel,No
E100283,25,Female,Married,sales ,Sales Representative,2,3,Human Resources,Travel_Rarely,No
E100284,24,Female,Married,research & development ,Manufacturing Director,12,4,Technical Degree,Travel_Frequently,Yes
E100285,20,Male,Married,R&D,Manager,5,2,Life Sciences,Travel_Rarely,No
E100286,34,Male,Married,research & development ,Manufacturing Director,22,3,Technical Degree,Travel_Frequently,No
E100287,50,Male,Single,research & development ,Healthcare Representative,5,2,Life Sciences,Travel_Frequently,No
E100288,29,Female,Married,HR,Human Resources,13,4,Technical Degree,Travel_Frequently,Yes
E100289,39,Male,Married,sales ,Sales Executive,9,2,Medical,Travel_Frequently,Yes
E100290,39,Male,Single,sales ,Manager,10,2,Technical Degree,Travel_Rarely,No
E100291,47,Male,Divorced,research & development ,Laboratory Technician,1,2,Other,Travel_Frequently,No
E100292,55,Female,Married,R&D,Manufacturing Director,3,3,Other,Travel_Rarely,Yes
E100293,55,Male,Divorced,Human Resources,Human Resources,18,1,Human Resources,Travel_Rarely,No
E100294,25,Female,Single,SALES,Sales Executive,12,5,Life Sciences,Travel_Rarely,No
E100295,44,Female,Single,research & development ,Healthcare Representative,29,2,Marketing,Travel_Rarely,No
E100296,44,Male,Married,research & development ,Laboratory Technician,3,2,Human Resources,Travel_Rarely,No
E100297,51,Female,Single,Sales,Sales Executive,26,2,Other,Travel_Rarely,No
E100298,38,Male,Married,research & development ,Manufacturing Director,25,1,Other,Travel_Rarely,No
E100299,47,Female,Married,research & development ,Laboratory Technician,29,4,Life Sciences,Travel_Rarely,No
E100300,50,Male,Single,HR,Human Resources,9,3,,Travel_Rarely,Yes
E100301,45,Female,Married,SALES,Manager,26,1,Other,Travel_Frequently,No
E100302,50,Female,Married,Research & Development,Manufacturing Director,2,2,Life Sciences,Travel_Rarely,No
E100303,22,,Married,research & development ,Laboratory Technician,3,1,Other,Non-Travel,No
E100304,36,Female,Divorced,Research & Development,Manager,14,1,Marketing,Travel_Frequently,No
E100305,21,Male,Divorced,R&D,Research Scientist,4,1,Medical,Travel_Frequently,No
E100306,52,Female,Married,Research & Development,Manager,25,4,Human Resources,Travel_Frequently,No
E100307,34,Female,Married,research & development ,Laboratory Technician,19,5,Marketing,Travel_Rarely,No
E100308,45,Male,Married,Research & Development,Research Scientist,13,3,Marketing,Travel_Rarely,No
E100309,47,Male,Divorced,R&D,Research Scientist,7,4,Medical,Travel_Rarely,Yes
E100310,46,,Married,Sales,Sales Executive,12,4,Human Resources,Travel_Rarely,No
E100311,23,Female,Married,R&D,Healthcare Representative,3,5,Marketing,Non-Travel,No
E100312,52,Female,Divorced,sales ,Sales Representative,23,4,Other,Travel_Rarely,No
E100313,58,Male,Single,Research & Development,Healthcare Representative,23,1,Medical,Travel_Frequently,No
E100314,54,Female,Divorced,research & development ,Research Scientist,9,1,Human Resources,Travel_Rarely,No
E100315,41,Male,Single,research & development ,Healthcare Representative,2,2,Technical Degree,Travel_Rarely,No
E100316,46,Female,Married,research & development ,Healthcare Representative,29,4,Life Sciences,Travel_Rarely,No
E100317,48,Male,Married,human resources,Manager,22,2,Other,Travel_Rarely,No
E100318,52,Female,Divorced,sales ,Sales Representative,9,3,Medical,Non-Travel,Yes
E100319,50,Female,Divorced,research & development ,Manufacturing Director,12,1,Life Sciences,Travel_Rarely,No
E100320,38,Male,Married,R&D,Healthcare Representative,12,3,,Travel_Rarely,No
E100321,49,Female,Married,SALES,Manager,15,5,Marketing,Travel_Rarely,No
E100322,40,Male,Married,sales ,Sales Executive,2,1,Marketing,Travel_Frequently,No
E100323,50,Female,Divorced,Human Resources,Human Resources,18,3,Human Resources,Travel_Rarely,No
E100324,20,Female,Married,Research & Development,Research Scientist,13,5,Medical,Travel_Rarely,Yes
E100325,35,,Married,HR,Manager,14,3,Medical,Travel_Rarely,Yes
E100326,42,Female,Single,human resources,Manager,5,5,Human Resources,Travel_Rarely,No
E100327,59,Female,Divorced,Sales,Sales Executive,26,5,,Travel_Rarely,No
E100328,48,Male,Married,Research & Development,Manager,10,1,Marketing,Travel_Rarely,Yes
E100329,20,Male,Married,Research & Development,Healthcare Representative,12,2,Marketing,Travel_Rarely,No
E100330,57,Female,Single,R&D,Research Scientist,10,5,Medical,Travel_Rarely,No
E100331,41,Female,Divorced,R&D,Laboratory Technician,24,5,Medical,Travel_Rarely,No
E100332,49,Female,Single,research & development ,Manager,11,1,Human Resources,Travel_Rarely,No
E100333,39,Female,Married,Research & Development,Manufacturing Director,25,2,Technical Degree,Travel_Rarely,No
E100334,40,Male,Divorced,Research & Development,Healthcare Representative,2,4,Life Sciences,Travel_Rarely,No
E100335,19,Female,Married,sales ,Sales Representative,5,4,Other,Travel_Rarely,No
E100336,44,Male,Single,R&D,Manufacturing Director,7,2,Technical Degree,Non-Travel,Yes
E100337,59,Male,Married,R&D,Manufacturing Director,6,3,Technical Degree,Travel_Frequently,No
E100338,19,Male,Divorced,R&D,Manager,22,1,Medical,Travel_Rarely,No
E100339,43,Male,Married,SALES,Sales Executive,23,2,Medical,Non-Travel,No
E100340,34,Male,Divorced,research & development ,Laboratory Technician,3,4,Medical,Travel_Rarely,No
E100341,57,Male,Single,sales ,Sales Representative,13,5,Technical Degree,Travel_Rarely,No
E100342,50,Female,Married,research & development ,Laboratory Technician,3,4,Life Sciences,Travel_Rarely,Yes
E100343,26,Male,Married,research & development ,Laboratory Technician,26,5,Medical,Travel_Rarely,No
E100344,60,Male,Divorced,R&D,Research Scientist,25,1,Marketing,Travel_Frequently,No
E100345,56,Male,Single,sales ,Sales Executive,24,5,Life Sciences,Travel_Rarely,No
E100346,46,Male,Divorced,Research & Development,Manager,21,2,,Travel_Rarely,No
E100347,59,Male,Married,Research & Development,Healthcare Representative,6,5,Life Sciences,Travel_Rarely,No
E100348,43,Male,Married,research & development ,Research Scientist,11,3,Medical,Travel_Frequently,No
E100349,52,Female,Single,research & development ,Manager,28,2,Other,Travel_Rarely,No
E100350,42,Female,Divorced,R&D,Manufacturing Director,26,1,Human Resources,Travel_Rarely,No
E100351,41,Female,Single,research & development ,Healthcare Representative,17,2,Medical,Travel_Rarely,No
E100352,30,Male,Single,Sales,Sales Executive,10,3,Technical Degree,Non-Travel,Yes
E100353,24,Male,Single,Sales,Manager,12,1,Other,Travel_Rarely,No
E100354,53,Female,Divorced,R&D,Manufacturing Director,17,4,Technical Degree,Non-Travel,No
E100355,37,Male,Married,Research & Development,Manager,4,3,Life Sciences,Travel_Rarely,No
E100356,18,Male,Divorced,Research & Development,Research Scientist,2,1,Technical Degree,Travel_Rarely,No
E100357,25,Male,Single,sales ,Sales Executive,11,5,Other,Travel_Frequently,No
E100358,33,Male,Married,SALES,Sales Representative,7,2,Other,Travel_Frequently,Yes
E100359,31,Male,Married,Research & Development,Manufacturing Director,2,1,Medical,Travel_Rarely,No
E100360,29,Male,Divorced,Sales,Sales Executive,26,2,Marketing,Travel_Rarely,No
E100361,40,Male,Divorced,research & development ,Laboratory Technician,18,5,Medical,Travel_Rarely,No
E100362,32,Male,Single,sales ,Manager,21,1,Life Sciences,Travel_Rarely,No
E100363,45,Female,Married,R&D,Research Scientist,4,4,Technical Degree,Travel_Rarely,No
E100364,51,Female,Single,HR,Human Resources,8,3,Marketing,Travel_Rarely,No
E100365,19,Female,Married,sales ,Sales Representative,20,1,,Travel_Rarely,No
E100366,49,Female,Single,research & development ,Healthcare Representative,14,5,Other,Travel_Rarely,No
E100367,40,Female,Single,Sales,Manager,12,1,Marketing,Travel_Rarely,No
E100368,39,Male,Married,R&D,Healthcare Representative,22,2,Marketing,Travel_Rarely,No
E100369,42,Male,Married,research & development ,Manager,21,1,Medical,Travel_Frequently,No
E100370,39,Male,Married,Research & Development,Healthcare Representative,27,4,Human Resources,Travel_Rarely,No
E100371,39,,Married,research & development ,Laboratory Technician,18,1,Other,Travel_Frequently,No
E100372,59,Female,Married,Research & Development,Laboratory Technician,11,3,Life Sciences,Travel_Rarely,No
E100373,23,Male,Single,SALES,Sales Representative,29,1,Life Sciences,Travel_Rarely,No
E100374,32,Female,Divorced,SALES,Sales Executive,28,2,Marketing,Travel_Rarely,No
E100375,60,Male,Single,Research & Development,Research Scientist,8,1,Marketing,Travel_Rarely,No
E100376,54,Female,Married,R&D,Laboratory Technician,2,4,,Travel_Rarely,No
E100377,50,Male,Married,Research & Development,Healthcare Representative,25,5,Human Resources,Travel_Rarely,No
E100378,25,Male,Married,research & development ,Healthcare Representative,15,1,Other,Non-Travel,No
E100379,22,Male,Single,Research & Development,Healthcare Representative,9,1,Marketing,Travel_Frequently,No
E100380,56,Male,Married,research & development ,Research Scientist,19,3,Technical Degree,Travel_Frequently,No
E100381,21,Male,Divorced,research & development ,Manufacturing Director,20,4,Human Resources,Travel_Rarely,No
E100382,23,Male,Married,HR,Manager,8,5,Other,Travel_Rarely,Yes
E100383,49,Female,Married,research & development ,Manager,25,2,Life Sciences,Travel_Frequently,No
E100384,47,Male,Married,SALES,Manager,19,1,Technical Degree,Travel_Rarely,No
E100385,52,Male,Single,Sales,Manager,5,5,Human Resources,Travel_Rarely,No
E100386,57,Female,Married,sales ,Sales Representative,11,2,Technical Degree,Travel_Rarely,No
E100387,33,Female,Married,Sales,Sales Executive,15,4,Marketing,Travel_Rarely,Yes
E100388,30,Male,Single,R&D,Manager,8,4,Medical,Non-Travel,No
E100389,59,Male,Single,Research & Development,Healthcare Representative,19,5,Life Sciences,Travel_Rarely,No
E100390,47,Male,Single,R&D,Laboratory Technician,23,2,,Travel_Rarely,No
E100391,36,Male,Married,research & development ,Healthcare Representative,27,4,Marketing,Travel_Rarely,Yes
E100392,34,Female,Divorced,R&D,Research Scientist,8,5,Human Resources,Travel_Rarely,No
E100393,36,Male,Single,sales ,Sales Representative,26,4,Technical Degree,Travel_Rarely,No
E100394,45,Male,Married,sales ,Sales Executive,27,4,Life Sciences,Travel_Rarely,No
E100395,43,Female,Single,Sales,Manager,19,4,Marketing,Non-Travel,Yes
E100396,54,Male,Divorced,Research & Development,Laboratory Technician,18,3,Human Resources,Travel_Rarely,No
E100397,43,Male,Single,Sales,Manager,10,2,Life Sciences,Travel_Rarely,Yes
E100398,40,Male,Married,SALES,Sales Representative,29,5,Technical Degree,Travel_Rarely,Yes
E100399,26,Female,Married,Research & Development,Manager,7,5,Marketing,Travel_Rarely,Yes
E100400,29,Male,Married,research & development ,Manager,28,2,Other,Travel_Rarely,No
E100401,18,Female,Married,sales ,Sales Representative,9,2,Marketing,Travel_Rarely,No
E100402,18,Male,Married,R&D,Laboratory Technician,1,2,Marketing,Travel_Rarely,No
E100403,51,Male,Married,research & development ,Manager,19,2,Life Sciences,Travel_Rarely,No
E100404,49,Female,Single,research & development ,Laboratory Technician,5,1,Life Sciences,Non-Travel,No
E100405,42,Female,Single,human resources,Manager,19,5,Life Sciences,Travel_Rarely,No
E100406,57,Female,Married,SALES,Manager,1,1,Life Sciences,Travel_Rarely,No
E100407,18,Female,Single,Sales,Sales Representative,15,4,Human Resources,Travel_Rarely,No
E100408,33,Female,Single,research & development ,Healthcare Representative,16,4,Medical,Travel_Frequently,Yes
E100409,56,Male,Married,Research & Development,Manufacturing Director,23,5,Human Resources,Travel_Rarely,No
E100410,22,Male,Divorced,R&D,Research Scientist,7,4,Marketing,Travel_Rarely,No
E100411,39,Female,Married,R&D,Manufacturing Director,26,2,Human Resources,Travel_Rarely,No
E100412,46,Male,Single,research & development ,Laboratory Technician,12,1,Technical Degree,Travel_Rarely,No
E100413,20,Female,Single,HR,Human Resources,8,2,Other,Travel_Rarely,No
E100414,29,Female,Divorced,Human Resources,Human Resources,5,4,Life Sciences,Travel_Rarely,No
E100415,43,Male,Single,research & development ,Research Scientist,10,1,Technical Degree,Travel_Rarely,No
E100416,33,Male,Single,sales ,Sales Executive,28,2,Other,Travel_Frequently,Yes
E100417,54,Female,Married,research & development ,Research Scientist,21,5,Technical Degree,Travel_Rarely,No
E100418,39,Male,Married,Sales,Sales Executive,5,2,Marketing,Travel_Rarely,No
E100419,46,Female,Married,sales ,Sales Executive,17,4,Life Sciences,Travel_Rarely,Yes
E100420,31,Male,Single,research & development ,Manufacturing Director,26,1,Technical Degree,Travel_Rarely,Yes
E100421,45,Female,Single,SALES,Manager,5,5,Marketing,Travel_Rarely,No
E100422,22,Male,Divorced,SALES,Sales Executive,22,1,Life Sciences,Travel_Rarely,Yes
E100423,47,Female,Single,Sales,Sales Executive,15,5,Medical,Travel_Rarely,No
E100424,22,Male,Married,Research & Development,Research Scientist,13,1,Marketing,Travel_Rarely,Yes
E100425,29,Male,Married,Research & Development,Manager,28,4,Human Resources,Travel_Rarely,No
E100426,33,Male,Married,research & development ,Healthcare Representative,1,5,Life Sciences,Travel_Rarely,No
E100427,43,Female,Single,SALES,Sales Executive,11,3,Technical Degree,Travel_Rarely,No
E100428,43,Female,Single,Research & Development,Research Scientist,23,1,Other,Travel_Frequently,No
E100429,38,Male,Married,research & development ,Healthcare Representative,1,1,Technical Degree,Travel_Rarely,No
E100430,56,Male,Divorced,Research & Development,Healthcare Representative,11,2,Human Resources,Travel_Rarely,No
E100431,53,Male,Divorced,research & development ,Healthcare Representative,18,5,Human Resources,Travel_Rarely,No
E100432,50,Female,Single,Sales,Sales Representative,18,3,,Travel_Rarely,No
E100433,47,Female,Single,HR,Human Resources,21,4,Other,Travel_Frequently,No
E100434,54,Male,Divorced,Research & Development,Healthcare Representative,26,2,Life Sciences,Travel_Rarely,No
E100435,40,Male,Married,Human Resources,Human Resources,16,3,Marketing,Travel_Rarely,No
E100436,27,Male,Divorced,Research & Development,Manufacturing Director,13,5,Human Resources,Travel_Rarely,No
E100437,22,Male,Single,R&D,Research Scientist,7,3,Human Resources,Travel_Rarely,Yes
E100438,53,Male,Married,Research & Development,Research Scientist,1,1,Human Resources,Travel_Rarely,No
E100439,51,Female,Married,Research & Development,Laboratory Technician,26,1,Other,Travel_Rarely,No
E100440,48,Male,Married,HR,Human Resources,16,2,Medical,Travel_Rarely,No
E100441,27,Female,Married,R&D,Healthcare Representative,1,5,Other,Travel_Rarely,Yes
E100442,36,Male,Single,Sales,Manager,17,5,Life Sciences,Non-Travel,Yes
E100443,49,Male,Married,R&D,Manufacturing Director,6,3,Life Sciences,Travel_Rarely,Yes
E100444,18,Female,Single,Research & Development,Healthcare Representative,2,2,Life Sciences,Travel_Rarely,No
E100445,22,Female,Married,research & development ,Laboratory Technician,17,5,Life Sciences,Travel_Rarely,No
E100446,21,Female,Divorced,SALES,Sales Executive,6,1,Life Sciences,Travel_Rarely,No
E100447,33,Male,Married,research & development ,Research Scientist,14,3,Technical Degree,Travel_Frequently,Yes
E100448,41,Male,Divorced,research & development ,Manufacturing Director,18,4,Human Resources,Travel_Rarely,No
E100449,33,Female,Single,Research & Development,Research Scientist,6,1,Other,Non-Travel,No
E100450,19,Male,Married,research & development ,Manager,10,2,Technical Degree,Travel_Rarely,No
E100451,45,Male,Divorced,Research & Development,Manufacturing Director,24,5,Other,Travel_Rarely,No
E100452,49,Male,Single,Sales,Sales Executive,18,1,Medical,Travel_Rarely,No
E100453,44,Male,Single,R&D,Healthcare Representative,27,4,Marketing,Travel_Rarely,No
E100454,37,Female,Married,SALES,Manager,9,4,Human Resources,Travel_Rarely,No
E100455,41,Male,Single,Sales,Manager,8,2,Medical,Travel_Rarely,Yes
E100456,29,Male,Married,Research & Development,Healthcare Representative,28,1,Technical Degree,Travel_Frequently,No
E100457,52,Male,Divorced,human resources,Human Resources,10,3,Marketing,Travel_Rarely,No
E100458,50,Male,Married,research & development ,Manager,17,1,Medical,Travel_Rarely,No
E100459,50,Male,Single,Research & Development,Manager,23,4,Other,Travel_Rarely,No
E100460,60,Male,Married,R&D,Research Scientist,29,2,Marketing,Travel_Rarely,No
E100461,54,Male,Married,R&D,Manager,26,2,Other,Travel_Rarely,No
E100462,29,Female,Single,SALES,Sales Representative,6,3,Medical,Travel_Frequently,No
E100463,20,Male,Married,HR,Manager,14,2,Technical Degree,Travel_Rarely,No
E100464,18,Male,Married,Research & Development,Manager,22,2,Other,Travel_Rarely,No
E100465,50,Female,Married,Research & Development,Laboratory Technician,22,2,Marketing,Travel_Frequently,No
E100466,57,Female,Single,SALES,Manager,6,2,Medical,Travel_Rarely,No
E100467,27,Male,Married,Research & Development,Healthcare Representative,26,2,Other,Travel_Rarely,No
E100468,60,Male,Single,Sales,Sales Executive,7,4,Technical Degree,Travel_Rarely,No
E100469,46,Male,Single,sales ,Sales Executive,12,1,Human Resources,Travel_Rarely,No
E100470,30,Female,Divorced,research & development ,Research Scientist,3,5,Technical Degree,Travel_Rarely,No
E100471,29,Female,Married,Research & Development,Laboratory Technician,14,2,,Travel_Frequently,No
E100472,48,Female,Single,Research & Development,Research Scientist,22,5,Human Resources,Travel_Rarely,No
E100473,19,Male,Single,research & development ,Research Scientist,19,5,Technical Degree,Travel_Rarely,No
E100474,52,Female,Single,R&D,Research Scientist,23,4,Human Resources,Travel_Rarely,No
E100475,40,Male,Single,R&D,Healthcare Representative,16,2,Human Resources,Travel_Rarely,Yes
E100476,34,Male,Single,research & development ,Research Scientist,7,5,Other,Travel_Rarely,No
E100477,43,Male,Single,SALES,Manager,8,2,Other,Travel_Rarely,No
E100478,25,Female,Married,research & development ,Manager,18,3,Human Resources,Travel_Rarely,No
E100479,46,Male,Married,Human Resources,Human Resources,25,3,Medical,Travel_Rarely,No
E100480,43,,Married,research & development ,Research Scientist,13,3,Marketing,Travel_Rarely,No
E100481,27,Male,Married,research & development ,Research Scientist,21,5,Medical,Travel_Rarely,Yes
E100482,43,Male,Single,R&D,Research Scientist,9,3,Human Resources,Travel_Rarely,No
E100483,51,Male,Divorced,Research & Development,Manufacturing Director,10,4,Marketing,Travel_Rarely,No
E100484,58,Male,Divorced,research & development ,Research Scientist,21,4,Other,Travel_Rarely,No
E100485,24,Female,Divorced,Sales,Sales Executive,23,5,Marketing,Travel_Rarely,No
E100486,21,Male,Divorced,R&D,Manager,27,2,Human Resources,Non-Travel,No
E100487,28,Female,Divorced,Research & Development,Manufacturing Director,9,1,Other,Travel_Rarely,No
E100488,46,Female,Married,research & development ,Manufacturing Director,15,2,Marketing,Travel_Rarely,No
E100489,53,Female,Single,SALES,Sales Representative,20,2,Marketing,Travel_Rarely,No
E100490,42,Male,Married,Human Resources,Human Resources,2,2,Medical,Travel_Rarely,No
E100491,38,Male,Married,research & development ,Manufacturing Director,25,2,Marketing,Travel_Rarely,No
E100492,53,Male,Married,Research & Development,Laboratory Technician,13,1,Human Resources,Non-Travel,No
E100493,27,Female,Married,Research & Development,Manufacturing Director,2,3,Life Sciences,Travel_Rarely,No
E100494,54,Female,Single,Research & Development,Manufacturing Director,19,2,Life Sciences,Non-Travel,No
E100495,26,Male,Married,Human Resources,Human Resources,26,4,Life Sciences,Non-Travel,No
E100496,41,,Divorced,Research & Development,Healthcare Representative,2,5,Human Resources,Travel_Rarely,No
E100497,52,Male,Married,research & development ,Healthcare Representative,3,5,Life Sciences,Travel_Rarely,No
E100498,52,Female,Married,sales ,Manager,6,4,Medical,Travel_Rarely,No
E100499,53,Male,Single,Research & Development,Laboratory Technician,3,2,Human Resources,Travel_Rarely,No
E100500,35,Female,Married,Research & Development,Manufacturing Director,10,1,Other,Travel_Rarely,No
E100501,56,Male,Divorced,research & development ,Research Scientist,24,3,Human Resources,Travel_Rarely,No
E100502,49,Female,Married,sales ,Sales Representative,27,5,Human Resources,Travel_Rarely,No
E100503,41,Female,Divorced,Research & Development,Healthcare Representative,6,3,Marketing,Travel_Frequently,Yes
E100504,40,Female,Married,sales ,Sales Representative,23,1,Marketing,Travel_Rarely,No
E100505,49,Male,Married,sales ,Sales Representative,16,5,Marketing,Travel_Rarely,No
E100506,54,Male,Single,R&D,Manager,17,3,Technical Degree,Non-Travel,No
E100507,29,Male,Married,Research & Development,Laboratory Technician,19,1,Medical,Travel_Rarely,Yes
E100508,30,Male,Married,R&D,Healthcare Representative,3,3,Human Resources,Travel_Rarely,No
E100509,40,Male,Married,R&D,Laboratory Technician,18,2,Human Resources,Travel_Rarely,No
E100510,42,Female,Married,SALES,Sales Representative,7,1,Marketing,Travel_Rarely,No
E100511,52,Male,Divorced,research & development ,Manufacturing Director,9,3,Human Resources,Non-Travel,No
E100512,58,Male,Single,R&D,Research Scientist,20,2,,Travel_Rarely,No
E100513,47,Male,Divorced,SALES,Sales Executive,12,2,Human Resources,Travel_Rarely,No
E100514,34,Male,Single,Research & Development,Healthcare Representative,5,1,Life Sciences,Travel_Frequently,No
E100515,37,Female,Married,R&D,Laboratory Technician,3,4,Other,Travel_Rarely,No
E100516,42,Male,Single,R&D,Manager,11,5,Other,Travel_Rarely,No
E100517,39,Female,Single,research & development ,Laboratory Technician,25,1,Human Resources,Travel_Frequently,Yes
E100518,30,Male,Married,Research & Development,Research Scientist,4,2,Technical Degree,Travel_Frequently,No
E100519,36,Female,Single,R&D,Manager,5,2,Marketing,Travel_Rarely,Yes
E100520,53,Female,Married,research & development ,Healthcare Representative,1,1,Medical,Travel_Rarely,Yes
E100521,29,Male,Divorced,Sales,Sales Representative,27,4,Medical,Travel_Rarely,No
E100522,58,Female,Single,research & development ,Research Scientist,28,5,Life Sciences,Travel_Rarely,No
E100523,36,Male,Married,research & development ,Manager,29,3,Medical,Travel_Rarely,No
E100524,29,Female,Married,research & development ,Laboratory Technician,18,1,Medical,Travel_Rarely,No
E100525,26,Male,Married,R&D,Laboratory Technician,12,5,Marketing,Travel_Rarely,No
E100526,24,Female,Single,R&D,Healthcare Representative,13,5,Marketing,Travel_Rarely,No
E100527,45,Female,Single,research & development ,Research Scientist,9,2,Technical Degree,Non-Travel,No
E100528,31,Female,Single,Sales,Manager,2,3,Life Sciences,Travel_Rarely,No
E100529,48,Female,Single,Research & Development,Laboratory Technician,5,1,Medical,Travel_Rarely,No
E100530,36,Male,Single,Research & Development,Manager,13,2,Technical Degree,Travel_Rarely,Yes
E100531,33,Male,Married,Sales,Sales Representative,16,2,Life Sciences,Travel_Rarely,No
E100532,22,Male,Divorced,human resources,Manager,16,4,Other,Travel_Rarely,No
E100533,52,Male,Divorced,R&D,Healthcare Representative,24,5,Medical,Travel_Frequently,Yes
E100534,29,Female,Married,research & development ,Laboratory Technician,3,1,Medical,Travel_Rarely,Yes
E100535,42,Male,Single,sales ,Sales Representative,22,1,Marketing,Travel_Frequently,No
E100536,38,,Single,SALES,Sales Representative,4,1,Human Resources,Travel_Rarely,No
E100537,53,Female,Single,human resources,Manager,11,2,Life Sciences,Travel_Frequently,Yes
E100538,40,Female,Single,SALES,Manager,23,4,Medical,Travel_Rarely,No
E100539,33,Male,Married,research & development ,Manufacturing Director,26,3,,Travel_Rarely,No
E100540,56,Female,Married,Research & Development,Laboratory Technician,14,2,Technical Degree,Non-Travel,No
E100541,59,Female,Married,sales ,Sales Representative,29,3,Technical Degree,Travel_Rarely,No
E100542,56,Male,Married,Sales,Sales Representative,3,4,Human Resources,Travel_Rarely,No
E100543,31,Female,Divorced,R&D,Research Scientist,16,5,Medical,Travel_Rarely,No
E100544,48,Female,Divorced,human resources,Human Resources,22,1,Marketing,Travel_Rarely,Yes
E100545,22,Male,Single,research & development ,Laboratory Technician,15,3,Medical,Travel_Frequently,Yes
E100546,52,Male,Divorced,Research & Development,Manufacturing Director,28,2,Life Sciences,Travel_Rarely,No
E100547,40,Male,Divorced,Research & Development,Manager,10,3,Other,Travel_Rarely,No
E100548,46,Male,Married,Research & Development,Healthcare Representative,9,5,Technical Degree,Travel_Rarely,No
E100549,60,Male,Married,R&D,Laboratory Technician,11,1,Life Sciences,Travel_Rarely,No
E100550,28,Male,Married,R&D,Manager,16,3,Human Resources,Travel_Rarely,No
E100551,35,Male,Divorced,R&D,Healthcare Representative,10,5,Technical Degree,Travel_Frequently,Yes
E100552,29,Male,Divorced,Research & Development,Manufacturing Director,17,2,Marketing,Travel_Rarely,No
E100553,26,Female,Single,sales ,Sales Executive,19,4,Technical Degree,Travel_Rarely,No
E100554,27,Male,Married,Human Resources,Human Resources,2,2,Other,Travel_Rarely,No
E100555,34,Female,Married,SALES,Sales Representative,24,1,Medical,Travel_Rarely,Yes
E100556,55,Male,Married,Sales,Sales Executive,23,2,Other,Travel_Rarely,No
E100557,24,Male,Single,research & development ,Manufacturing Director,2,2,Other,Travel_Rarely,No
E100558,30,Male,Divorced,research & development ,Manager,6,2,Medical,Non-Travel,No
E100559,57,Male,Married,R&D,Manager,19,2,Technical Degree,Travel_Frequently,No
E100560,59,Male,Divorced,Research & Development,Manufacturing Director,8,1,Human Resources,Travel_Rarely,No
E100561,26,Female,Divorced,Research & Development,Manufacturing Director,26,5,Medical,Travel_Rarely,Yes
E100562,44,Male,Married,SALES,Manager,29,3,Medical,Travel_Rarely,No
E100563,19,Female,Married,R&D,Laboratory Technician,3,4,Marketing,Travel_Rarely,No
E100564,22,Female,Married,research & development ,Healthcare Representative,26,3,Technical Degree,Travel_Rarely,No
E100565,46,Male,Single,research & development ,Research Scientist,14,3,Medical,Travel_Rarely,No
E100566,54,Male,Married,Research & Development,Research Scientist,25,4,Human Resources,Travel_Rarely,No
E100567,55,Female,Single,sales ,Sales Executive,16,1,Life Sciences,Travel_Rarely,No
E100568,36,Male,Married,R&D,Manager,1,4,Technical Degree,Travel_Frequently,No
E100569,25,Male,Single,R&D,Laboratory Technician,21,1,Marketing,Travel_Rarely,Yes
E100570,18,Female,Single,R&D,Manufacturing Director,3,3,Other,Travel_Rarely,Yes
E100571,39,Male,Single,research & development ,Research Scientist,22,1,Medical,Travel_Rarely,Yes
E100572,34,Female,Single,human resources,Human Resources,26,5,Human Resources,Travel_Rarely,No
E100573,24,Female,Married,research & development ,Laboratory Technician,18,4,Technical Degree,Travel_Rarely,No
E100574,42,Male,Married,Human Resources,Human Resources,9,5,Human Resources,Travel_Rarely,Yes
E100575,21,Male,Married,R&D,Manager,6,3,Human Resources,Travel_Rarely,Yes
E100576,53,Male,Single,SALES,Sales Executive,23,4,Other,Travel_Rarely,No
E100577,23,Male,Single,sales ,Sales Executive,21,3,Marketing,Travel_Rarely,Yes
E100578,48,Male,Single,research & development ,Manager,25,5,Technical Degree,Non-Travel,No
E100579,36,Female,Single,sales ,Manager,1,3,Medical,Travel_Rarely,Yes
E100580,56,Male,Divorced,Sales,Sales Executive,21,4,Marketing,Travel_Rarely,No
E100581,44,Male,Single,Human Resources,Manager,27,4,Medical,Travel_Rarely,No
E100582,27,Female,Married,research & development ,Healthcare Representative,10,3,Life Sciences,Travel_Rarely,No
E100583,43,Female,Single,research & development ,Laboratory Technician,27,4,Human Resources,Travel_Frequently,No
E100584,36,,Single,SALES,Sales Executive,6,4,Life Sciences,Travel_Rarely,Yes
E100585,56,Male,Married,SALES,Sales Representative,23,3,Human Resources,Travel_Rarely,No
E100586,20,Female,Married,sales ,Sales Representative,12,5,Other,Travel_Rarely,Yes
E100587,30,Male,Single,R&D,Manager,4,4,Marketing,Travel_Rarely,No
E100588,45,Male,Single,Human Resources,Human Resources,28,4,Medical,Travel_Rarely,Yes
E100589,37,Male,Married,R&D,Healthcare Representative,13,4,Other,Travel_Rarely,No
E100590,45,Female,Single,Sales,Sales Executive,17,4,Medical,Travel_Rarely,Yes
E100591,25,Male,Single,R&D,Manufacturing Director,27,3,Marketing,Non-Travel,Yes
E100592,58,Male,Divorced,R&D,Healthcare Representative,8,5,Technical Degree,Travel_Rarely,No
E100593,56,Male,Married,R&D,Laboratory Technician,26,5,Life Sciences,Travel_Frequently,No
E100594,18,Male,Married,research & development ,Healthcare Representative,20,1,Life Sciences,Travel_Frequently,No
E100595,20,Female,Married,research & development ,Manufacturing Director,3,4,Medical,Travel_Rarely,No
E100596,30,Female,Married,SALES,Manager,12,4,Medical,Travel_Rarely,No
E100597,45,Female,Married,sales ,Sales Representative,7,1,Medical,Travel_Frequently,No
E100598,42,Male,Married,HR,Human Resources,12,5,Marketing,Travel_Rarely,No
E100599,50,Male,Married,Sales,Sales Representative,2,2,Technical Degree,Travel_Frequently,No
E100600,55,Male,Single,SALES,Sales Representative,24,2,Life Sciences,Travel_Rarely,No
E100601,23,Male,Married,Sales,Sales Executive,14,5,Other,Travel_Rarely,No
E100602,49,Male,Married,SALES,Sales Executive,22,4,Human Resources,Travel_Rarely,No
E100603,38,Female,Divorced,Research & Development,Research Scientist,23,2,Marketing,Travel_Rarely,No
E100604,33,Male,Married,Research & Development,Manager,5,3,Life Sciences,Travel_Rarely,No
E100605,38,Male,Married,Research & Development,Research Scientist,9,3,Technical Degree,Travel_Rarely,No
E100606,28,Male,Single,R&D,Manager,21,1,Marketing,Travel_Rarely,No
E100607,54,Male,Married,Research & Development,Healthcare Representative,11,5,Other,Travel_Rarely,No
E100608,53,Male,Single,Research & Development,Laboratory Technician,5,5,Life Sciences,Travel_Rarely,No
E100609,52,Female,Married,R&D,Manager,3,2,Marketing,Travel_Rarely,No
E100610,36,Female,Single,Research & Development,Healthcare Representative,27,4,Life Sciences,Travel_Rarely,Yes
E100611,37,Female,Married,Sales,Manager,17,5,Life Sciences,Travel_Rarely,No
E100612,35,Male,Single,research & development ,Manufacturing Director,2,2,Technical Degree,Travel_Frequently,Yes
E100613,58,Male,Married,Research & Development,Research Scientist,24,2,Human Resources,Travel_Rarely,No
E100614,31,Male,Divorced,human resources,Human Resources,1,5,Technical Degree,Travel_Rarely,No
E100615,32,Male,Single,R&D,Healthcare Representative,7,2,Life Sciences,Travel_Rarely,No
E100616,48,Female,Married,Human Resources,Human Resources,14,1,Marketing,Travel_Rarely,Yes
E100617,18,Male,Married,research & development ,Manufacturing Director,5,1,Other,Travel_Frequently,No
E100618,20,Male,Single,Sales,Manager,19,5,Technical Degree,Travel_Rarely,No
E100619,33,Male,Divorced,research & development ,Healthcare Representative,28,4,Human Resources,Travel_Rarely,No
E100620,40,Male,Single,human resources,Human Resources,28,1,Life Sciences,Travel_Rarely,No
E100621,28,Female,Married,Research & Development,Laboratory Technician,11,1,Other,Travel_Rarely,No
E100622,29,Male,Married,Sales,Sales Executive,23,5,Technical Degree,Travel_Rarely,No
E100623,27,,Married,research & development ,Research Scientist,25,3,Technical Degree,Travel_Rarely,No
E100624,49,Male,Married,research & development ,Manager,2,2,Technical Degree,Travel_Rarely,No
E100625,33,Male,Single,SALES,Sales Executive,8,1,Technical Degree,Travel_Rarely,No
E100626,25,Female,Single,R&D,Manager,9,3,Other,Travel_Rarely,No
E100627,55,Female,Married,SALES,Manager,27,4,Marketing,Non-Travel,No
E100628,29,Female,Married,research & development ,Laboratory Technician,3,3,Human Resources,Travel_Rarely,No
E100629,41,Female,Divorced,R&D,Manufacturing Director,2,5,Human Resources,Travel_Rarely,Yes
E100630,45,Male,Divorced,research & development ,Laboratory Technician,7,4,Life Sciences,Travel_Rarely,No
E100631,25,Female,Divorced,sales ,Manager,5,4,Medical,Travel_Rarely,No
E100632,45,Male,Married,Research & Development,Healthcare Representative,21,3,Marketing,Travel_Frequently,No
E100633,53,Male,Married,Sales,Sales Executive,26,5,Life Sciences,Travel_Rarely,No
E100634,43,Female,Divorced,SALES,Sales Executive,5,1,Life Sciences,Travel_Rarely,Yes
E100635,25,Male,Married,sales ,Sales Executive,20,3,Technical Degree,Non-Travel,No
E100636,45,Female,Single,sales ,Manager,13,1,Medical,Travel_Frequently,Yes
E100637,45,Male,Divorced,R&D,Healthcare Representative,21,3,Medical,Travel_Rarely,No
E100638,54,Female,Divorced,Sales,Sales Representative,29,1,Marketing,Travel_Rarely,No
E100639,58,Female,Married,R&D,Healthcare Representative,20,3,Medical,Travel_Frequently,Yes
E100640,53,Female,Single,research & development ,Research Scientist,29,4,Life Sciences,Travel_Rarely,No
E100641,44,Female,Married,R&D,Manufacturing Director,6,2,Medical,Travel_Rarely,No
E100642,34,Female,Divorced,HR,Manager,20,4,Medical,Travel_Rarely,Yes
E100643,26,Male,Divorced,research & development ,Laboratory Technician,18,1,Human Resources,Travel_Rarely,No
E100644,50,Male,Single,R&D,Manager,25,5,Life Sciences,Travel_Rarely,No
E100645,37,Male,Single,SALES,Manager,2,4,Other,Travel_Rarely,No
E100646,30,Female,Divorced,Human Resources,Manager,25,2,Medical,Travel_Rarely,Yes
E100647,45,Male,Married,SALES,Sales Representative,26,1,Medical,Travel_Frequently,No
E100648,46,Female,Married,sales ,Sales Representative,6,4,Technical Degree,Travel_Rarely,No
E100649,30,Male,Divorced,SALES,Sales Representative,9,3,,Travel_Rarely,No
E100650,52,Male,Single,R&D,Manager,25,5,Medical,Travel_Rarely,No
E100651,23,Female,Married,SALES,Sales Representative,3,1,Human Resources,Travel_Rarely,Yes
E100652,35,Male,Single,Research & Development,Laboratory Technician,1,4,Life Sciences,Travel_Rarely,No
E100653,22,Male,Married,SALES,Sales Executive,1,1,Marketing,Travel_Rarely,No
E100654,42,Male,Divorced,R&D,Manufacturing Director,19,3,Life Sciences,Non-Travel,No
E100655,19,Female,Married,sales ,Manager,5,2,Technical Degree,Travel_Rarely,No
E100656,27,Female,Divorced,sales ,Sales Representative,13,4,Life Sciences,Travel_Frequently,No
E100657,47,Male,Married,Human Resources,Human Resources,19,1,Medical,Travel_Rarely,Yes
E100658,22,Male,Married,Sales,Sales Executive,12,1,,Travel_Rarely,Yes
E100659,50,Male,Single,Research & Development,Manager,16,1,Life Sciences,Travel_Rarely,Yes
E100660,18,Female,Married,R&D,Laboratory Technician,25,2,Technical Degree,Travel_Frequently,No
E100661,35,Female,Married,Sales,Sales Representative,25,1,Marketing,Travel_Rarely,Yes
E100662,49,Male,Single,Human Resources,Human Resources,19,5,Life Sciences,Travel_Frequently,Yes
E100663,28,Male,Married,Sales,Sales Executive,3,5,Other,Travel_Rarely,No
E100664,38,Male,Married,R&D,Laboratory Technician,12,1,Medical,Travel_Frequently,No
E100665,43,Female,Married,SALES,Sales Representative,5,5,Technical Degree,Travel_Rarely,No
E100666,42,Female,Married,R&D,Laboratory Technician,2,4,Other,Travel_Rarely,No
E100667,39,Male,Married,SALES,Sales Executive,22,5,,Travel_Frequently,No
E100668,44,Male,Single,R&D,Healthcare Representative,7,1,Human Resources,Travel_Rarely,No
E100669,30,Male,Single,research & development ,Manager,13,3,,Travel_Frequently,No
E100670,50,Female,Married,human resources,Manager,25,4,Other,Travel_Rarely,No
E100671,51,Male,Married,HR,Human Resources,15,2,Human Resources,Travel_Rarely,No
E100672,58,Female,Single,Research & Development,Manager,22,1,Other,Travel_Rarely,No
E100673,52,Female,Divorced,research & development ,Laboratory Technician,3,2,Medical,Travel_Rarely,No
E100674,18,Male,Married,Sales,Manager,28,3,Marketing,Travel_Rarely,No
E100675,38,Male,Married,Sales,Sales Executive,21,2,Human Resources,Non-Travel,No
E100676,23,Male,Single,Sales,Sales Executive,20,1,Marketing,Travel_Frequently,No
E100677,45,Female,Married,Research & Development,Research Scientist,5,1,Technical Degree,Travel_Frequently,Yes
E100678,34,Female,Married,research & development ,Healthcare Representative,24,3,Medical,Non-Travel,No
E100679,22,Female,Divorced,R&D,Manager,8,1,Human Resources,Travel_Rarely,No
E100680,48,Male,Married,Sales,Sales Representative,22,3,Technical Degree,Travel_Rarely,No
E100681,22,Male,Divorced,Research & Development,Research Scientist,1,3,Other,Travel_Rarely,Yes
E100682,55,Female,Married,SALES,Sales Representative,8,1,Life Sciences,Travel_Rarely,No
E100683,20,Female,Single,Research & Development,Laboratory Technician,24,5,Technical Degree,Travel_Rarely,No
E100684,40,,Married,research & development ,Manufacturing Director,18,3,Marketing,Travel_Rarely,No
E100685,54,Female,Married,R&D,Research Scientist,20,1,Medical,Travel_Rarely,No
E100686,54,Female,Married,R&D,Healthcare Representative,28,5,Medical,Travel_Rarely,No
E100687,27,Male,Single,R&D,Manufacturing Director,16,3,Technical Degree,Travel_Rarely,No
E100688,27,Female,Single,Sales,Sales Executive,18,5,Other,Travel_Rarely,Yes
E100689,36,Female,Divorced,Research & Development,Laboratory Technician,20,4,Life Sciences,Travel_Rarely,No
E100690,34,Female,Married,sales ,Sales Executive,12,4,Marketing,Travel_Rarely,No
E100691,38,Male,Divorced,research & development ,Manufacturing Director,13,5,Technical Degree,Travel_Rarely,Yes
E100692,31,Male,Married,R&D,Manufacturing Director,13,3,Technical Degree,Travel_Rarely,No
E100693,26,Female,Married,Sales,Sales Executive,10,1,Medical,Travel_Rarely,No
E100694,18,Male,Married,sales ,Sales Executive,7,2,Marketing,Travel_Rarely,No
E100695,30,Male,Divorced,human resources,Human Resources,25,1,Life Sciences,Travel_Rarely,No
E100696,21,Male,Married,Human Resources,Manager,14,2,Medical,Travel_Rarely,No
E100697,18,,Married,Research & Development,Manager,24,2,Technical Degree,Travel_Rarely,Yes
E100698,57,Female,Single,SALES,Sales Representative,16,3,Medical,Travel_Rarely,Yes
E100699,49,Female,Married,Sales,Manager,15,5,Medical,Travel_Rarely,No
E100700,51,Male,Married,R&D,Research Scientist,12,1,Human Resources,Travel_Rarely,No
E100701,45,Male,Single,HR,Human Resources,9,5,Medical,Non-Travel,Yes
E100702,48,Male,Single,sales ,Manager,8,4,Other,Travel_Rarely,No
E100703,25,Female,Single,R&D,Manager,18,3,Medical,Travel_Rarely,No
E100704,56,Female,Single,Sales,Sales Representative,23,3,Other,Travel_Rarely,No
E100705,43,Male,Single,HR,Human Resources,18,4,Marketing,Travel_Rarely,No
E100706,51,Female,Married,R&D,Manufacturing Director,13,1,Medical,Travel_Rarely,No
E100707,20,Female,Divorced,research & development ,Manager,28,4,Life Sciences,Travel_Rarely,Yes
E100708,29,Female,Married,research & development ,Manufacturing Director,27,1,Other,Travel_Rarely,Yes
E100709,18,Female,Single,research & development ,Research Scientist,18,2,Other,Travel_Rarely,No
E100710,22,Male,Single,Sales,Sales Executive,15,3,Technical Degree,Travel_Rarely,Yes
E100711,47,Female,Married,Sales,Manager,4,1,Marketing,Non-Travel,No
E100712,47,Male,Married,Human Resources,Human Resources,17,5,Medical,Travel_Rarely,No
E100713,34,Female,Divorced,human resources,Manager,5,5,Life Sciences,Non-Travel,No
E100714,40,Female,Married,Research & Development,Laboratory Technician,22,3,Technical Degree,Non-Travel,No
E100715,32,Female,Divorced,R&D,Research Scientist,16,4,Marketing,Travel_Rarely,No
E100716,54,Female,Single,research & development ,Laboratory Technician,9,4,Other,Travel_Rarely,No
E100717,38,,Married,Sales,Sales Executive,10,1,Life Sciences,Travel_Frequently,No
E100718,31,Male,Single,R&D,Manufacturing Director,24,4,Medical,Travel_Rarely,No
E100719,19,Female,Divorced,Research & Development,Manager,18,3,Human Resources,Travel_Rarely,Yes
E100720,28,Female,Married,research & development ,Manager,17,1,Human Resources,Travel_Frequently,No
E100721,56,Male,Married,R&D,Research Scientist,18,2,Marketing,Travel_Rarely,No
E100722,55,Male,Single,sales ,Sales Executive,7,4,Life Sciences,Travel_Rarely,No
E100723,51,Male,Single,Research & Development,Research Scientist,4,4,Technical Degree,Travel_Frequently,No
E100724,55,Female,Married,research & development ,Research Scientist,26,1,Life Sciences,Travel_Rarely,No
E100725,51,Female,Single,R&D,Healthcare Representative,5,5,Other,Non-Travel,No
E100726,35,Male,Married,SALES,Manager,28,4,Human Resources,Travel_Rarely,Yes
E100727,47,Male,Single,Sales,Sales Representative,23,3,Marketing,Travel_Rarely,No
E100728,32,Female,Married,Sales,Sales Executive,16,4,Medical,Travel_Rarely,Yes
E100729,44,Female,Divorced,Sales,Sales Representative,3,2,Life Sciences,Travel_Rarely,No
E100730,51,Male,Married,Research & Development,Manufacturing Director,26,4,Human Resources,Travel_Rarely,No
E100731,55,Male,Married,R&D,Healthcare Representative,18,5,Technical Degree,Travel_Rarely,No
E100732,50,Male,Single,Research & Development,Healthcare Representative,29,4,Marketing,Travel_Rarely,Yes
E100733,41,Male,Single,research & development ,Manufacturing Director,23,1,Medical,Travel_Rarely,No
E100734,32,,Married,research & development ,Research Scientist,21,4,Life Sciences,Travel_Rarely,Yes
E100735,47,Female,Married,sales ,Sales Representative,14,5,Technical Degree,Non-Travel,Yes
E100736,59,Female,Married,Research & Development,Healthcare Representative,15,1,Medical,Travel_Frequently,No
E100737,34,Female,Single,R&D,Manufacturing Director,17,3,Other,Travel_Rarely,No
E100738,22,,Single,Sales,Sales Executive,1,1,Human Resources,Travel_Rarely,No
E100739,46,Male,Single,SALES,Sales Executive,25,2,Other,Travel_Rarely,No
E100740,21,,Divorced,R&D,Laboratory Technician,21,1,Human Resources,Travel_Rarely,No
E100741,27,Male,Single,Research & Development,Manufacturing Director,17,3,Technical Degree,Travel_Rarely,Yes
E100742,34,Male,Married,R&D,Manufacturing Director,23,4,Other,Travel_Rarely,No
E100743,27,Female,Single,sales ,Manager,25,1,Human Resources,Non-Travel,Yes
E100744,34,Female,Married,Research & Development,Healthcare Representative,11,1,Marketing,Travel_Rarely,No
E100745,37,Male,Married,R&D,Manager,17,1,Technical Degree,Travel_Rarely,No
E100746,41,Male,Divorced,sales ,Sales Representative,26,1,Human Resources,Travel_Rarely,No
E100747,22,Female,Divorced,R&D,Research Scientist,14,3,Life Sciences,Travel_Frequently,No
E100748,51,Male,Married,SALES,Sales Executive,29,5,Human Resources,Travel_Frequently,Yes
E100749,23,Male,Divorced,research & development ,Manager,20,5,Other,Travel_Frequently,No
E100750,19,Female,Divorced,sales ,Manager,19,1,Marketing,Travel_Rarely,No
E100751,30,,Divorced,SALES,Manager,21,3,Medical,Travel_Rarely,No
E100752,60,Male,Divorced,sales ,Manager,7,3,Medical,Travel_Frequently,No
E100753,60,Male,Single,sales ,Sales Representative,24,1,Human Resources,Travel_Rarely,No
E100754,28,Female,Married,HR,Manager,13,2,Medical,Travel_Rarely,No
E100755,40,Male,Single,SALES,Manager,18,1,Human Resources,Travel_Rarely,No
E100756,33,Male,Single,R&D,Manufacturing Director,23,2,Marketing,Non-Travel,No
E100757,48,Female,Divorced,sales ,Sales Representative,14,1,Medical,Travel_Rarely,Yes
E100758,28,Male,Married,research & development ,Manager,1,2,Other,Travel_Frequently,No
E100759,33,Female,Married,human resources,Manager,7,2,Other,Travel_Rarely,No
E100760,25,Male,Divorced,SALES,Sales Representative,8,1,Life Sciences,Travel_Rarely,No
E100761,21,Female,Divorced,human resources,Manager,18,2,Human Resources,Travel_Rarely,No
E100762,57,Male,Divorced,Sales,Manager,9,4,Medical,Travel_Frequently,No
E100763,21,Male,Single,R&D,Healthcare Representative,1,5,Other,Travel_Rarely,Yes
E100764,42,Male,Single,research & development ,Research Scientist,29,3,Marketing,Travel_Rarely,No
E100765,20,Male,Married,Research & Development,Manager,22,2,Marketing,Travel_Rarely,Yes
E100766,49,Female,Single,Research & Development,Healthcare Representative,17,2,Life Sciences,Travel_Rarely,No
E100767,20,Female,Single,R&D,Manufacturing Director,19,3,Marketing,Travel_Rarely,No
E100768,44,,Married,sales ,Manager,27,2,Marketing,Travel_Rarely,No
E100769,46,Male,Divorced,Sales,Manager,6,3,Medical,Travel_Frequently,No
E100770,49,,Married,Human Resources,Manager,3,1,Human Resources,Non-Travel,Yes
E100771,36,Female,Single,Research & Development,Manufacturing Director,24,4,Technical Degree,Non-Travel,No
E100772,38,Male,Married,research & development ,Healthcare Representative,5,4,Marketing,Travel_Rarely,No
E100773,22,Male,Single,research & development ,Manufacturing Director,2,5,Marketing,Travel_Rarely,Yes
E100774,35,Male,Single,Research & Development,Research Scientist,20,2,Technical Degree,Travel_Rarely,No
E100775,45,Female,Married,human resources,Human Resources,25,5,Marketing,Travel_Frequently,No
E100776,59,Male,Married,R&D,Laboratory Technician,4,1,Medical,Travel_Rarely,No
E100777,39,Female,Married,Research & Development,Manufacturing Director,10,4,Medical,Non-Travel,No
E100778,38,Male,Single,Research & Development,Manufacturing Director,10,1,Technical Degree,Travel_Rarely,Yes
E100779,23,Female,Divorced,sales ,Manager,24,1,Other,Travel_Frequently,No
E100780,18,Male,Married,SALES,Manager,21,2,Marketing,Travel_Rarely,No
E100781,22,Male,Married,research & development ,Laboratory Technician,11,1,Other,Travel_Rarely,No
E100782,58,,Married,Sales,Manager,27,4,Marketing,Travel_Rarely,No
E100783,29,Female,Divorced,R&D,Healthcare Representative,16,5,Human Resources,Travel_Rarely,No
E100784,43,Male,Married,Human Resources,Human Resources,26,4,Marketing,Non-Travel,No
E100785,51,Male,Married,research & development ,Healthcare Representative,29,2,Medical,Travel_Rarely,No
E100786,31,Male,Divorced,research & development ,Manufacturing Director,29,4,Life Sciences,Travel_Rarely,No
E100787,43,Male,Married,Human Resources,Human Resources,17,3,Life Sciences,Travel_Frequently,No
E100788,44,Female,Married,research & development ,Healthcare Representative,16,5,Life Sciences,Travel_Frequently,No
E100789,26,Female,Married,R&D,Laboratory Technician,7,3,Life Sciences,Travel_Rarely,No
E100790,43,Female,Married,Research & Development,Manager,16,3,Other,Travel_Frequently,Yes
E100791,39,Male,Single,HR,Manager,3,2,Other,Non-Travel,No
E100792,47,Female,Married,Research & Development,Manufacturing Director,26,1,Marketing,Travel_Rarely,No
E100793,60,Male,Divorced,R&D,Healthcare Representative,16,3,Other,Travel_Rarely,No
E100794,34,Male,Divorced,R&D,Manager,8,4,Marketing,Travel_Rarely,No
E100795,43,Male,Married,Research & Development,Laboratory Technician,12,1,Human Resources,Travel_Rarely,No
E100796,53,Male,Married,research & development ,Healthcare Representative,3,4,Marketing,Travel_Rarely,No
E100797,18,Female,Single,Research & Development,Manager,17,4,Life Sciences,Non-Travel,No
E100798,25,Female,Divorced,research & development ,Manager,21,1,Technical Degree,Travel_Rarely,No
E100799,52,Female,Divorced,research & development ,Manager,18,1,Technical Degree,Travel_Rarely,No
E100800,32,Male,Married,human resources,Manager,11,4,Medical,Travel_Rarely,No
E100801,39,Male,Divorced,Research & Development,Research Scientist,4,2,Medical,Travel_Rarely,No
E100802,31,Male,Married,research & development ,Manufacturing Director,16,5,Marketing,Travel_Rarely,No
E100803,43,Male,Married,R&D,Healthcare Representative,17,5,Technical Degree,Travel_Rarely,No
E100804,45,Male,Single,Research & Development,Healthcare Representative,9,2,Life Sciences,Travel_Rarely,No
E100805,40,Male,Married,R&D,Healthcare Representative,6,1,Other,Non-Travel,No
E100806,31,Male,Married,Sales,Sales Executive,24,4,,Travel_Rarely,No
E100807,41,Male,Married,Research & Development,Manufacturing Director,27,5,Life Sciences,Travel_Frequently,No
E100808,19,Female,Married,Research & Development,Laboratory Technician,20,4,Marketing,Travel_Rarely,No
E100809,43,Female,Divorced,Research & Development,Healthcare Representative,25,2,Marketing,Travel_Rarely,Yes
E100810,31,Female,Single,research & development ,Manufacturing Director,2,4,Human Resources,Travel_Frequently,Yes
E100811,24,Female,Married,R&D,Manufacturing Director,9,2,Life Sciences,Travel_Frequently,No
E100812,20,Male,Married,research & development ,Research Scientist,28,1,Life Sciences,Travel_Rarely,Yes
E100813,40,Female,Married,SALES,Sales Representative,21,2,Marketing,Travel_Rarely,No
E100814,60,Female,Married,R&D,Healthcare Representative,29,2,Marketing,Travel_Frequently,No
E100815,35,Male,Single,Research & Development,Manager,6,5,Human Resources,Travel_Rarely,No
E100816,55,Male,Single,SALES,Manager,3,4,Human Resources,Travel_Rarely,No
E100817,52,Female,Married,SALES,Manager,20,5,Medical,Travel_Rarely,No
E100818,32,Male,Married,R&D,Manufacturing Director,6,3,Technical Degree,Travel_Rarely,No
E100819,42,Male,Single,Research & Development,Laboratory Technician,7,2,Life Sciences,Travel_Rarely,No
E100820,54,Male,Married,sales ,Manager,1,3,Life Sciences,Travel_Frequently,No
E100821,45,Male,Married,human resources,Manager,23,5,Human Resources,Travel_Rarely,No
E100822,27,Male,Married,research & development ,Research Scientist,1,4,Human Resources,Travel_Rarely,No
E100823,56,Male,Divorced,human resources,Manager,5,5,Medical,Travel_Rarely,No
E100824,34,Male,Single,research & development ,Manufacturing Director,6,4,Technical Degree,Travel_Frequently,No
E100825,56,Male,Single,R&D,Manufacturing Director,13,4,Medical,Travel_Rarely,No
E100826,39,Female,Married,Research & Development,Manager,2,1,Technical Degree,Travel_Rarely,No
E100827,43,Male,Married,Research & Development,Manager,15,2,Other,Travel_Rarely,No
E100828,42,Male,Married,R&D,Laboratory Technician,15,5,Life Sciences,Travel_Rarely,No
E100829,34,Male,Divorced,Sales,Sales Representative,13,4,Medical,Travel_Rarely,No
E100830,30,Female,Divorced,Research & Development,Laboratory Technician,26,5,Human Resources,Travel_Rarely,No
E100831,37,Male,Divorced,SALES,Sales Representative,25,5,Medical,Travel_Rarely,No
E100832,42,Male,Married,Sales,Sales Executive,14,4,Other,Travel_Rarely,No
E100833,21,Female,Married,sales ,Manager,26,3,Medical,Travel_Frequently,No
E100834,27,Female,Married,Sales,Manager,22,2,Life Sciences,Non-Travel,No
E100835,20,Male,Single,HR,Manager,7,2,Other,Travel_Rarely,No
E100836,58,Female,Married,sales ,Manager,14,1,Human Resources,Non-Travel,No
E100837,35,Male,Single,research & development ,Manager,26,1,Human Resources,Travel_Rarely,Yes
E100838,53,Male,Divorced,Research & Development,Research Scientist,24,1,Marketing,Travel_Rarely,No
E100839,39,Male,Married,research & development ,Healthcare Representative,27,2,Other,Travel_Rarely,No
E100840,51,Male,Married,sales ,Sales Executive,29,3,Marketing,Travel_Rarely,No
E100841,25,Female,Married,R&D,Healthcare Representative,10,2,Marketing,Travel_Frequently,No
E100842,57,Male,Single,R&D,Manager,17,2,Life Sciences,Non-Travel,No
E100843,36,Male,Single,research & development ,Healthcare Representative,14,2,Medical,Travel_Rarely,No
E100844,59,Female,Married,Research & Development,Manager,8,2,Human Resources,Travel_Frequently,No
E100845,58,Female,Single,human resources,Manager,4,3,Human Resources,Travel_Rarely,No
E100846,54,Male,Married,Research & Development,Research Scientist,26,1,Medical,Travel_Rarely,No
E100847,23,Female,Divorced,Research & Development,Laboratory Technician,16,5,Human Resources,Travel_Rarely,No
E100848,43,Male,Divorced,research & development ,Research Scientist,24,1,Medical,Travel_Rarely,No
E100849,51,Female,Married,sales ,Sales Executive,13,1,Other,Travel_Rarely,No
E100850,23,Female,Single,Research & Development,Healthcare Representative,22,5,Life Sciences,Travel_Rarely,No
E100851,54,Female,Divorced,SALES,Sales Representative,27,2,Life Sciences,Travel_Rarely,No
E100852,50,Male,Divorced,Research & Development,Healthcare Representative,25,3,Life Sciences,Travel_Rarely,No
E100853,39,Male,Single,R&D,Laboratory Technician,27,3,Medical,Travel_Rarely,No
E100854,38,Male,Married,Research & Development,Manager,20,1,Medical,Travel_Frequently,No
E100855,23,Male,Single,research & development ,Manager,18,5,Technical Degree,Travel_Rarely,No
E100856,23,Male,Divorced,research & development ,Laboratory Technician,14,4,Human Resources,Travel_Rarely,No
E100857,21,Female,Divorced,Research & Development,Research Scientist,18,2,Human Resources,Travel_Frequently,No
E100858,47,Male,Single,Research & Development,Manager,5,1,Technical Degree,Travel_Rarely,No
E100859,28,Male,Divorced,research & development ,Research Scientist,26,3,Technical Degree,Non-Travel,No
E100860,47,Female,Married,sales ,Sales Executive,9,5,Life Sciences,Travel_Rarely,No
E100861,48,Male,Divorced,R&D,Manager,28,5,Technical Degree,Travel_Rarely,No
E100862,41,Female,Married,R&D,Manufacturing Director,3,1,Medical,Travel_Rarely,No
E100863,26,Male,Divorced,SALES,Sales Executive,8,4,Marketing,Travel_Frequently,No
E100864,20,Male,Single,R&D,Healthcare Representative,20,3,Medical,Non-Travel,No
E100865,48,Male,Married,Sales,Sales Executive,22,1,Technical Degree,Travel_Rarely,No
E100866,57,Male,Single,research & development ,Manager,10,4,Human Resources,Travel_Rarely,No
E100867,54,Female,Divorced,Research & Development,Manufacturing Director,22,5,Medical,Travel_Rarely,No
E100868,53,Male,Divorced,R&D,Manufacturing Director,19,2,Human Resources,Travel_Rarely,No
E100869,41,Male,Divorced,SALES,Sales Executive,21,3,Medical,Travel_Frequently,No
E100870,48,Male,Divorced,sales ,Sales Representative,28,3,Human Resources,Travel_Rarely,Yes
E100871,23,Male,Single,sales ,Sales Representative,3,4,Other,Non-Travel,No
E100872,19,Female,Married,R&D,Laboratory Technician,11,1,Medical,Travel_Frequently,No
E100873,37,Male,Single,research & development ,Healthcare Representative,11,5,Human Resources,Travel_Rarely,No
E100874,45,Female,Single,Research & Development,Research Scientist,17,4,Marketing,Travel_Frequently,Yes
E100875,28,Female,Single,research & development ,Manufacturing Director,16,2,Life Sciences,Travel_Rarely,No
E100876,21,Male,Married,R&D,Healthcare Representative,7,2,Medical,Non-Travel,No
E100877,32,Female,Single,human resources,Manager,4,2,Marketing,Travel_Rarely,No
E100878,23,Male,Single,Research & Development,Manager,23,4,Life Sciences,Travel_Frequently,No
E100879,47,Male,Single,Human Resources,Manager,19,5,Medical,Travel_Rarely,No
E100880,55,Male,Single,Research & Development,Manufacturing Director,12,3,,Non-Travel,No
E100881,19,Female,Divorced,SALES,Sales Executive,15,1,Marketing,Travel_Rarely,No
E100882,32,Female,Married,SALES,Sales Executive,11,3,Other,Travel_Rarely,No
E100883,28,Male,Divorced,Research & Development,Laboratory Technician,5,5,Marketing,Travel_Frequently,No
E100884,25,Female,Married,Sales,Sales Executive,5,3,Other,Travel_Rarely,No
E100885,43,Male,Single,Research & Development,Manufacturing Director,15,4,Technical Degree,Travel_Frequently,No
E100886,22,Male,Divorced,Research & Development,Research Scientist,29,2,Human Resources,Travel_Rarely,No
E100887,23,Male,Married,research & development ,Manufacturing Director,18,5,Life Sciences,Travel_Rarely,No
E100888,43,Female,Single,research & development ,Manager,11,5,Human Resources,Travel_Rarely,No
E100889,21,Female,Single,SALES,Manager,26,3,Human Resources,Non-Travel,No
E100890,36,Male,Single,research & development ,Healthcare Representative,12,4,Other,Travel_Frequently,No
E100891,37,Male,Single,Research & Development,Laboratory Technician,2,3,,Travel_Rarely,Yes
E100892,50,Male,Married,HR,Human Resources,20,3,Marketing,Travel_Rarely,Yes
E100893,37,Male,Married,R&D,Laboratory Technician,15,5,Other,Travel_Rarely,No
E100894,29,Male,Single,HR,Human Resources,20,3,Human Resources,Travel_Frequently,No
E100895,18,Female,Single,research & development ,Laboratory Technician,4,2,Other,Non-Travel,No
E100896,43,Male,Divorced,Research & Development,Manufacturing Director,22,3,Technical Degree,Travel_Rarely,Yes
E100897,31,Male,Single,Sales,Manager,18,2,Other,Travel_Rarely,No
E100898,55,Male,Married,R&D,Research Scientist,6,5,Medical,Travel_Rarely,No
E100899,54,Female,Divorced,research & development ,Manufacturing Director,23,4,Marketing,Travel_Rarely,No
E100900,28,Female,Single,Research & Development,Laboratory Technician,27,2,Life Sciences,Travel_Rarely,No
E100901,53,Male,Single,R&D,Research Scientist,26,4,Medical,Travel_Rarely,No
E100902,30,Female,Married,research & development ,Manufacturing Director,19,4,Medical,Travel_Rarely,No
E100903,60,Male,Single,research & development ,Manufacturing Director,11,2,Medical,Travel_Rarely,No
E100904,20,Male,Married,research & development ,Manager,28,5,Human Resources,Travel_Frequently,Yes
E100905,50,Male,Divorced,Sales,Sales Executive,24,1,Other,Travel_Rarely,No
E100906,23,Male,Single,R&D,Manager,2,4,Other,Travel_Rarely,Yes
E100907,27,Male,Married,sales ,Sales Executive,27,4,Human Resources,Non-Travel,Yes
E100908,22,Female,Married,SALES,Sales Executive,8,5,Marketing,Travel_Rarely,Yes
E100909,40,Female,Single,Research & Development,Healthcare Representative,29,5,Human Resources,Travel_Frequently,No
E100910,27,Female,Married,Research & Development,Manager,11,3,Human Resources,Travel_Rarely,Yes
E100911,19,Male,Single,R&D,Laboratory Technician,5,5,Human Resources,Travel_Rarely,No
E100912,30,Male,Married,sales ,Sales Representative,18,4,Marketing,Travel_Rarely,No
E100913,57,Female,Single,research & development ,Manufacturing Director,23,2,Marketing,Travel_Rarely,Yes
E100914,19,Male,Married,R&D,Healthcare Representative,18,1,Technical Degree,Travel_Rarely,Yes
E100915,37,Male,Single,HR,Manager,14,3,Technical Degree,Travel_Rarely,No
E100916,18,Male,Divorced,HR,Human Resources,22,2,Technical Degree,Travel_Rarely,Yes
E100917,54,Female,Single,Research & Development,Manufacturing Director,10,1,Technical Degree,Travel_Rarely,No
E100918,26,Male,Married,Research & Development,Research Scientist,3,1,Other,Travel_Rarely,No
E100919,34,Male,Married,R&D,Research Scientist,9,1,Medical,Travel_Rarely,No
E100920,26,Female,Married,sales ,Manager,3,2,Medical,Travel_Frequently,Yes
E100921,28,Male,Married,Research & Development,Laboratory Technician,11,3,Technical Degree,Travel_Rarely,No
E100922,32,Male,Married,Research & Development,Manufacturing Director,12,3,Technical Degree,Travel_Rarely,No
E100923,41,Male,Married,human resources,Human Resources,12,1,Life Sciences,Travel_Rarely,No
E100924,55,Male,Divorced,SALES,Sales Executive,3,2,Medical,Travel_Rarely,No
E100925,52,Female,Single,research & development ,Research Scientist,21,1,Life Sciences,Travel_Rarely,No
E100926,47,Male,Married,R&D,Manager,7,5,Life Sciences,Travel_Rarely,No
E100927,48,Male,Divorced,research & development ,Manufacturing Director,14,3,Human Resources,Travel_Rarely,No
E100928,22,Female,Divorced,sales ,Manager,24,4,Other,Travel_Rarely,Yes
E100929,31,Female,Divorced,HR,Manager,28,1,Marketing,Travel_Rarely,Yes
E100930,28,Female,Married,research & development ,Research Scientist,11,5,Medical,Travel_Frequently,No
E100931,26,Male,Single,Research & Development,Laboratory Technician,7,3,Technical Degree,Non-Travel,No
E100932,51,Male,Married,Sales,Sales Executive,25,2,Technical Degree,Travel_Frequently,Yes
E100933,29,Female,Married,research & development ,Laboratory Technician,21,3,Marketing,Travel_Rarely,No
E100934,52,Female,Married,research & development ,Research Scientist,10,2,Medical,Travel_Rarely,No
E100935,52,Male,Married,Sales,Manager,11,2,Technical Degree,Travel_Rarely,No
E100936,18,Male,Divorced,sales ,Sales Representative,15,1,Technical Degree,Travel_Frequently,Yes
E100937,57,Male,Married,R&D,Laboratory Technician,19,1,Human Resources,Travel_Rarely,No
E100938,39,Female,Divorced,SALES,Sales Executive,16,3,Life Sciences,Travel_Frequently,No
E100939,46,Male,Married,SALES,Sales Representative,22,5,Technical Degree,Travel_Rarely,Yes
E100940,25,Male,Married,research & development ,Manufacturing Director,21,3,Other,Travel_Rarely,No
E100941,28,Male,Married,research & development ,Manufacturing Director,28,4,Medical,Travel_Frequently,No
E100942,58,Female,Married,SALES,Sales Executive,20,2,Other,Travel_Frequently,No
E100943,54,Female,Single,R&D,Manager,12,2,Marketing,Travel_Rarely,No
E100944,31,Male,Single,SALES,Manager,18,1,Human Resources,Travel_Frequently,No
E100945,47,Female,Divorced,SALES,Sales Representative,23,5,Medical,Travel_Rarely,No
E100946,52,Female,Single,SALES,Manager,13,1,Human Resources,Travel_Frequently,No
E100947,38,Male,Married,R&D,Laboratory Technician,5,4,Life Sciences,Travel_Frequently,No
E100948,54,Male,Married,SALES,Sales Representative,4,3,Technical Degree,Travel_Frequently,No
E100949,22,Male,Married,sales ,Sales Executive,28,3,Medical,Travel_Frequently,Yes
E100950,36,Female,Married,research & development ,Laboratory Technician,14,5,Marketing,Travel_Rarely,No
E100951,31,Male,Single,research & development ,Healthcare Representative,8,1,Life Sciences,Travel_Rarely,No
E100952,43,Female,Married,sales ,Manager,9,1,Life Sciences,Travel_Rarely,No
E100953,21,Female,Married,research & development ,Laboratory Technician,25,4,Human Resources,Non-Travel,No
E100954,42,Male,Married,SALES,Manager,19,3,Life Sciences,Travel_Rarely,No
E100955,59,Female,Single,R&D,Manager,3,1,Medical,Travel_Rarely,No
E100956,42,Male,Married,Research & Development,Healthcare Representative,5,5,Human Resources,Travel_Rarely,Yes
E100957,35,Male,Single,Research & Development,Laboratory Technician,21,3,Life Sciences,Travel_Rarely,No
E100958,57,Female,Single,Research & Development,Healthcare Representative,26,4,Marketing,Travel_Frequently,Yes
E100959,25,Female,Single,Research & Development,Manufacturing Director,18,5,Other,Travel_Rarely,No
E100960,56,Male,Single,Sales,Manager,1,2,Medical,Travel_Rarely,No
E100961,57,Female,Divorced,R&D,Manufacturing Director,8,4,Marketing,Travel_Rarely,No
E100962,31,Female,Single,sales ,Sales Representative,19,5,Marketing,Travel_Rarely,Yes
E100963,49,Male,Divorced,research & development ,Manager,17,1,Human Resources,Travel_Rarely,No
E100964,55,Female,Divorced,Human Resources,Manager,17,2,Technical Degree,Travel_Rarely,No
E100965,50,Male,Married,human resources,Human Resources,11,4,Human Resources,Travel_Rarely,No
E100966,40,,Single,R&D,Research Scientist,2,1,Medical,Travel_Rarely,No
E100967,32,Male,Married,research & development ,Manufacturing Director,6,2,Medical,Travel_Rarely,No
E100968,50,Female,Divorced,R&D,Manufacturing Director,22,3,Human Resources,Non-Travel,No
E100969,42,Female,Married,SALES,Sales Executive,14,1,Technical Degree,Travel_Rarely,Yes
E100970,34,Male,Single,research & development ,Research Scientist,3,5,Human Resources,Travel_Rarely,No
E100971,50,Male,Married,Research & Development,Laboratory Technician,12,4,Medical,Travel_Rarely,No
E100972,19,Female,Divorced,Research & Development,Healthcare Representative,4,2,Technical Degree,Travel_Rarely,Yes
E100973,31,Male,Divorced,R&D,Manufacturing Director,12,1,Medical,Travel_Rarely,Yes
E100974,57,Female,Single,sales ,Sales Executive,13,3,Technical Degree,Travel_Rarely,No
E100975,57,Female,Married,Research & Development,Laboratory Technician,2,4,Technical Degree,Travel_Rarely,No
E100976,56,Male,Single,human resources,Manager,2,4,Human Resources,Travel_Rarely,No
E100977,23,Female,Single,Sales,Manager,15,1,Human Resources,Travel_Rarely,No
E100978,23,Male,Divorced,R&D,Manager,23,3,Human Resources,Travel_Frequently,No
E100979,20,Female,Single,Human Resources,Human Resources,29,2,Technical Degree,Non-Travel,No
E100980,24,Female,Single,Research & Development,Manager,17,1,Technical Degree,Travel_Rarely,No
E100981,25,Female,Single,Research & Development,Research Scientist,7,2,Medical,Travel_Rarely,No
E100982,59,Male,Divorced,SALES,Manager,28,4,Marketing,Travel_Rarely,Yes
E100983,32,Female,Divorced,Research & Development,Research Scientist,14,2,Human Resources,Travel_Rarely,No
E100984,46,Male,Married,R&D,Manufacturing Director,12,3,Other,Travel_Rarely,Yes
E100985,50,Male,Married,research & development ,Research Scientist,17,5,Medical,Travel_Rarely,No
E100986,47,Male,Single,Research & Development,Healthcare Representative,14,3,Medical,Non-Travel,No
E100987,56,Male,Married,Sales,Manager,6,2,Life Sciences,Travel_Frequently,No
E100988,44,Male,Married,Sales,Manager,19,1,Human Resources,Travel_Rarely,No
E100989,53,Female,Single,human resources,Manager,24,4,Medical,Travel_Frequently,No
E100990,46,Female,Married,R&D,Manufacturing Director,6,5,Life Sciences,Travel_Frequently,No
E100991,55,Male,Divorced,R&D,Manufacturing Director,27,1,Other,Travel_Rarely,No
E100992,50,Female,Single,sales ,Manager,18,1,Other,Travel_Rarely,No
E100993,54,Male,Single,Research & Development,Healthcare Representative,24,3,Human Resources,Travel_Rarely,No
E100994,44,Female,Single,HR,Human Resources,5,2,Technical Degree,Travel_Frequently,Yes
E100995,50,Female,Single,research & development ,Research Scientist,24,3,Life Sciences,Travel_Rarely,No
E100996,21,Male,Divorced,Sales,Manager,24,2,Technical Degree,Travel_Frequently,No
E100997,39,Female,Married,R&D,Laboratory Technician,6,3,Other,Travel_Rarely,No
E100998,19,Male,Married,Research & Development,Research Scientist,2,1,Other,Travel_Frequently,No
E100999,27,Male,Married,Research & Development,Research Scientist,8,4,Marketing,Travel_Rarely,Yes
E101000,22,Female,Single,research & development ,Manager,15,2,,Travel_Frequently,No
E101001,27,Male,Married,R&D,Healthcare Representative,15,5,Marketing,Travel_Rarely,No
E101002,50,Male,Married,R&D,Manager,11,5,Marketing,Travel_Rarely,No
E101003,55,Male,Married,Research & Development,Healthcare Representative,22,1,Medical,Travel_Rarely,No
E101004,30,Female,Divorced,sales ,Sales Executive,22,3,Marketing,Travel_Rarely,No
E101005,48,Male,Married,Research & Development,Research Scientist,24,3,Medical,Travel_Rarely,No
E101006,53,Male,Married,SALES,Sales Executive,1,1,Medical,Travel_Rarely,No
E101007,41,Female,Divorced,HR,Human Resources,18,5,Human Resources,Travel_Rarely,No
E101008,32,Female,Single,research & development ,Laboratory Technician,12,5,Medical,Travel_Rarely,No
E101009,46,Male,Single,R&D,Manager,12,3,Medical,Travel_Rarely,No
E101010,25,Male,Single,research & development ,Manager,25,2,Marketing,Travel_Rarely,No
E101011,22,Male,Married,SALES,Sales Executive,11,4,Medical,Travel_Rarely,Yes
E101012,46,Male,Married,R&D,Manufacturing Director,28,2,Technical Degree,Non-Travel,No
E101013,21,,Married,research & development ,Laboratory Technician,8,5,Marketing,Travel_Rarely,No
E101014,29,Female,Divorced,sales ,Sales Representative,28,2,,Travel_Rarely,No
E101015,19,Female,Married,R&D,Manager,7,4,Marketing,Travel_Frequently,Yes
E101016,44,Female,Married,sales ,Manager,23,2,Medical,Travel_Rarely,Yes
E101017,48,Male,Single,research & development ,Manager,21,2,Technical Degree,Travel_Frequently,Yes
E101018,53,Female,Single,Research & Development,Laboratory Technician,2,2,Marketing,Travel_Rarely,No
E101019,53,Male,Married,sales ,Manager,11,2,Technical Degree,Travel_Rarely,No
E101020,43,Female,Married,Human Resources,Manager,22,1,Life Sciences,Travel_Rarely,Yes
E101021,60,Female,Divorced,Sales,Sales Executive,10,5,Other,Travel_Frequently,No
E101022,44,Male,Single,Sales,Sales Executive,3,4,Life Sciences,Travel_Rarely,No
E101023,22,Female,Single,SALES,Sales Representative,20,5,Other,Travel_Rarely,No
E101024,37,Male,Married,Research & Development,Research Scientist,29,1,Human Resources,Travel_Rarely,No
E101025,28,Female,Single,Research & Development,Manager,10,1,Other,Travel_Frequently,Yes
E101026,27,Male,Single,Research & Development,Healthcare Representative,28,1,Human Resources,Travel_Rarely,Yes
E101027,57,Male,Married,SALES,Manager,27,1,Marketing,Travel_Frequently,No
E101028,55,Female,Single,sales ,Sales Executive,18,2,Human Resources,Travel_Rarely,No
E101029,23,Male,Married,R&D,Healthcare Representative,14,5,Technical Degree,Non-Travel,No
E101030,25,Female,Single,Research & Development,Laboratory Technician,18,3,Human Resources,Travel_Rarely,No
E101031,40,Male,Single,research & development ,Healthcare Representative,28,4,Technical Degree,Travel_Rarely,No
E101032,43,Female,Married,sales ,Sales Representative,24,1,Other,Travel_Rarely,Yes
E101033,60,Female,Divorced,R&D,Manager,8,5,Other,Travel_Rarely,No
E101034,29,Male,Married,human resources,Manager,10,1,Other,Travel_Rarely,No
E101035,43,Male,Married,research & development ,Healthcare Representative,22,1,Human Resources,Travel_Rarely,No
E101036,30,Male,Single,R&D,Manufacturing Director,13,1,Other,Travel_Rarely,No
E101037,57,Male,Married,Sales,Sales Executive,21,1,Human Resources,Travel_Rarely,No
E101038,35,Male,Single,HR,Human Resources,8,1,Human Resources,Travel_Frequently,No
E101039,42,Female,Married,research & development ,Manufacturing Director,4,4,Medical,Travel_Rarely,Yes
E101040,50,Female,Married,Human Resources,Manager,27,5,Medical,Travel_Rarely,No
E101041,57,Female,Divorced,R&D,Research Scientist,4,1,Human Resources,Travel_Rarely,No
E101042,60,Female,Married,research & development ,Manager,5,1,Technical Degree,Travel_Rarely,Yes
E101043,29,Female,Single,human resources,Manager,1,1,Marketing,Travel_Rarely,No
E101044,53,Female,Single,SALES,Sales Executive,17,1,Life Sciences,Travel_Rarely,No
E101045,21,Male,Divorced,R&D,Healthcare Representative,2,2,Medical,Travel_Rarely,No
E101046,22,Female,Married,research & development ,Healthcare Representative,8,2,Human Resources,Travel_Rarely,No
E101047,54,Female,Married,Research & Development,Laboratory Technician,7,3,Life Sciences,Travel_Rarely,No
E101048,25,Male,Single,human resources,Human Resources,15,1,Medical,Travel_Frequently,Yes
E101049,59,Male,Married,SALES,Sales Representative,26,3,Marketing,Travel_Rarely,No
E101050,45,Male,Single,Research & Development,Healthcare Representative,25,4,Technical Degree,Travel_Rarely,No
E101051,48,Male,Divorced,R&D,Manager,5,3,Human Resources,Travel_Rarely,Yes
E101052,26,Female,Married,Sales,Manager,2,5,Marketing,Travel_Rarely,No
E101053,46,Male,Divorced,Research & Development,Healthcare Representative,7,2,,Travel_Rarely,No
E101054,31,Male,Single,Sales,Sales Executive,8,2,Human Resources,Travel_Frequently,No
E101055,57,Female,Married,R&D,Laboratory Technician,28,1,Life Sciences,Travel_Frequently,Yes
E101056,58,Male,Married,HR,Manager,7,1,Other,Travel_Rarely,No
E101057,39,Male,Single,research & development ,Manager,7,4,Technical Degree,Travel_Rarely,Yes
E101058,28,,Divorced,R&D,Healthcare Representative,28,4,Medical,Travel_Rarely,No
E101059,40,Female,Divorced,HR,Human Resources,14,5,Technical Degree,Travel_Rarely,No
E101060,18,Female,Divorced,Research & Development,Healthcare Representative,21,1,Human Resources,Travel_Frequently,No
E101061,54,Male,Married,research & development ,Manufacturing Director,18,1,Other,Non-Travel,No
E101062,38,Female,Single,R&D,Healthcare Representative,6,4,Marketing,Non-Travel,No
E101063,43,Male,Single,Research & Development,Manager,4,4,Technical Degree,Travel_Rarely,No
E101064,53,Female,Divorced,sales ,Sales Representative,10,4,Life Sciences,Travel_Rarely,No
E101065,40,Female,Single,HR,Human Resources,18,2,Medical,Travel_Rarely,No
E101066,18,Female,Married,Sales,Manager,12,3,Life Sciences,Travel_Rarely,No
E101067,57,Male,Married,Research & Development,Manager,16,3,Technical Degree,Travel_Frequently,No
E101068,32,Female,Married,Research & Development,Manufacturing Director,25,1,Other,Travel_Rarely,No
E101069,38,Female,Divorced,research & development ,Research Scientist,7,2,Marketing,Travel_Rarely,No
E101070,26,Male,Single,research & development ,Research Scientist,6,4,Marketing,Travel_Rarely,Yes
E101071,26,Female,Married,research & development ,Laboratory Technician,28,1,Life Sciences,Travel_Rarely,No
E101072,27,Male,Single,Research & Development,Laboratory Technician,5,2,Human Resources,Travel_Rarely,No
E101073,43,Female,Married,SALES,Sales Representative,3,5,Human Resources,Travel_Rarely,No
E101074,58,Male,Single,SALES,Sales Executive,12,2,Other,Travel_Frequently,No
E101075,52,Female,Married,sales ,Sales Executive,15,1,Marketing,Non-Travel,Yes
E101076,42,Male,Divorced,R&D,Healthcare Representative,10,3,Life Sciences,Travel_Frequently,Yes
E101077,43,Male,Divorced,Sales,Sales Representative,26,4,Life Sciences,Travel_Frequently,Yes
E101078,28,Male,Single,research & development ,Healthcare Representative,20,5,Life Sciences,Travel_Rarely,No
E101079,55,Male,Married,Research & Development,Research Scientist,19,2,Technical Degree,Travel_Rarely,No
E101080,19,Male,Divorced,SALES,Sales Executive,16,1,,Travel_Rarely,Yes
E101081,24,Male,Single,Research & Development,Manufacturing Director,28,1,Human Resources,Travel_Rarely,No
E101082,35,Male,Single,research & development ,Manager,11,4,Human Resources,Travel_Rarely,No
E101083,44,Male,Single,SALES,Sales Executive,8,1,Technical Degree,Travel_Rarely,No
E101084,51,Male,Married,research & development ,Manager,3,1,Medical,Travel_Rarely,No
E101085,44,Female,Single,Research & Development,Manager,23,4,Technical Degree,Travel_Frequently,Yes
E101086,34,Male,Divorced,Research & Development,Manager,7,5,Other,Travel_Rarely,No
E101087,60,Female,Married,research & development ,Research Scientist,23,3,Life Sciences,Travel_Frequently,No
E101088,41,,Married,Research & Development,Healthcare Representative,29,3,,Travel_Rarely,No
E101089,42,Female,Single,research & development ,Manufacturing Director,7,2,Life Sciences,Travel_Rarely,No
E101090,24,Male,Married,SALES,Sales Executive,14,5,Other,Travel_Rarely,No
E101091,23,Female,Married,Research & Development,Manufacturing Director,2,2,Other,Travel_Rarely,No
E101092,41,Male,Married,Research & Development,Research Scientist,10,3,Marketing,Non-Travel,No
E101093,50,Male,Married,sales ,Sales Executive,19,4,Life Sciences,Non-Travel,No
E101094,46,Male,Married,research & development ,Laboratory Technician,26,1,Human Resources,Travel_Rarely,No
E101095,60,Female,Divorced,human resources,Human Resources,9,3,Technical Degree,Travel_Frequently,No
E101096,39,Male,Divorced,Research & Development,Laboratory Technician,16,5,Other,Travel_Rarely,No
E101097,43,Male,Married,R&D,Manufacturing Director,19,3,Life Sciences,Travel_Rarely,No
E101098,45,Female,Single,Human Resources,Manager,18,5,Medical,Travel_Rarely,No
E101099,38,Female,Single,research & development ,Healthcare Representative,9,5,Marketing,Travel_Rarely,Yes
E101100,24,Male,Single,R&D,Laboratory Technician,16,5,Medical,Travel_Rarely,No
E101101,34,Male,Married,research & development ,Research Scientist,13,2,Other,Travel_Frequently,No
E101102,37,Female,Married,Research & Development,Manager,10,4,Medical,Travel_Rarely,No
E101103,58,Male,Married,Research & Development,Manufacturing Director,25,3,Medical,Travel_Rarely,No
E101104,37,Male,Divorced,research & development ,Research Scientist,20,4,Marketing,Travel_Rarely,Yes
E101105,39,Male,Divorced,Research & Development,Healthcare Representative,14,1,Marketing,Travel_Rarely,No
E101106,45,Female,Divorced,HR,Manager,12,3,Marketing,Travel_Rarely,No
E101107,57,Female,Single,Research & Development,Manager,25,4,Marketing,Travel_Rarely,No
E101108,24,Female,Married,sales ,Manager,19,4,Medical,Travel_Rarely,No
E101109,18,Female,Single,Research & Development,Healthcare Representative,7,1,Human Resources,Travel_Rarely,Yes
E101110,49,Male,Single,research & development ,Manager,23,5,Human Resources,Non-Travel,No
E101111,30,Male,Single,Sales,Sales Executive,15,3,Marketing,Travel_Rarely,Yes
E101112,47,Male,Married,R&D,Healthcare Representative,16,3,Technical Degree,Travel_Rarely,No
E101113,40,Male,Married,R&D,Manufacturing Director,27,1,Life Sciences,Travel_Frequently,No
E101114,36,Male,Divorced,research & development ,Manager,8,5,Other,Non-Travel,No
E101115,49,Female,Single,SALES,Sales Executive,10,3,Technical Degree,Travel_Rarely,No
E101116,47,Female,Married,research & development ,Laboratory Technician,4,3,Other,Travel_Rarely,No
E101117,46,Female,Married,Research & Development,Manufacturing Director,19,3,Technical Degree,Travel_Rarely,Yes
E101118,46,Male,Single,sales ,Manager,19,5,Technical Degree,Travel_Rarely,No
E101119,47,Female,Married,HR,Manager,28,1,Human Resources,Travel_Rarely,No
E101120,33,Female,Single,Research & Development,Manager,21,3,Life Sciences,Travel_Rarely,No
E101121,57,Male,Married,SALES,Sales Executive,27,4,,Travel_Rarely,No
E101122,36,Female,Married,research & development ,Manufacturing Director,15,5,Marketing,Travel_Rarely,No
E101123,35,Male,Single,R&D,Laboratory Technician,14,2,Other,Travel_Frequently,No
E101124,18,Male,Single,research & development ,Healthcare Representative,1,1,Human Resources,Travel_Frequently,No
E101125,31,Male,Married,SALES,Sales Executive,16,4,Other,Travel_Rarely,No
E101126,19,Male,Divorced,sales ,Sales Executive,10,3,Marketing,Travel_Frequently,No
E101127,45,Male,Married,SALES,Sales Representative,19,2,Marketing,Travel_Frequently,Yes
E101128,47,Female,Married,research & development ,Laboratory Technician,22,1,Technical Degree,Travel_Rarely,No
E101129,55,Female,Married,R&D,Research Scientist,3,5,Marketing,Travel_Rarely,No
E101130,21,Female,Divorced,sales ,Sales Representative,5,2,Life Sciences,Travel_Rarely,No
E101131,18,Female,Divorced,SALES,Manager,9,2,Marketing,Travel_Frequently,No
E101132,25,Male,Married,research & development ,Manager,18,4,Technical Degree,Travel_Rarely,No
E101133,46,Female,Married,human resources,Manager,11,1,Other,Travel_Frequently,No
E101134,56,Male,Divorced,research & development ,Manufacturing Director,16,4,Marketing,Travel_Rarely,No
E101135,20,Male,Married,human resources,Human Resources,2,4,Human Resources,Travel_Rarely,Yes
E101136,49,Male,Married,Research & Development,Laboratory Technician,12,3,Human Resources,Travel_Rarely,No
E101137,27,Male,Single,Sales,Manager,22,5,Human Resources,Travel_Rarely,Yes
E101138,27,Male,Divorced,Research & Development,Research Scientist,6,2,Other,Travel_Frequently,Yes
E101139,36,Male,Divorced,research & development ,Research Scientist,11,1,Medical,Travel_Rarely,No
E101140,51,Male,Single,Research & Development,Manager,27,5,Human Resources,Travel_Rarely,Yes
E101141,50,Female,Married,human resources,Human Resources,8,5,Human Resources,Non-Travel,No
E101142,40,Male,Married,sales ,Sales Representative,12,1,Medical,Travel_Rarely,No
E101143,45,Male,Single,Sales,Sales Executive,29,5,Other,Travel_Rarely,No
E101144,49,Male,Divorced,R&D,Laboratory Technician,27,3,Human Resources,Travel_Frequently,No
E101145,24,Female,Single,Sales,Sales Executive,2,5,Technical Degree,Travel_Rarely,Yes
E101146,46,Male,Single,Sales,Sales Representative,9,3,Other,Travel_Rarely,Yes
E101147,25,Male,Married,SALES,Sales Representative,15,2,Human Resources,Travel_Frequently,No
E101148,18,Male,Married,sales ,Sales Representative,2,2,Human Resources,Travel_Frequently,No
E101149,20,Male,Single,research & development ,Manager,29,4,Medical,Travel_Rarely,No
E101150,41,Male,Married,Sales,Manager,1,3,Technical Degree,Travel_Rarely,No
E101151,40,Male,Married,R&D,Manufacturing Director,10,2,Other,Travel_Rarely,No
E101152,25,Male,Single,R&D,Manager,2,5,,Non-Travel,Yes
E101153,54,Male,Single,Research & Development,Laboratory Technician,12,1,Life Sciences,Travel_Rarely,Yes
E101154,20,Male,Married,sales ,Sales Executive,23,1,Technical Degree,Travel_Rarely,Yes
E101155,50,Female,Single,research & development ,Healthcare Representative,8,3,Marketing,Non-Travel,No
E101156,45,Male,Divorced,Sales,Sales Representative,5,4,Technical Degree,Travel_Frequently,No
E101157,25,Male,Divorced,research & development ,Manager,22,5,Marketing,Travel_Frequently,Yes
E101158,51,Male,Divorced,R&D,Research Scientist,28,3,Marketing,Travel_Rarely,Yes
E101159,52,Female,Single,R&D,Research Scientist,1,1,Technical Degree,Travel_Rarely,No
E101160,49,Male,Divorced,R&D,Laboratory Technician,15,3,Medical,Travel_Rarely,No
E101161,41,Male,Married,research & development ,Laboratory Technician,6,5,Technical Degree,Travel_Rarely,No
E101162,31,Female,Married,research & development ,Healthcare Representative,12,2,Technical Degree,Travel_Rarely,No
E101163,49,Male,Single,Research & Development,Manager,8,5,Marketing,Travel_Rarely,No
E101164,60,Male,Single,R&D,Manager,13,2,Life Sciences,Non-Travel,No
E101165,33,Male,Married,R&D,Manufacturing Director,19,2,Marketing,Travel_Rarely,No
E101166,21,Female,Married,R&D,Manufacturing Director,27,2,Human Resources,Travel_Rarely,No
E101167,54,Male,Single,human resources,Manager,1,3,Technical Degree,Travel_Rarely,Yes
E101168,38,Female,Married,HR,Human Resources,11,1,Other,Travel_Rarely,No
E101169,31,Female,Single,R&D,Manufacturing Director,20,3,Technical Degree,Travel_Frequently,No
E101170,48,Male,Married,Research & Development,Manufacturing Director,1,1,Medical,Travel_Rarely,No
E101171,35,Male,Married,Sales,Sales Executive,8,5,Other,Travel_Rarely,No
E101172,24,Male,Divorced,human resources,Manager,5,4,Marketing,Travel_Rarely,No
E101173,27,Male,Divorced,Sales,Manager,17,5,Medical,Travel_Rarely,No
E101174,24,Male,Married,research & development ,Research Scientist,8,3,Technical Degree,Non-Travel,No
E101175,50,Female,Married,Sales,Manager,25,3,Marketing,Travel_Frequently,Yes
E101176,40,Female,Married,Sales,Manager,10,1,Marketing,Travel_Frequently,No
E101177,38,,Divorced,Research & Development,Manager,2,3,Human Resources,Travel_Rarely,No
E101178,36,,Married,Human Resources,Human Resources,9,2,Human Resources,Travel_Rarely,No
E101179,36,Female,Single,sales ,Manager,24,3,Life Sciences,Travel_Rarely,No
E101180,53,Female,Single,R&D,Healthcare Representative,23,1,Human Resources,Travel_Rarely,Yes
E101181,46,Female,Married,sales ,Sales Representative,3,1,Other,Travel_Rarely,No
E101182,35,Male,Married,sales ,Sales Representative,18,2,Marketing,Non-Travel,No
E101183,19,Female,Divorced,Research & Development,Healthcare Representative,7,1,Human Resources,Travel_Frequently,No
E101184,18,Male,Single,R&D,Manager,15,4,Life Sciences,Non-Travel,No
E101185,22,Male,Married,sales ,Manager,21,5,Technical Degree,Travel_Rarely,No
E101186,37,Male,Divorced,Research & Development,Laboratory Technician,22,3,Other,Non-Travel,No
E101187,28,Female,Divorced,SALES,Sales Representative,20,4,Human Resources,Travel_Rarely,No
E101188,59,Female,Married,Research & Development,Healthcare Representative,18,3,Marketing,Travel_Frequently,Yes
E101189,19,Male,Married,Human Resources,Manager,25,4,Technical Degree,Travel_Rarely,Yes
E101190,20,Male,Single,human resources,Human Resources,3,3,Marketing,Travel_Rarely,No
E101191,40,Male,Divorced,R&D,Research Scientist,28,2,Technical Degree,Travel_Rarely,No
E101192,29,Male,Single,R&D,Manufacturing Director,23,1,Other,Travel_Rarely,No
E101193,37,Male,Divorced,Human Resources,Human Resources,14,1,Marketing,Travel_Rarely,No
E101194,22,Male,Married,sales ,Sales Representative,24,2,Human Resources,Travel_Rarely,Yes
E101195,54,Female,Married,Research & Development,Laboratory Technician,2,4,Human Resources,Travel_Rarely,No
E101196,55,Male,Single,Human Resources,Manager,14,5,Life Sciences,Non-Travel,No
E101197,47,Male,Married,sales ,Sales Representative,22,4,Technical Degree,Travel_Rarely,No
E101198,26,Male,Married,sales ,Sales Representative,11,1,Life Sciences,Travel_Frequently,No
E101199,51,Female,Single,HR,Human Resources,16,5,Medical,Travel_Rarely,Yes
E101200,52,Female,Married,Research & Development,Manager,8,3,Human Resources,Travel_Rarely,No
E101201,39,Female,Divorced,sales ,Sales Executive,7,5,Technical Degree,Travel_Frequently,No
E101202,41,Male,Married,sales ,Sales Representative,11,4,Other,Travel_Frequently,No
E101203,34,Male,Married,Research & Development,Healthcare Representative,3,2,Life Sciences,Travel_Rarely,No
E101204,27,Male,Single,R&D,Laboratory Technician,17,3,Other,Non-Travel,Yes
E101205,47,Female,Married,research & development ,Manager,14,4,,Travel_Frequently,No
E101206,40,Female,Single,human resources,Manager,6,3,Other,Travel_Frequently,No
E101207,49,Female,Married,SALES,Sales Executive,8,5,Life Sciences,Travel_Rarely,No
E101208,34,Female,Divorced,R&D,Laboratory Technician,22,1,Medical,Travel_Frequently,No
E101209,34,Female,Married,R&D,Healthcare Representative,5,4,Life Sciences,Travel_Rarely,No
E101210,31,Male,Single,R&D,Research Scientist,27,2,Marketing,Travel_Rarely,No
E101211,26,Female,Married,SALES,Manager,28,5,Human Resources,Travel_Rarely,Yes
E101212,57,Male,Married,HR,Manager,8,4,Life Sciences,Travel_Frequently,No
E101213,19,Male,Married,Research & Development,Manager,2,2,Life Sciences,Travel_Rarely,No
E101214,42,Male,Divorced,research & development ,Manufacturing Director,15,4,Medical,Travel_Rarely,No
E101215,56,Male,Divorced,research & development ,Healthcare Representative,12,5,Marketing,Non-Travel,No
E101216,26,Male,Married,sales ,Sales Representative,17,4,Life Sciences,Travel_Rarely,No
E101217,39,Male,Married,Research & Development,Research Scientist,1,3,Human Resources,Travel_Frequently,No
E101218,60,Male,Single,Research & Development,Laboratory Technician,15,5,Human Resources,Travel_Rarely,No
E101219,21,Male,Single,research & development ,Laboratory Technician,14,4,Life Sciences,Travel_Rarely,No
E101220,43,Male,Married,HR,Manager,20,1,Other,Travel_Rarely,No
E101221,46,Male,Married,Research & Development,Research Scientist,22,4,Other,Travel_Rarely,No
E101222,51,Male,Married,Research & Development,Manufacturing Director,16,3,Marketing,Travel_Frequently,Yes
E101223,40,Male,Married,Research & Development,Laboratory Technician,29,2,Human Resources,Travel_Rarely,No
E101224,54,Female,Single,sales ,Sales Executive,9,2,Other,Travel_Rarely,Yes
E101225,28,Female,Married,research & development ,Manufacturing Director,1,2,Human Resources,Travel_Rarely,Yes
E101226,23,Female,Single,R&D,Laboratory Technician,28,1,Marketing,Travel_Rarely,No
E101227,35,Female,Single,research & development ,Research Scientist,17,3,Marketing,Travel_Rarely,No
E101228,38,Male,Divorced,R&D,Healthcare Representative,29,5,Other,Travel_Rarely,No
E101229,59,Female,Single,research & development ,Laboratory Technician,13,2,Life Sciences,Travel_Frequently,No
E101230,53,Male,Married,R&D,Laboratory Technician,21,3,,Travel_Rarely,No
E101231,58,Male,Single,Research & Development,Research Scientist,26,4,Medical,Travel_Rarely,No
E101232,55,Female,Divorced,research & development ,Laboratory Technician,21,1,Technical Degree,Travel_Rarely,No
E101233,51,Male,Married,Research & Development,Manufacturing Director,5,3,Technical Degree,Travel_Rarely,No
E101234,34,Female,Single,sales ,Sales Representative,10,3,Human Resources,Travel_Rarely,Yes
E101235,54,Female,Married,Sales,Sales Representative,6,5,Marketing,Travel_Frequently,No
E101236,42,Female,Married,Research & Development,Manager,24,3,Human Resources,Travel_Rarely,No
E101237,55,Female,Divorced,sales ,Sales Representative,19,5,Other,Travel_Rarely,No
E101238,29,Male,Single,SALES,Manager,25,1,Medical,Travel_Rarely,No
E101239,40,Male,Divorced,R&D,Research Scientist,13,1,Other,Travel_Rarely,Yes
E101240,59,Male,Divorced,R&D,Manufacturing Director,1,4,Life Sciences,Travel_Rarely,No
E101241,39,Male,Divorced,R&D,Manager,20,5,Medical,Travel_Rarely,No
E101242,38,Female,Married,HR,Human Resources,25,5,Human Resources,Travel_Rarely,No
E101243,44,Female,Married,R&D,Laboratory Technician,15,2,Human Resources,Travel_Rarely,No
E101244,48,Female,Married,R&D,Laboratory Technician,14,2,Other,Travel_Rarely,No
E101245,23,Male,Married,SALES,Sales Representative,8,4,Human Resources,Travel_Rarely,No
E101246,44,Male,Married,R&D,Healthcare Representative,10,1,Human Resources,Travel_Frequently,No
E101247,57,Male,Married,research & development ,Manufacturing Director,9,2,Technical Degree,Travel_Rarely,No
E101248,51,Male,Married,Research & Development,Healthcare Representative,17,3,Life Sciences,Travel_Rarely,No
E101249,29,Female,Married,Research & Development,Manager,9,1,Technical Degree,Travel_Rarely,No
E101250,24,Male,Divorced,Research & Development,Laboratory Technician,3,3,Human Resources,Non-Travel,No
E101251,27,Male,Single,Sales,Sales Representative,11,5,Marketing,Travel_Rarely,No
E101252,34,Male,Divorced,R&D,Laboratory Technician,12,1,Technical Degree,Non-Travel,No
E101253,43,Female,Married,research & development ,Research Scientist,10,4,Human Resources,Travel_Rarely,No
E101254,38,Female,Divorced,Research & Development,Manager,25,5,Human Resources,Non-Travel,No
E101255,45,Male,Married,Sales,Manager,17,5,Life Sciences,Travel_Rarely,No
E101256,19,Male,Married,Human Resources,Manager,17,3,Other,Travel_Rarely,No
E101257,60,Male,Divorced,Human Resources,Manager,25,5,Medical,Travel_Rarely,No
E101258,18,Male,Single,sales ,Sales Representative,11,2,Technical Degree,Travel_Rarely,Yes
E101259,53,Female,Divorced,R&D,Manager,22,1,Technical Degree,Non-Travel,Yes
E101260,43,Female,Married,R&D,Laboratory Technician,4,2,Technical Degree,Travel_Rarely,No
E101261,46,,Married,Human Resources,Manager,7,3,Human Resources,Travel_Rarely,Yes
E101262,38,Male,Single,R&D,Manufacturing Director,21,3,Life Sciences,Travel_Rarely,No
E101263,28,Female,Married,Research & Development,Manager,26,1,Human Resources,Travel_Rarely,Yes
E101264,57,Male,Married,R&D,Healthcare Representative,14,5,Human Resources,Travel_Rarely,Yes
E101265,28,Female,Single,research & development ,Research Scientist,7,4,,Travel_Rarely,No
E101266,53,Male,Single,SALES,Manager,24,3,Marketing,Travel_Rarely,No
E101267,56,Male,Single,R&D,Manager,8,1,Life Sciences,Travel_Rarely,No
E101268,57,Male,Divorced,sales ,Sales Representative,1,4,Technical Degree,Travel_Rarely,No
E101269,52,Male,Divorced,Sales,Sales Representative,24,5,Medical,Travel_Rarely,No
E101270,51,Female,Married,R&D,Manager,22,3,Technical Degree,Non-Travel,No
E101271,41,Male,Married,research & development ,Research Scientist,4,1,Human Resources,Travel_Rarely,No
E101272,39,Male,Married,R&D,Manager,29,1,Life Sciences,Travel_Rarely,No
E101273,22,Male,Married,Research & Development,Laboratory Technician,12,1,Life Sciences,Travel_Frequently,Yes
E101274,50,Male,Divorced,R&D,Healthcare Representative,24,3,Life Sciences,Travel_Rarely,No
E101275,53,Male,Divorced,Sales,Manager,3,4,Marketing,Travel_Rarely,No
E101276,37,Male,Married,Research & Development,Healthcare Representative,13,1,Technical Degree,Travel_Rarely,No
E101277,36,Female,Divorced,Human Resources,Manager,20,5,Marketing,Travel_Rarely,No
E101278,52,Male,Single,Research & Development,Laboratory Technician,6,1,Other,Travel_Rarely,No
E101279,60,Male,Divorced,Research & Development,Research Scientist,11,4,Medical,Travel_Rarely,No
E101280,34,Female,Single,research & development ,Manager,23,3,Other,Travel_Rarely,No
E101281,60,Male,Married,Human Resources,Manager,4,1,Human Resources,Non-Travel,No
E101282,51,Female,Married,Sales,Sales Executive,20,1,Marketing,Travel_Rarely,No
E101283,26,Male,Married,research & development ,Healthcare Representative,16,5,Marketing,Non-Travel,Yes
E101284,43,Female,Single,R&D,Manufacturing Director,7,5,Other,Travel_Rarely,Yes
E101285,19,Female,Divorced,research & development ,Manufacturing Director,22,1,Human Resources,Travel_Rarely,No
E101286,26,Female,Single,Sales,Sales Executive,29,1,Life Sciences,Travel_Rarely,No
E101287,26,Female,Married,research & development ,Laboratory Technician,11,5,Human Resources,Travel_Rarely,No
E101288,57,Male,Single,SALES,Sales Executive,24,4,Technical Degree,Travel_Rarely,No
E101289,34,Female,Single,R&D,Manager,1,2,Other,Travel_Rarely,Yes
E101290,18,Male,Married,Research & Development,Laboratory Technician,26,2,Human Resources,Travel_Rarely,Yes
E101291,42,Male,Married,sales ,Sales Executive,29,1,Life Sciences,Travel_Rarely,No
E101292,60,Male,Single,research & development ,Healthcare Representative,27,5,Human Resources,Non-Travel,No
E101293,57,Male,Single,Sales,Sales Executive,7,3,Marketing,Travel_Rarely,No
E101294,59,,Married,research & development ,Manufacturing Director,12,3,Medical,Travel_Rarely,No
E101295,42,Male,Married,Research & Development,Research Scientist,7,2,Marketing,Travel_Frequently,Yes
E101296,56,Male,Divorced,SALES,Sales Executive,27,4,Medical,Travel_Rarely,No
E101297,52,Female,Single,SALES,Sales Executive,23,2,Human Resources,Travel_Rarely,No
E101298,20,Female,Married,HR,Human Resources,7,1,Technical Degree,Travel_Rarely,No
E101299,54,Male,Single,sales ,Manager,10,4,Human Resources,Travel_Rarely,No
E101300,47,,Single,sales ,Manager,16,3,Life Sciences,Travel_Rarely,No
E101301,55,Male,Married,R&D,Research Scientist,26,5,Human Resources,Travel_Rarely,No
E101302,51,Male,Married,R&D,Manufacturing Director,8,5,Medical,Travel_Rarely,No
E101303,29,Male,Single,R&D,Healthcare Representative,9,1,Marketing,Travel_Rarely,No
E101304,36,Male,Single,sales ,Sales Executive,9,2,Technical Degree,Travel_Rarely,Yes
E101305,54,Male,Single,SALES,Manager,2,1,Human Resources,Non-Travel,No
E101306,34,Female,Divorced,SALES,Sales Executive,13,5,Human Resources,Travel_Rarely,No
E101307,27,Male,Divorced,Sales,Sales Representative,13,3,Marketing,Travel_Rarely,No
E101308,29,Male,Single,research & development ,Laboratory Technician,23,5,Technical Degree,Travel_Rarely,Yes
E101309,33,Male,Single,Research & Development,Manufacturing Director,23,4,Other,Travel_Rarely,Yes
E101310,41,Male,Divorced,SALES,Sales Executive,4,5,Human Resources,Travel_Frequently,Yes
E101311,36,Male,Divorced,Research & Development,Laboratory Technician,25,5,Human Resources,Travel_Rarely,No
E101312,25,Female,Married,Research & Development,Manufacturing Director,24,4,Other,Travel_Rarely,Yes
E101313,48,Male,Single,Human Resources,Human Resources,12,2,Medical,Travel_Rarely,No
E101314,38,Male,Single,HR,Human Resources,17,5,Medical,Travel_Rarely,No
E101315,34,Female,Married,Research & Development,Manager,2,1,Life Sciences,Travel_Rarely,No
E101316,40,Female,Married,sales ,Sales Representative,13,5,Marketing,Travel_Rarely,No
E101317,54,Female,Single,Sales,Manager,29,1,Technical Degree,Travel_Rarely,No
E101318,33,Male,Married,Research & Development,Laboratory Technician,18,4,Human Resources,Non-Travel,No
E101319,23,Female,Single,sales ,Manager,28,5,Human Resources,Travel_Frequently,Yes
E101320,25,,Divorced,research & development ,Research Scientist,28,4,Life Sciences,Travel_Rarely,No
E101321,42,Male,Single,research & development ,Laboratory Technician,27,4,Human Resources,Travel_Frequently,No
E101322,35,Male,Single,R&D,Laboratory Technician,15,2,Marketing,Travel_Rarely,No
E101323,42,,Married,Research & Development,Healthcare Representative,8,5,Life Sciences,Travel_Frequently,No
E101324,29,Male,Married,research & development ,Laboratory Technician,15,1,Marketing,Travel_Rarely,No
E101325,32,,Divorced,R&D,Manager,1,1,Life Sciences,Travel_Rarely,No
E101326,43,Female,Married,research & development ,Manufacturing Director,20,5,Human Resources,Travel_Rarely,No
E101327,58,Female,Single,sales ,Sales Executive,10,2,Life Sciences,Travel_Rarely,Yes
E101328,43,Female,Married,Research & Development,Manager,12,2,Medical,Travel_Frequently,Yes
E101329,49,Male,Single,SALES,Manager,5,2,Technical Degree,Travel_Rarely,No
E101330,27,Female,Divorced,research & development ,Manager,9,1,Human Resources,Travel_Rarely,No
E101331,33,Male,Married,Research & Development,Manager,23,4,Other,Travel_Frequently,No
E101332,24,Female,Married,R&D,Manager,8,2,Technical Degree,Travel_Frequently,No
E101333,34,Male,Single,research & development ,Research Scientist,16,1,Human Resources,Non-Travel,No
E101334,40,Female,Married,R&D,Healthcare Representative,14,1,Technical Degree,Travel_Rarely,No
E101335,43,Male,Divorced,Research & Development,Laboratory Technician,27,4,Medical,Travel_Rarely,No
E101336,38,Female,Divorced,SALES,Manager,25,5,Technical Degree,Non-Travel,No
E101337,39,Female,Single,Research & Development,Manager,13,5,Life Sciences,Travel_Frequently,Yes
E101338,24,Male,Single,R&D,Laboratory Technician,23,2,Technical Degree,Travel_Rarely,Yes
E101339,31,Male,Divorced,research & development ,Laboratory Technician,21,2,Human Resources,Travel_Rarely,Yes
E101340,32,Female,Divorced,Human Resources,Human Resources,13,4,Other,Travel_Frequently,No
E101341,24,Male,Single,sales ,Manager,5,2,Other,Travel_Rarely,No
E101342,26,Female,Married,research & development ,Laboratory Technician,16,4,Marketing,Travel_Frequently,No
E101343,25,Male,Married,research & development ,Manufacturing Director,26,1,Technical Degree,Travel_Rarely,No
E101344,40,Male,Divorced,Human Resources,Manager,11,2,Other,Travel_Frequently,No
E101345,46,Male,Single,SALES,Sales Representative,22,1,Technical Degree,Travel_Rarely,Yes
E101346,35,Male,Single,research & development ,Manager,5,3,Other,Non-Travel,No
E101347,48,Female,Married,R&D,Research Scientist,13,4,Technical Degree,Travel_Rarely,No
E101348,47,Male,Single,SALES,Sales Representative,28,3,Human Resources,Travel_Rarely,No
E101349,56,Male,Married,research & development ,Healthcare Representative,11,2,Technical Degree,Travel_Rarely,No
E101350,52,Male,Married,R&D,Manufacturing Director,25,1,Human Resources,Travel_Rarely,Yes
E101351,35,Male,Married,R&D,Manufacturing Director,19,2,Human Resources,Travel_Rarely,No
E101352,59,Female,Married,R&D,Research Scientist,3,3,Marketing,Travel_Rarely,No
E101353,56,Female,Married,R&D,Research Scientist,15,2,Other,Travel_Rarely,No
E101354,34,Male,Single,Research & Development,Laboratory Technician,7,5,Life Sciences,Travel_Rarely,No
E101355,31,Female,Married,R&D,Manager,7,3,Human Resources,Travel_Rarely,No
E101356,48,Female,Divorced,SALES,Manager,6,2,Other,Travel_Rarely,No
E101357,41,Male,Married,sales ,Sales Executive,3,1,Medical,Travel_Rarely,No
E101358,52,Female,Single,Research & Development,Healthcare Representative,13,2,Technical Degree,Travel_Frequently,No
E101359,51,Male,Single,research & development ,Manager,7,1,Medical,Travel_Rarely,Yes
E101360,20,Male,Single,SALES,Manager,5,5,Technical Degree,Travel_Rarely,Yes
E101361,54,Female,Married,R&D,Manufacturing Director,23,2,Marketing,Travel_Rarely,No
E101362,60,Male,Married,R&D,Manager,18,5,Human Resources,Travel_Rarely,No
E101363,57,Female,Married,sales ,Manager,22,3,Life Sciences,Travel_Rarely,No
E101364,43,Female,Single,research & development ,Manager,8,1,Human Resources,Travel_Rarely,Yes
E101365,40,Male,Single,Sales,Manager,17,3,Technical Degree,Travel_Rarely,No
E101366,56,Female,Married,human resources,Manager,20,1,Life Sciences,Travel_Rarely,No
E101367,32,Male,Married,research & development ,Manager,27,5,Human Resources,Travel_Rarely,No
E101368,21,Male,Single,R&D,Healthcare Representative,1,4,Life Sciences,Travel_Rarely,Yes
E101369,46,Female,Married,sales ,Sales Representative,14,2,Technical Degree,Travel_Rarely,No
E101370,39,Female,Single,Research & Development,Healthcare Representative,17,5,Marketing,Travel_Rarely,No
E101371,42,Male,Divorced,R&D,Manufacturing Director,10,1,Marketing,Travel_Frequently,No
E101372,30,Male,Divorced,Research & Development,Healthcare Representative,12,1,Human Resources,Travel_Rarely,No
E101373,35,Female,Single,SALES,Sales Representative,16,1,Medical,Travel_Frequently,Yes
E101374,50,Female,Single,Research & Development,Manager,14,1,Technical Degree,Travel_Rarely,No
E101375,33,Female,Married,research & development ,Research Scientist,27,2,Human Resources,Travel_Frequently,No
E101376,59,Male,Single,Research & Development,Healthcare Representative,16,3,Human Resources,Travel_Rarely,No
E101377,19,Male,Married,research & development ,Research Scientist,8,4,Marketing,Travel_Rarely,No
E101378,52,Male,Divorced,R&D,Healthcare Representative,23,2,Life Sciences,Travel_Rarely,No
E101379,59,Female,Married,research & development ,Healthcare Representative,28,1,Technical Degree,Travel_Rarely,Yes
E101380,51,Male,Divorced,sales ,Sales Executive,10,2,Life Sciences,Travel_Rarely,No
E101381,47,Male,Married,Research & Development,Manufacturing Director,29,5,Other,Travel_Frequently,Yes
E101382,30,Female,Single,Sales,Sales Representative,17,1,Other,Travel_Rarely,No
E101383,30,Male,Married,Research & Development,Laboratory Technician,27,4,Technical Degree,Travel_Rarely,No
E101384,35,Female,Married,Sales,Sales Representative,29,1,Medical,Travel_Frequently,No
E101385,49,Female,Married,research & development ,Manufacturing Director,18,4,Other,Travel_Frequently,No
E101386,49,Female,Single,sales ,Sales Executive,20,4,Marketing,Travel_Rarely,No
E101387,52,Male,Single,research & development ,Laboratory Technician,16,3,Medical,Travel_Frequently,No
E101388,56,Male,Divorced,research & development ,Research Scientist,17,3,Human Resources,Non-Travel,No
E101389,46,Female,Single,sales ,Manager,16,2,Other,Non-Travel,No
E101390,46,Female,Divorced,Sales,Sales Representative,19,2,Marketing,Non-Travel,No
E101391,33,Female,Divorced,sales ,Manager,24,4,Human Resources,Travel_Rarely,No
E101392,27,Male,Divorced,R&D,Manager,24,1,Medical,Non-Travel,Yes
E101393,47,Female,Married,Research & Development,Laboratory Technician,8,5,Technical Degree,Non-Travel,No
E101394,42,Female,Married,Research & Development,Manager,6,5,Human Resources,Travel_Rarely,No
E101395,56,Female,Divorced,Sales,Sales Representative,6,1,,Travel_Rarely,No
E101396,37,Female,Single,Research & Development,Manufacturing Director,21,1,Technical Degree,Travel_Rarely,No
E101397,22,Female,Married,Research & Development,Manufacturing Director,29,3,Technical Degree,Non-Travel,No
E101398,18,Female,Married,research & development ,Healthcare Representative,9,5,Medical,Travel_Rarely,Yes
E101399,47,Male,Married,Research & Development,Healthcare Representative,4,4,,Travel_Rarely,No
E101400,20,Male,Married,sales ,Manager,26,2,Marketing,Travel_Rarely,No
E101401,31,Male,Married,SALES,Manager,12,3,Marketing,Travel_Frequently,No
E101402,47,Male,Married,sales ,Sales Executive,28,5,Life Sciences,Travel_Frequently,No
E101403,21,Male,Divorced,SALES,Manager,12,1,Technical Degree,Travel_Rarely,No
E101404,35,Male,Single,Sales,Sales Executive,23,5,Life Sciences,Travel_Rarely,No
E101405,54,Male,Divorced,SALES,Manager,17,4,Life Sciences,Travel_Frequently,Yes
E101406,42,Male,Married,Research & Development,Manager,15,3,Medical,Travel_Rarely,No
E101407,18,Female,Divorced,HR,Manager,9,1,Life Sciences,Travel_Rarely,Yes
E101408,32,Female,Married,Research & Development,Healthcare Representative,7,4,Life Sciences,Travel_Rarely,No
E101409,26,Male,Married,R&D,Manufacturing Director,10,2,Human Resources,Travel_Rarely,No
E101410,32,Female,Single,research & development ,Manufacturing Director,16,3,,Travel_Rarely,Yes
E101411,41,Male,Divorced,Sales,Sales Executive,12,4,Marketing,Travel_Rarely,No
E101412,21,Male,Single,research & development ,Healthcare Representative,25,4,Technical Degree,Travel_Rarely,Yes
E101413,29,Male,Divorced,sales ,Sales Executive,7,1,Marketing,Travel_Rarely,Yes
E101414,54,Male,Divorced,research & development ,Laboratory Technician,18,2,Other,Travel_Frequently,No
E101415,54,Female,Single,research & development ,Manager,15,4,Technical Degree,Travel_Rarely,No
E101416,60,Female,Single,human resources,Manager,6,3,Human Resources,Travel_Rarely,No
E101417,23,Male,Married,Sales,Sales Representative,26,4,Marketing,Travel_Rarely,No
E101418,56,Male,Single,sales ,Sales Representative,12,5,Human Resources,Travel_Rarely,No
E101419,41,Male,Divorced,HR,Human Resources,11,3,Marketing,Travel_Rarely,No
E101420,28,Male,Single,SALES,Sales Executive,20,3,Marketing,Travel_Rarely,Yes
E101421,30,,Single,Research & Development,Laboratory Technician,3,4,Human Resources,Travel_Rarely,No
E101422,51,Male,Divorced,R&D,Manager,2,1,Life Sciences,Travel_Rarely,No
E101423,42,Female,Married,R&D,Laboratory Technician,6,3,Life Sciences,Travel_Rarely,No
E101424,24,Female,Divorced,HR,Human Resources,24,5,,Travel_Frequently,No
E101425,21,Male,Married,Human Resources,Manager,22,1,Other,Travel_Frequently,Yes
E101426,25,Female,Married,SALES,Sales Executive,25,1,Life Sciences,Travel_Rarely,No
E101427,37,Male,Married,research & development ,Manufacturing Director,5,1,,Travel_Frequently,No
E101428,46,Male,Married,R&D,Healthcare Representative,18,3,Medical,Travel_Rarely,No
E101429,27,Male,Married,R&D,Healthcare Representative,16,1,Human Resources,Travel_Frequently,No
E101430,60,Female,Married,SALES,Sales Executive,8,4,Medical,Travel_Rarely,No
E101431,51,Female,Married,R&D,Manufacturing Director,25,1,Other,Travel_Rarely,No
E101432,43,,Single,human resources,Manager,26,5,,Travel_Rarely,Yes
E101433,58,Male,Married,HR,Manager,20,2,Technical Degree,Travel_Frequently,No
E101434,20,Female,Single,research & development ,Manager,22,5,Life Sciences,Travel_Rarely,Yes
E101435,23,Male,Married,Sales,Sales Executive,11,3,Other,Travel_Rarely,No
E101436,22,Female,Single,Research & Development,Laboratory Technician,10,1,Marketing,Travel_Frequently,No
E101437,22,Male,Married,Research & Development,Laboratory Technician,24,1,Life Sciences,Travel_Rarely,No
E101438,40,Male,Married,R&D,Manager,25,4,Life Sciences,Travel_Rarely,Yes
E101439,26,Male,Single,research & development ,Manager,12,1,Medical,Non-Travel,No
E101440,52,Female,Single,Sales,Sales Representative,21,5,Technical Degree,Travel_Frequently,No
E101441,37,Male,Single,R&D,Healthcare Representative,28,3,Life Sciences,Travel_Frequently,Yes
E101442,59,Female,Married,Research & Development,Research Scientist,6,2,Human Resources,Travel_Frequently,No
E101443,52,Male,Divorced,human resources,Manager,27,1,Human Resources,Travel_Rarely,No
E101444,35,Female,Single,R&D,Healthcare Representative,20,2,,Travel_Rarely,No
E101445,34,Female,Married,research & development ,Healthcare Representative,5,1,Medical,Travel_Rarely,No
E101446,41,Female,Married,Research & Development,Healthcare Representative,23,3,Medical,Travel_Rarely,Yes
E101447,20,Male,Married,SALES,Manager,9,5,Marketing,Travel_Rarely,No
E101448,49,Male,Divorced,HR,Human Resources,26,3,Other,Travel_Rarely,No
E101449,52,Male,Married,Research & Development,Healthcare Representative,27,2,Other,Travel_Rarely,No
E101450,55,Female,Married,Research & Development,Manager,29,1,Other,Travel_Frequently,No
E101451,30,Male,Single,R&D,Manufacturing Director,16,2,Technical Degree,Non-Travel,No
E101452,42,,Single,research & development ,Laboratory Technician,22,5,Medical,Travel_Rarely,No
E101453,26,Male,Single,R&D,Manufacturing Director,14,3,Marketing,Travel_Rarely,No
E101454,21,Male,Single,R&D,Manager,22,2,Human Resources,Travel_Rarely,No
E101455,31,Female,Married,SALES,Sales Executive,8,2,Other,Travel_Rarely,Yes
E101456,54,Male,Married,research & development ,Manufacturing Director,27,5,Human Resources,Travel_Rarely,No
E101457,51,Female,Married,Sales,Sales Representative,20,1,Human Resources,Travel_Frequently,No
E101458,28,Male,Single,R&D,Healthcare Representative,19,2,Life Sciences,Travel_Rarely,Yes
E101459,58,Male,Single,SALES,Manager,14,5,Technical Degree,Travel_Rarely,No
E101460,20,Male,Married,Research & Development,Research Scientist,7,1,Marketing,Travel_Rarely,No
E101461,45,Male,Divorced,research & development ,Manager,5,1,Technical Degree,Travel_Rarely,Yes
E101462,46,Male,Single,R&D,Laboratory Technician,18,3,Life Sciences,Travel_Rarely,No
E101463,26,Female,Divorced,Research & Development,Manager,2,5,Marketing,Travel_Frequently,No
E101464,20,Male,Married,research & development ,Research Scientist,11,1,Marketing,Travel_Rarely,No
E101465,42,Female,Married,SALES,Manager,22,3,Medical,Travel_Frequently,No
E101466,51,Male,Married,Research & Development,Healthcare Representative,8,4,Technical Degree,Travel_Rarely,Yes
E101467,29,Male,Single,Research & Development,Manager,1,5,Technical Degree,Travel_Rarely,Yes
E101468,59,Female,Single,SALES,Sales Representative,27,4,Medical,Travel_Frequently,Yes
E101469,26,Male,Married,Research & Development,Healthcare Representative,22,1,Human Resources,Travel_Rarely,No
E101470,32,Male,Married,Research & Development,Laboratory Technician,12,5,Life Sciences,Travel_Rarely,No
E101471,57,Male,Divorced,research & development ,Manufacturing Director,2,3,Technical Degree,Travel_Rarely,No
E101472,42,Male,Married,SALES,Sales Representative,18,1,Medical,Travel_Rarely,No
E101473,22,Female,Single,Research & Development,Healthcare Representative,7,5,,Travel_Rarely,No
E101474,28,Male,Married,sales ,Manager,26,5,Other,Travel_Frequently,No
E101475,51,Female,Single,Sales,Sales Representative,17,4,Medical,Travel_Frequently,Yes
E101476,41,Female,Married,HR,Manager,22,1,Other,Travel_Rarely,No
E101477,32,Male,Married,R&D,Manufacturing Director,23,3,Human Resources,Travel_Rarely,Yes
E101478,55,Female,Divorced,research & development ,Laboratory Technician,14,3,Life Sciences,Travel_Frequently,No
E101479,25,Male,Divorced,Sales,Sales Representative,24,1,Other,Travel_Rarely,Yes
E101480,22,Female,Married,R&D,Research Scientist,7,1,Human Resources,Travel_Rarely,No
E101481,43,Male,Married,R&D,Research Scientist,22,2,Other,Travel_Rarely,No
E101482,35,Female,Divorced,research & development ,Research Scientist,25,4,Marketing,Travel_Rarely,Yes
E101483,23,Male,Single,research & development ,Research Scientist,29,1,Marketing,Non-Travel,No
E101484,54,Male,Single,Sales,Sales Executive,3,1,Marketing,Travel_Rarely,No
E101485,30,Female,Single,Research & Development,Research Scientist,27,2,Marketing,Travel_Frequently,No
E101486,45,Female,Single,Research & Development,Manufacturing Director,6,2,Medical,Travel_Rarely,No
E101487,22,Male,Married,Sales,Manager,20,5,Marketing,Travel_Frequently,No
E101488,30,Male,Married,Sales,Sales Executive,2,3,Marketing,Travel_Rarely,Yes
E101489,34,Female,Married,Sales,Manager,17,4,Medical,Travel_Rarely,No
E101490,57,Female,Single,sales ,Sales Executive,12,5,Marketing,Non-Travel,No
E101491,49,Female,Married,R&D,Laboratory Technician,12,1,Human Resources,Travel_Frequently,No
E101492,46,Female,Married,research & development ,Manufacturing Director,17,2,Human Resources,Non-Travel,No
E101493,20,Female,Married,sales ,Manager,27,3,Technical Degree,Travel_Rarely,No
E101494,57,Female,Married,SALES,Manager,10,5,Human Resources,Travel_Rarely,Yes
E101495,51,Male,Married,R&D,Manager,3,3,Life Sciences,Travel_Rarely,No
E101496,57,Male,Single,research & development ,Healthcare Representative,20,2,Life Sciences,Travel_Rarely,No
E101497,44,Female,Single,research & development ,Manufacturing Director,18,5,Life Sciences,Travel_Rarely,No
E101498,30,Female,Divorced,Research & Development,Laboratory Technician,13,5,Medical,Travel_Frequently,No
E101499,50,Male,Divorced,Research & Development,Research Scientist,12,3,Human Resources,Travel_Rarely,No
E100719,19,Female,Divorced,Research & Development,Manager,18,3,Human Resources,Travel_Rarely,Yes
E101436,22,Female,Single,Research & Development,Laboratory Technician,10,1,Marketing,Travel_Frequently,No
E101276,37,Male,Married,Research & Development,Healthcare Representative,13,1,Technical Degree,Travel_Rarely,No
E100069,31,Female,Single,Research & Development,Research Scientist,22,5,Life Sciences,Travel_Rarely,Yes
E100272,19,Male,Divorced,SALES,Sales Representative,6,3,Medical,Travel_Rarely,Yes
E100363,45,Female,Married,R&D,Research Scientist,4,4,Technical Degree,Travel_Rarely,No
E101476,41,Female,Married,HR,Manager,22,1,Other,Travel_Rarely,No
E100779,23,Female,Divorced,sales ,Manager,24,1,Other,Travel_Frequently,No
E100487,28,Female,Divorced,Research & Development,Manufacturing Director,9,1,Other,Travel_Rarely,No
E101114,36,Male,Divorced,research & development ,Manager,8,5,Other,Non-Travel,No
E101066,18,Female,Married,Sales,Manager,12,3,Life Sciences,Travel_Rarely,No
E100045,37,Male,Married,Research & Development,Manufacturing Director,2,4,Human Resources,Travel_Frequently,No
E101089,42,Female,Single,research & development ,Manufacturing Director,7,2,Life Sciences,Travel_Rarely,No
E100799,52,Female,Divorced,research & development ,Manager,18,1,Technical Degree,Travel_Rarely,No
E100903,60,Male,Single,research & development ,Manufacturing Director,11,2,Medical,Travel_Rarely,No
